FID,id,tunnus,kadunnimi,puistonnimi,paatyyppi,suomenknimi,suku,laji,kokoluokka,istutusvuosi,datanomistaja,paivitetty_tietopalveluun,geom
Puurekisteri_piste.8875,8875,K-64,KORPPAANMÄENTIE,,Katu,PILARITERVALEPPÄ,Alnus,glutinosa,10 - 20 cm,,Helsinki/MAKA,2026-02-27,POINT (24.891919522535442 60.20575589555073)
Puurekisteri_piste.8878,8878,K-9245,MÄKELÄNKATU,,Katu,METSÄVAAHTERA,Acer,platanoides,20 - 30 cm,,Helsinki/MAKA,2026-02-27,POINT (24.944088437404794 60.211712469199774)
Puurekisteri_piste.8881,8881,K-5390,PITKÄNSILLANRANTA,,Katu,PUISTOLEHMUS,Tilia,x vulgaris,30 - 50 cm,,Helsinki/MAKA,2026-02-27,POINT (24.947544110220928 60.177287600775564)
Puurekisteri_piste.8882,8882,K-5391,PITKÄNSILLANRANTA,,Katu,PUISTOLEHMUS,Tilia,x vulgaris,30 - 50 cm,,Helsinki/MAKA,2026-02-27,POINT (24.947670751306763 60.17726163629245)
Puurekisteri_piste.8883,8883,K-5392,PITKÄNSILLANRANTA,,Katu,PUISTOLEHMUS,Tilia,x vulgaris,30 - 50 cm,,Helsinki/MAKA,2026-02-27,POINT (24.947813070791053 60.177239886879995)
Puurekisteri_piste.8885,8885,K-5394,PITKÄNSILLANRANTA,,Katu,PUISTOLEHMUS,Tilia,x vulgaris,30 - 50 cm,,Helsinki/MAKA,2026-02-27,POINT (24.948095007299543 60.177197195933985)
Puurekisteri_piste.8042,8042,P-33016-128,,KAISANIEMENPUISTO,Puisto,AITAORAPIHLAJA,Crataegus,grayana,30 - 50 cm,,Helsinki/MAKA,2026-02-27,POINT (24.944308451459804 60.174294325298945)
Puurekisteri_piste.8043,8043,P-33016-129,,KAISANIEMENPUISTO,Puisto,AITAORAPIHLAJA,Crataegus,grayana,10 - 20 cm,,Helsinki/MAKA,2026-02-27,POINT (24.94428361468777 60.17432406409304)
Puurekisteri_piste.8044,8044,P-34019-174,,ALPPIPUISTO (ETELÄ),Puisto,TUOKSUPOPPELI,Populus,suaveolens,0 - 10 cm,,Helsinki/MAKA,2026-02-27,POINT (24.939551067285233 60.187028183599416)
Puurekisteri_piste.8045,8045,P-34019-175,,ALPPIPUISTO (ETELÄ),Puisto,TUOKSUPOPPELI,Populus,suaveolens,0 - 10 cm,,Helsinki/MAKA,2026-02-27,POINT (24.93952957506126 60.1870405456682)
Puurekisteri_piste.8046,8046,P-34019-176,,ALPPIPUISTO (ETELÄ),Puisto,METSÄHAAPA,Populus,tremula,10 - 20 cm,,Helsinki/MAKA,2026-02-27,POINT (24.939506421133544 60.187037253236866)
Puurekisteri_piste.8047,8047,P-44017-222,,KATRI VALAN PUISTO,Puisto,METSÄVAAHTERA,Acer,platanoides,0 - 10 cm,,Helsinki/MAKA,2026-02-27,POINT (24.96357698867697 60.18615712539823)
Puurekisteri_piste.8048,8048,P-44017-223,,KATRI VALAN PUISTO,Puisto,VUORIJALAVA,Ulmus,glabra,10 - 20 cm,,Helsinki/MAKA,2026-02-27,POINT (24.96347283414307 60.186181876222875)
Puurekisteri_piste.8049,8049,P-44017-224,,KATRI VALAN PUISTO,Puisto,METSÄVAAHTERA,Acer,platanoides,10 - 20 cm,,Helsinki/MAKA,2026-02-27,POINT (24.963449697732013 60.18619341876799)
Puurekisteri_piste.8050,8050,P-33054-53,,HESPERIAN ESPLANADI,Puisto,HEVOSKASTANJA,Aesculus,hippocastanum,50 - 70 cm,,Helsinki/MAKA,2026-02-27,POINT (24.926462660196233 60.1774440942024)
Puurekisteri_piste.8051,8051,P-33054-183,,HESPERIAN ESPLANADI,Puisto,DOUGLASKUUSI,Pseudotsuga,menziesii,50 - 70 cm,,Helsinki/MAKA,2026-02-27,POINT (24.91489167049294 60.17622812415128)
Puurekisteri_piste.8052,8052,P-43067-383,,TERVASAARI,Puisto,POPPELI/HAAPA,Populus,sp.,30 - 50 cm,,Helsinki/MAKA,2026-02-27,POINT (24.96715315467709 60.17332794359694)
Puurekisteri_piste.8053,8053,P-42003-94,,MYLLYRINNE,Puisto,METSÄVAAHTERA,Acer,platanoides,30 - 50 cm,,Helsinki/MAKA,2026-02-27,POINT (24.9592086742035 60.15984263283996)
Puurekisteri_piste.8054,8054,P-42003-95,,MYLLYRINNE,Puisto,METSÄVAAHTERA,Acer,platanoides,20 - 30 cm,,Helsinki/MAKA,2026-02-27,POINT (24.959267893146844 60.15986260994001)
Puurekisteri_piste.8055,8055,P-42003-96,,MYLLYRINNE,Puisto,KOTIPIHLAJA,Sorbus,aucuparia,20 - 30 cm,,Helsinki/MAKA,2026-02-27,POINT (24.95937672177246 60.15985020113052)
Puurekisteri_piste.8056,8056,P-42003-97,,MYLLYRINNE,Puisto,METSÄVAAHTERA,Acer,platanoides,30 - 50 cm,,Helsinki/MAKA,2026-02-27,POINT (24.95985459247546 60.15977865073862)
Puurekisteri_piste.8057,8057,P-44017-218,,KATRI VALAN PUISTO,Puisto,Määrittelemättä,Määrittelemättä,Määrittelemättä,10 - 20 cm,,Helsinki/MAKA,2026-02-27,POINT (24.96349918016863 60.18609147915359)
Puurekisteri_piste.8058,8058,P-44017-219,,KATRI VALAN PUISTO,Puisto,VUORIJALAVA,Ulmus,glabra,0 - 10 cm,,Helsinki/MAKA,2026-02-27,POINT (24.96358019416987 60.1860766230152)
Puurekisteri_piste.8059,8059,P-44017-220,,KATRI VALAN PUISTO,Puisto,VUORIJALAVA,Ulmus,glabra,20 - 30 cm,,Helsinki/MAKA,2026-02-27,POINT (24.96373405641692 60.186128236730625)
Puurekisteri_piste.8061,8061,K-929,RATAPIHANTIE,,Katu,VUORIJALAVA,Ulmus,glabra,10 - 20 cm,,Helsinki/MAKA,2026-02-27,POINT (24.93504747202087 60.197537033096204)
Puurekisteri_piste.8062,8062,K-9290,TURSONTIE,,Katu,RAUDUSKOIVU,Betula,pendula,30 - 50 cm,,Helsinki/MAKA,2026-02-27,POINT (24.941680211911425 60.21337042644368)
Puurekisteri_piste.8063,8063,P-43067-354,,TERVASAARI,Puisto,METSÄVAAHTERA,Acer,platanoides,0 - 10 cm,,Helsinki/MAKA,2026-02-27,POINT (24.969777534460516 60.17291001737901)
Puurekisteri_piste.8065,8065,K-9122,HERNESAARENRANTA,,Katu,PUISTOLEHMUS,Tilia,x vulgaris,10 - 20 cm,,Helsinki/MAKA,2026-02-27,POINT (24.927650709174095 60.14996339991396)
Puurekisteri_piste.8066,8066,K-9123,HERNESAARENRANTA,,Katu,PUISTOLEHMUS,Tilia,x vulgaris,10 - 20 cm,,Helsinki/MAKA,2026-02-27,POINT (24.92755608939506 60.14988405381207)
Puurekisteri_piste.8067,8067,K-7203,ITÄMERENKATU,,Katu,PUISTOLEHMUS,Tilia,x vulgaris,10 - 20 cm,,Helsinki/MAKA,2026-02-27,POINT (24.907029483272634 60.16317091683907)
Puurekisteri_piste.8068,8068,K-7204,ITÄMERENKATU,,Katu,PUISTOLEHMUS,Tilia,x vulgaris,10 - 20 cm,,Helsinki/MAKA,2026-02-27,POINT (24.906902516941237 60.16316623661791)
Puurekisteri_piste.8073,8073,K-9735,OULUNKYLÄNTIE,,Katu,METSÄVAAHTERA,Acer,platanoides,30 - 50 cm,,Helsinki/MAKA,2026-02-27,POINT (24.965136185426214 60.2225783700195)
Puurekisteri_piste.8074,8074,K-6959,BULEVARDI,,Katu,PUISTOLEHMUS,Tilia,x vulgaris,30 - 50 cm,,Helsinki/MAKA,2026-02-27,POINT (24.93457726151456 60.16355025910754)
Puurekisteri_piste.8075,8075,K-696,RAUTATIELÄISENKATU,,Katu,PYLVÄSHAAPA,Populus,tremula,0 - 10 cm,,Helsinki/MAKA,2026-02-27,POINT (24.937810249151713 60.20149543440122)
Puurekisteri_piste.8076,8076,K-6960,BULEVARDI,,Katu,METSÄVAAHTERA,Acer,platanoides,20 - 30 cm,,Helsinki/MAKA,2026-02-27,POINT (24.934166038699694 60.163412350940305)
Puurekisteri_piste.8077,8077,K-6961,BULEVARDI,,Katu,PUISTOLEHMUS,Tilia,x vulgaris,20 - 30 cm,,Helsinki/MAKA,2026-02-27,POINT (24.934019959788916 60.16336515555167)
Puurekisteri_piste.8841,8841,K-5805,,,Katu,PUISTOLEHMUS,Tilia,x vulgaris,30 - 50 cm,,Helsinki/MAKA,2026-02-27,POINT (24.94002723854254 60.17941436064944)
Puurekisteri_piste.8081,8081,P-53003-1164,,TULLISAAREN KARTANO,Puisto,METSÄVAAHTERA,Acer,platanoides,30 - 50 cm,,Helsinki/MAKA,2026-02-27,POINT (25.033954005524794 60.18089494410267)
Puurekisteri_piste.8083,8083,K-7473,POSTIKATU,,Katu,PUISTOLEHMUS,Tilia,x vulgaris,30 - 50 cm,,Helsinki/MAKA,2026-02-27,POINT (24.938791784715818 60.171090014287174)
Puurekisteri_piste.8087,8087,K-7699,ISOKAARI,,Katu,OMENAPUU,Malus,sp.,20 - 30 cm,,Helsinki/MAKA,2026-02-27,POINT (24.859651493198225 60.16176130949576)
Puurekisteri_piste.8088,8088,K-77,KORPPAANMÄENTIE,,Katu,PILARITERVALEPPÄ,Alnus,glutinosa,20 - 30 cm,,Helsinki/MAKA,2026-02-27,POINT (24.892044788462165 60.206243728960196)
Puurekisteri_piste.8089,8089,P-44017-252,,KATRI VALAN PUISTO,Puisto,METSÄMÄNTY,Pinus,sylvestris,10 - 20 cm,,Helsinki/MAKA,2026-02-27,POINT (24.965478700461716 60.18666087823659)
Puurekisteri_piste.8090,8090,P-44017-253,,KATRI VALAN PUISTO,Puisto,METSÄMÄNTY,Pinus,sylvestris,10 - 20 cm,,Helsinki/MAKA,2026-02-27,POINT (24.965520029559983 60.18665015310831)
Puurekisteri_piste.8091,8091,P-44017-246,,KATRI VALAN PUISTO,Puisto,SIPERIANSEMBRA,Pinus,cembra,10 - 20 cm,,Helsinki/MAKA,2026-02-27,POINT (24.963912333684164 60.187044577442784)
Puurekisteri_piste.8092,8092,P-32016-22,,ENSIPUISTIKKO,Puisto,METSÄVAAHTERA,Acer,platanoides,30 - 50 cm,,Helsinki/MAKA,2026-02-27,POINT (24.941283290727238 60.155438317401114)
Puurekisteri_piste.8093,8093,P-42005-970,,KAIVOPUISTO,Puisto,TERVALEPPÄ,Alnus,glutinosa,50 - 70 cm,,Helsinki/MAKA,2026-02-27,POINT (24.95417298102615 60.15667739566878)
Puurekisteri_piste.8094,8094,P-42005-971,,KAIVOPUISTO,Puisto,TERVALEPPÄ,Alnus,glutinosa,30 - 50 cm,,Helsinki/MAKA,2026-02-27,POINT (24.954234725701035 60.15661909408591)
Puurekisteri_piste.8095,8095,K-7874,SÄRKINIEMENTIE,,Katu,METSÄMÄNTY,Pinus,sylvestris,30 - 50 cm,,Helsinki/MAKA,2026-02-27,POINT (24.87675510816251 60.15377301256721)
Puurekisteri_piste.8097,8097,K-7876,ITÄLAHDENKATU,,Katu,RAUDUSKOIVU,Betula,pendula,20 - 30 cm,,Helsinki/MAKA,2026-02-27,POINT (24.88090638021567 60.150813621271084)
Puurekisteri_piste.8098,8098,K-7877,ITÄLAHDENKATU,,Katu,RAUDUSKOIVU,Betula,pendula,30 - 50 cm,,Helsinki/MAKA,2026-02-27,POINT (24.880879647387726 60.1508870316538)
Puurekisteri_piste.8100,8100,K-7601,MANNERHEIMINTIE,,Katu,PUISTOLEHMUS,Tilia,x vulgaris,10 - 20 cm,,Helsinki/MAKA,2026-02-27,POINT (24.942248349129365 60.1673091750521)
Puurekisteri_piste.8101,8101,K-7602,MANNERHEIMINTIE,,Katu,PUISTOLEHMUS,Tilia,x vulgaris,10 - 20 cm,,Helsinki/MAKA,2026-02-27,POINT (24.942144289773417 60.16738512334021)
Puurekisteri_piste.8102,8102,K-7603,MANNERHEIMINTIE,,Katu,PUISTOLEHMUS,Tilia,x vulgaris,10 - 20 cm,,Helsinki/MAKA,2026-02-27,POINT (24.9422864348723 60.1674313231125)
Puurekisteri_piste.8103,8103,K-7604,MANNERHEIMINTIE,,Katu,PUISTOLEHMUS,Tilia,x vulgaris,10 - 20 cm,,Helsinki/MAKA,2026-02-27,POINT (24.942392479286205 60.16736129811277)
Puurekisteri_piste.8104,8104,K-7852,SÄRKINIEMENTIE,,Katu,KOTIPIHLAJA,Sorbus,aucuparia,20 - 30 cm,,Helsinki/MAKA,2026-02-27,POINT (24.8764150622603 60.154399558530734)
Puurekisteri_piste.8105,8105,K-9225,MÄKELÄNKATU,,Katu,METSÄVAAHTERA,Acer,platanoides,30 - 50 cm,,Helsinki/MAKA,2026-02-27,POINT (24.944415808741198 60.210982721164044)
Puurekisteri_piste.8106,8106,K-9226,MÄKELÄNKATU,,Katu,METSÄVAAHTERA,Acer,platanoides,30 - 50 cm,,Helsinki/MAKA,2026-02-27,POINT (24.94438267774394 60.21105883742342)
Puurekisteri_piste.8109,8109,P-54037-68,,HERTTONIEMENKARTANO,Puisto,KUUSI,Picea,sp.,10 - 20 cm,,Helsinki/MAKA,2026-02-27,POINT (25.041570027871305 60.18888345641127)
Puurekisteri_piste.8110,8110,P-32008-157,,URSININKALLIO,Puisto,PUISTOLEHMUS,Tilia,x vulgaris,20 - 30 cm,,Helsinki/MAKA,2026-02-27,POINT (24.947902810290536 60.15488405676051)
Puurekisteri_piste.8111,8111,P-32008-158,,URSININKALLIO,Puisto,LEHMUS,Tilia,sp.,50 - 70 cm,,Helsinki/MAKA,2026-02-27,POINT (24.948071354025288 60.15491121092777)
Puurekisteri_piste.8112,8112,K-2900,TIETOKUJA,,Katu,METSÄLEHMUS,Tilia,cordata,10 - 20 cm,,Helsinki/MAKA,2026-02-27,POINT (24.88176736477599 60.201272221822734)
Puurekisteri_piste.8115,8115,P-53004-104,,STANSVIKINKARTANO,Puisto,RAUDUSKOIVU,Betula,pendula,30 - 50 cm,,Helsinki/MAKA,2026-02-27,POINT (25.031166454625104 60.1639788732257)
Puurekisteri_piste.8116,8116,P-53004-105,,STANSVIKINKARTANO,Puisto,RAUDUSKOIVU,Betula,pendula,10 - 20 cm,,Helsinki/MAKA,2026-02-27,POINT (25.031121440031225 60.1639595670971)
Puurekisteri_piste.8118,8118,P-53004-107,,STANSVIKINKARTANO,Puisto,METSÄVAAHTERA,Acer,platanoides,20 - 30 cm,,Helsinki/MAKA,2026-02-27,POINT (25.031033981545143 60.1639420276715)
Puurekisteri_piste.8119,8119,P-53004-108,,STANSVIKINKARTANO,Puisto,RAITA,Salix,caprea,10 - 20 cm,,Helsinki/MAKA,2026-02-27,POINT (25.0310724822261 60.16396146581525)
Puurekisteri_piste.8120,8120,P-53004-109,,STANSVIKINKARTANO,Puisto,RAITA,Salix,caprea,10 - 20 cm,,Helsinki/MAKA,2026-02-27,POINT (25.03111368103183 60.16397612411316)
Puurekisteri_piste.8121,8121,P-53004-110,,STANSVIKINKARTANO,Puisto,RAITA,Salix,caprea,20 - 30 cm,,Helsinki/MAKA,2026-02-27,POINT (25.03110098935491 60.16400511699642)
Puurekisteri_piste.8122,8122,P-53004-111,,STANSVIKINKARTANO,Puisto,RAITA,Salix,caprea,20 - 30 cm,,Helsinki/MAKA,2026-02-27,POINT (25.03104241471814 60.16398843218717)
Puurekisteri_piste.8125,8125,P-33102-10,,LAPINLAHDEN PUISTIKKO,Puisto,VUORIJALAVA,Ulmus,glabra,20 - 30 cm,,Helsinki/MAKA,2026-02-27,POINT (24.931383135116302 60.16631975497097)
Puurekisteri_piste.8126,8126,P-33102-11,,LAPINLAHDEN PUISTIKKO,Puisto,VUORIJALAVA,Ulmus,glabra,10 - 20 cm,,Helsinki/MAKA,2026-02-27,POINT (24.931676115551195 60.166281224801466)
Puurekisteri_piste.8127,8127,P-33102-12,,LAPINLAHDEN PUISTIKKO,Puisto,VUORIJALAVA,Ulmus,glabra,10 - 20 cm,,Helsinki/MAKA,2026-02-27,POINT (24.931822787887423 60.1662606598331)
Puurekisteri_piste.8128,8128,P-53003-1479,,TULLISAAREN KARTANO,Puisto,TERVALEPPÄ,Alnus,glutinosa,50 - 70 cm,,Helsinki/MAKA,2026-02-27,POINT (25.03695754285509 60.18068275927491)
Puurekisteri_piste.8129,8129,P-53003-1480,,TULLISAAREN KARTANO,Puisto,TERVALEPPÄ,Alnus,glutinosa,30 - 50 cm,,Helsinki/MAKA,2026-02-27,POINT (25.037023911341908 60.180684228614396)
Puurekisteri_piste.8130,8130,P-53003-1481,,TULLISAAREN KARTANO,Puisto,TERVALEPPÄ,Alnus,glutinosa,30 - 50 cm,,Helsinki/MAKA,2026-02-27,POINT (25.037016593990902 60.180696019644444)
Puurekisteri_piste.8131,8131,P-53003-1482,,TULLISAAREN KARTANO,Puisto,TERVALEPPÄ,Alnus,glutinosa,30 - 50 cm,,Helsinki/MAKA,2026-02-27,POINT (25.037091629689016 60.18073510502066)
Puurekisteri_piste.8139,8139,P-33054-141,,HESPERIAN ESPLANADI,Puisto,VUORIJALAVA,Ulmus,glabra,30 - 50 cm,,Helsinki/MAKA,2026-02-27,POINT (24.919266801978914 60.17615634251194)
Puurekisteri_piste.8142,8142,P-33016-109,,KAISANIEMENPUISTO,Puisto,OMENAPUU,Malus,sp.,20 - 30 cm,,Helsinki/MAKA,2026-02-27,POINT (24.94492036657466 60.17303239054386)
Puurekisteri_piste.8144,8144,P-43001-157,,LAIVASTOPUISTO,Puisto,SEMBRAMÄNTY,Pinus,cembra,0 - 10 cm,,Helsinki/MAKA,2026-02-27,POINT (24.976009196187196 60.16877316716555)
Puurekisteri_piste.8145,8145,P-43001-158,,LAIVASTOPUISTO,Puisto,SEMBRAMÄNTY,Pinus,cembra,10 - 20 cm,,Helsinki/MAKA,2026-02-27,POINT (24.976064488266505 60.16877215944524)
Puurekisteri_piste.8146,8146,P-43001-159,,LAIVASTOPUISTO,Puisto,SEMBRAMÄNTY,Pinus,cembra,0 - 10 cm,,Helsinki/MAKA,2026-02-27,POINT (24.976116855601283 60.16879281041134)
Puurekisteri_piste.8147,8147,P-53003-1492,,TULLISAAREN KARTANO,Puisto,METSÄVAAHTERA,Acer,platanoides,30 - 50 cm,,Helsinki/MAKA,2026-02-27,POINT (25.036016311643063 60.180844006997795)
Puurekisteri_piste.8149,8149,K-7436,MANNERHEIMINTIE,,Katu,PUISTOLEHMUS,Tilia,x vulgaris,10 - 20 cm,,Helsinki/MAKA,2026-02-27,POINT (24.937656960584388 60.17016229577161)
Puurekisteri_piste.8150,8150,K-7437,MANNERHEIMINTIE,,Katu,PUISTOLEHMUS,Tilia,x vulgaris,10 - 20 cm,,Helsinki/MAKA,2026-02-27,POINT (24.937526769844364 60.17025359157437)
Puurekisteri_piste.8154,8154,P-33016-288,,KAISANIEMENPUISTO,Puisto,RAUDUSKOIVU,Betula,pendula,70 cm -,,Helsinki/MAKA,2026-02-27,POINT (24.946963621818618 60.17397901154748)
Puurekisteri_piste.8156,8156,P-33016-290,,KAISANIEMENPUISTO,Puisto,HIESKOIVU,Betula,pubescens,20 - 30 cm,,Helsinki/MAKA,2026-02-27,POINT (24.94725460797996 60.17398555289804)
Puurekisteri_piste.8158,8158,K-7376,MANNERHEIMINTIE,,Katu,PUISTOLEHMUS,Tilia,x vulgaris,10 - 20 cm,,Helsinki/MAKA,2026-02-27,POINT (24.939993962024293 60.168818098101035)
Puurekisteri_piste.8159,8159,K-7377,MANNERHEIMINTIE,,Katu,PUISTOLEHMUS,Tilia,x vulgaris,10 - 20 cm,,Helsinki/MAKA,2026-02-27,POINT (24.939874764661738 60.168898713971515)
Puurekisteri_piste.8160,8160,K-7379,MANNERHEIMINTIE,,Katu,PUISTOLEHMUS,Tilia,x vulgaris,10 - 20 cm,,Helsinki/MAKA,2026-02-27,POINT (24.939471433158875 60.169170186040084)
Puurekisteri_piste.8162,8162,K-8035,EHRENSTRÖMINTIE,,Katu,METSÄVAAHTERA,Acer,platanoides,20 - 30 cm,,Helsinki/MAKA,2026-02-27,POINT (24.962804777255013 60.15685835926035)
Puurekisteri_piste.8163,8163,P-42005-982,,KAIVOPUISTO,Puisto,TERVALEPPÄ,Alnus,glutinosa,30 - 50 cm,,Helsinki/MAKA,2026-02-27,POINT (24.95430211964247 60.15688522207528)
Puurekisteri_piste.8164,8164,P-42005-983,,KAIVOPUISTO,Puisto,TERVALEPPÄ,Alnus,glutinosa,30 - 50 cm,,Helsinki/MAKA,2026-02-27,POINT (24.954405952695762 60.15690274332419)
Puurekisteri_piste.8167,8167,K-7448,PAASIKIVENAUKIO,,Katu,PUISTOLEHMUS,Tilia,x vulgaris,20 - 30 cm,,Helsinki/MAKA,2026-02-27,POINT (24.935476006429468 60.170830771824896)
Puurekisteri_piste.8168,8168,K-7449,PAASIKIVENAUKIO,,Katu,PUISTOLEHMUS,Tilia,x vulgaris,20 - 30 cm,,Helsinki/MAKA,2026-02-27,POINT (24.9354010818863 60.17088250459616)
Puurekisteri_piste.8169,8169,K-745,RATAPIHANTIE,,Katu,VUORIJALAVA,Ulmus,glabra,10 - 20 cm,,Helsinki/MAKA,2026-02-27,POINT (24.932914805443776 60.20360364475036)
Puurekisteri_piste.8170,8170,K-7450,PAASIKIVENAUKIO,,Katu,PUISTOLEHMUS,Tilia,x vulgaris,20 - 30 cm,,Helsinki/MAKA,2026-02-27,POINT (24.935329294157995 60.170935255995055)
Puurekisteri_piste.8171,8171,K-7671,MANNERHEIMINTIE,,Katu,PUISTOLEHMUS,Tilia,x vulgaris,10 - 20 cm,,Helsinki/MAKA,2026-02-27,POINT (24.94185469188168 60.167718065218665)
Puurekisteri_piste.8172,8172,K-7672,MANNERHEIMINTIE,,Katu,PUISTOLEHMUS,Tilia,x vulgaris,10 - 20 cm,,Helsinki/MAKA,2026-02-27,POINT (24.941789162379003 60.167772107213096)
Puurekisteri_piste.8239,8239,P-54037-585,,HERTTONIEMENKARTANO,Puisto,TERVALEPPÄ,Alnus,glutinosa,10 - 20 cm,,Helsinki/MAKA,2026-02-27,POINT (25.045442705926472 60.18972977698206)
Puurekisteri_piste.8240,8240,P-54037-586,,HERTTONIEMENKARTANO,Puisto,TERVALEPPÄ,Alnus,glutinosa,10 - 20 cm,,Helsinki/MAKA,2026-02-27,POINT (25.045411850280342 60.18972980602355)
Puurekisteri_piste.8241,8241,P-54037-587,,HERTTONIEMENKARTANO,Puisto,TERVALEPPÄ,Alnus,glutinosa,10 - 20 cm,,Helsinki/MAKA,2026-02-27,POINT (25.04540822367825 60.1897198010534)
Puurekisteri_piste.8242,8242,P-42005-1040,,KAIVOPUISTO,Puisto,VAAHTERA,Acer,sp.,10 - 20 cm,,Helsinki/MAKA,2026-02-27,POINT (24.96036785372747 60.15580755771786)
Puurekisteri_piste.8245,8245,P-42001-417,,TÄHTITORNIN VUORI,Puisto,RAUDUSKOIVU,Betula,pendula,30 - 50 cm,,Helsinki/MAKA,2026-02-27,POINT (24.95496007385499 60.162502944590294)
Puurekisteri_piste.8248,8248,K-1391,MAISTRAATINKATU,,Katu,METSÄTAMMI,Quercus,robur,10 - 20 cm,,Helsinki/MAKA,2026-02-27,POINT (24.92288219024403 60.19751168106986)
Puurekisteri_piste.8250,8250,P-33253-67,,TOIVO KUULAN PUISTO,Puisto,RAUDUSKOIVU,Betula,pendula,50 - 70 cm,,Helsinki/MAKA,2026-02-27,POINT (24.911796033526027 60.178508033765546)
Puurekisteri_piste.8252,8252,P-33253-69,,TOIVO KUULAN PUISTO,Puisto,RAUDUSKOIVU,Betula,pendula,30 - 50 cm,,Helsinki/MAKA,2026-02-27,POINT (24.91187502756515 60.17855874862514)
Puurekisteri_piste.8253,8253,K-4745,HELSINGINKATU,,Katu,METSÄVAAHTERA,Acer,platanoides,20 - 30 cm,,Helsinki/MAKA,2026-02-27,POINT (24.954671294833762 60.18722796881498)
Puurekisteri_piste.8254,8254,K-4236,VETURITIE,,Katu,METSÄVAAHTERA,Acer,platanoides,10 - 20 cm,,Helsinki/MAKA,2026-02-27,POINT (24.92957989430679 60.19331419081776)
Puurekisteri_piste.8255,8255,K-4258,PORVOONKATU,,Katu,PUISTOLEHMUS,Tilia,x vulgaris,20 - 30 cm,,Helsinki/MAKA,2026-02-27,POINT (24.937785354383127 60.194224464343534)
Puurekisteri_piste.25388,25388,K-39443,KALLVIKINTIE,,Katu,PUISTOLEHMUS,Tilia,x vulgaris,0 - 10 cm,,Helsinki/MAKA,2026-02-27,POINT (25.13526747360181 60.20753154484913)
Puurekisteri_piste.8257,8257,P-53004-211,,STANSVIKINKARTANO,Puisto,METSÄMÄNTY,Pinus,sylvestris,30 - 50 cm,,Helsinki/MAKA,2026-02-27,POINT (25.029290206792286 60.16256746180091)
Puurekisteri_piste.8261,8261,P-34010-50,,JOSAFATINKALLIOT,Puisto,TERVALEPPÄ,Alnus,glutinosa,10 - 20 cm,,Helsinki/MAKA,2026-02-27,POINT (24.943912298006296 60.186685081671406)
Puurekisteri_piste.8262,8262,P-34010-51,,JOSAFATINKALLIOT,Puisto,TERVALEPPÄ,Alnus,glutinosa,10 - 20 cm,,Helsinki/MAKA,2026-02-27,POINT (24.943915127983765 60.18669586949844)
Puurekisteri_piste.8263,8263,P-34010-52,,JOSAFATINKALLIOT,Puisto,TERVALEPPÄ,Alnus,glutinosa,10 - 20 cm,,Helsinki/MAKA,2026-02-27,POINT (24.94393112388501 60.18669961926363)
Puurekisteri_piste.8266,8266,P-53003-1422,,TULLISAAREN KARTANO,Puisto,RAUDUSKOIVU,Betula,pendula,30 - 50 cm,,Helsinki/MAKA,2026-02-27,POINT (25.036194878451735 60.17934572975583)
Puurekisteri_piste.8267,8267,P-53003-1423,,TULLISAAREN KARTANO,Puisto,RAUDUSKOIVU,Betula,pendula,20 - 30 cm,,Helsinki/MAKA,2026-02-27,POINT (25.0362144373889 60.17932977251498)
Puurekisteri_piste.8268,8268,P-53003-1869,,TULLISAAREN KARTANO,Puisto,METSÄKUUSI,Picea,abies,10 - 20 cm,,Helsinki/MAKA,2026-02-27,POINT (25.023482901569615 60.177570045979685)
Puurekisteri_piste.8274,8274,P-24032-120,,MUNKKINIEMEN PUISTOTIE PUISTOKAISTAT,Puisto,PUISTOLEHMUS,Tilia,x vulgaris,50 - 70 cm,,Helsinki/MAKA,2026-02-27,POINT (24.881189207813335 60.19711442705908)
Puurekisteri_piste.8275,8275,P-24032-121,,MUNKKINIEMEN PUISTOTIE PUISTOKAISTAT,Puisto,ISOLEHTILEHMUS,Tilia,platyphyllos,30 - 50 cm,,Helsinki/MAKA,2026-02-27,POINT (24.881118595796575 60.19712847930631)
Puurekisteri_piste.8277,8277,P-53003-437,,TULLISAAREN KARTANO,Puisto,RAUDUSKOIVU,Betula,pendula,20 - 30 cm,,Helsinki/MAKA,2026-02-27,POINT (25.027967712316514 60.17839169057662)
Puurekisteri_piste.8278,8278,P-53003-438,,TULLISAAREN KARTANO,Puisto,RAUDUSKOIVU,Betula,pendula,30 - 50 cm,,Helsinki/MAKA,2026-02-27,POINT (25.027976455710657 60.17841519527743)
Puurekisteri_piste.8280,8280,K-9211,KALERVONKATU,,Katu,PUISTOLEHMUS,Tilia,x vulgaris,20 - 30 cm,,Helsinki/MAKA,2026-02-27,POINT (24.946880573379637 60.21050566916119)
Puurekisteri_piste.8281,8281,K-9212,KALERVONKATU,,Katu,PUISTOLEHMUS,Tilia,x vulgaris,20 - 30 cm,,Helsinki/MAKA,2026-02-27,POINT (24.94678604282828 60.21047571041334)
Puurekisteri_piste.8282,8282,K-9213,KALERVONKATU,,Katu,PUISTOLEHMUS,Tilia,x vulgaris,20 - 30 cm,,Helsinki/MAKA,2026-02-27,POINT (24.946594849572993 60.21068397435756)
Puurekisteri_piste.8284,8284,P-44017-63,,KATRI VALAN PUISTO,Puisto,VUORIJALAVA,Ulmus,glabra,30 - 50 cm,,Helsinki/MAKA,2026-02-27,POINT (24.965031872734997 60.18631811532768)
Puurekisteri_piste.8285,8285,P-44017-64,,KATRI VALAN PUISTO,Puisto,VUORIJALAVA,Ulmus,glabra,30 - 50 cm,,Helsinki/MAKA,2026-02-27,POINT (24.96483678129109 60.186234223711324)
Puurekisteri_piste.8292,8292,P-53003-1723,,TULLISAAREN KARTANO,Puisto,VUORIJALAVA,Ulmus,glabra,0 - 10 cm,,Helsinki/MAKA,2026-02-27,POINT (25.036114225609893 60.18058134848156)
Puurekisteri_piste.8294,8294,P-53004-314,,STANSVIKINKARTANO,Puisto,METSÄMÄNTY,Pinus,sylvestris,50 - 70 cm,,Helsinki/MAKA,2026-02-27,POINT (25.028122791378813 60.16489983328088)
Puurekisteri_piste.8297,8297,P-44017-4,,KATRI VALAN PUISTO,Puisto,RUOTSINPIHLAJA,Sorbus,intermedia,30 - 50 cm,,Helsinki/MAKA,2026-02-27,POINT (24.962767282721913 60.18725565440748)
Puurekisteri_piste.8298,8298,P-44017-5,,KATRI VALAN PUISTO,Puisto,RUOTSINPIHLAJA,Sorbus,intermedia,30 - 50 cm,,Helsinki/MAKA,2026-02-27,POINT (24.962793408901664 60.1872319306339)
Puurekisteri_piste.8300,8300,P-42003-83,,MYLLYRINNE,Puisto,METSÄVAAHTERA,Acer,platanoides,30 - 50 cm,,Helsinki/MAKA,2026-02-27,POINT (24.959356483987442 60.15969072503845)
Puurekisteri_piste.8301,8301,P-44017-124,,KATRI VALAN PUISTO,Puisto,VUORIJALAVA,Ulmus,glabra,10 - 20 cm,,Helsinki/MAKA,2026-02-27,POINT (24.963308016323328 60.18735440003059)
Puurekisteri_piste.8302,8302,P-44017-125,,KATRI VALAN PUISTO,Puisto,TARHAOMENAPUU,Malus,domestica,20 - 30 cm,,Helsinki/MAKA,2026-02-27,POINT (24.963300635369208 60.18690698507733)
Puurekisteri_piste.8303,8303,P-44017-126,,KATRI VALAN PUISTO,Puisto,OMENAPUU,Malus,sp.,10 - 20 cm,,Helsinki/MAKA,2026-02-27,POINT (24.963487653067304 60.186945478098515)
Puurekisteri_piste.8304,8304,P-44017-127,,KATRI VALAN PUISTO,Puisto,MUSTAMARJAORAPIHLAJA,Crataegus,douglasii,30 - 50 cm,,Helsinki/MAKA,2026-02-27,POINT (24.96361053934709 60.18697190476294)
Puurekisteri_piste.8305,8305,P-44017-128,,KATRI VALAN PUISTO,Puisto,MUSTAMARJAORAPIHLAJA,Crataegus,douglasii,30 - 50 cm,,Helsinki/MAKA,2026-02-27,POINT (24.963590155520563 60.186977329769896)
Puurekisteri_piste.8173,8173,K-7674,MANNERHEIMINTIE,,Katu,PUISTOLEHMUS,Tilia,x vulgaris,10 - 20 cm,,Helsinki/MAKA,2026-02-27,POINT (24.941544836583997 60.16792894512981)
Puurekisteri_piste.8175,8175,P-43067-129,,TERVASAARI,Puisto,RAUDUSKOIVU,Betula,pendula,10 - 20 cm,,Helsinki/MAKA,2026-02-27,POINT (24.96925777209729 60.17427545706085)
Puurekisteri_piste.8176,8176,P-43067-130,,TERVASAARI,Puisto,RAUDUSKOIVU,Betula,pendula,20 - 30 cm,,Helsinki/MAKA,2026-02-27,POINT (24.969341899467345 60.17425905246107)
Puurekisteri_piste.8181,8181,P-42002-15,,ULLANPUISTIKKO,Puisto,VUORIJALAVA,Ulmus,glabra,70 cm -,,Helsinki/MAKA,2026-02-27,POINT (24.95277868323563 60.16051340894933)
Puurekisteri_piste.8183,8183,P-44017-172,,KATRI VALAN PUISTO,Puisto,PUNASAARNI,Fraxinus,pennsylvanica,0 - 10 cm,,Helsinki/MAKA,2026-02-27,POINT (24.964620766576214 60.18560334384678)
Puurekisteri_piste.8184,8184,P-44017-173,,KATRI VALAN PUISTO,Puisto,VUORIJALAVA,Ulmus,glabra,0 - 10 cm,,Helsinki/MAKA,2026-02-27,POINT (24.964276808587087 60.185615899157554)
Puurekisteri_piste.8186,8186,K-7353,OTAVANTIE,,Katu,RAUDUSKOIVU,Betula,pendula,20 - 30 cm,,Helsinki/MAKA,2026-02-27,POINT (24.879363738249477 60.158270857083615)
Puurekisteri_piste.8187,8187,K-7354,OTAVANTIE,,Katu,RAUDUSKOIVU,Betula,pendula,30 - 50 cm,,Helsinki/MAKA,2026-02-27,POINT (24.879344910603674 60.15820721604477)
Puurekisteri_piste.8188,8188,K-7355,OTAVANTIE,,Katu,RAUDUSKOIVU,Betula,pendula,20 - 30 cm,,Helsinki/MAKA,2026-02-27,POINT (24.879308083976586 60.158137286655794)
Puurekisteri_piste.8238,8238,P-54037-584,,HERTTONIEMENKARTANO,Puisto,TERVALEPPÄ,Alnus,glutinosa,10 - 20 cm,,Helsinki/MAKA,2026-02-27,POINT (25.045406155715252 60.18974196486501)
Puurekisteri_piste.8821,8821,P-33016-402,,KAISANIEMENPUISTO,Puisto,LEHTOSAARNI,Fraxinus,excelsior,30 - 50 cm,,Helsinki/MAKA,2026-02-27,POINT (24.94669279083848 60.17371482708601)
Puurekisteri_piste.8822,8822,P-33016-403,,KAISANIEMENPUISTO,Puisto,VUORIJALAVA,Ulmus,glabra,70 cm -,,Helsinki/MAKA,2026-02-27,POINT (24.946727628488144 60.17381381267481)
Puurekisteri_piste.8824,8824,P-33016-405,,KAISANIEMENPUISTO,Puisto,METSÄVAAHTERA,Acer,platanoides,70 cm -,,Helsinki/MAKA,2026-02-27,POINT (24.946340146900045 60.173808856028444)
Puurekisteri_piste.8825,8825,P-33016-406,,KAISANIEMENPUISTO,Puisto,VUORIJALAVA,Ulmus,glabra,20 - 30 cm,,Helsinki/MAKA,2026-02-27,POINT (24.946356825376892 60.1737601814007)
Puurekisteri_piste.8826,8826,P-32008-103,,URSININKALLIO,Puisto,ISOLEHTILEHMUS,Tilia,platyphyllos,20 - 30 cm,,Helsinki/MAKA,2026-02-27,POINT (24.940621622773758 60.1541254187154)
Puurekisteri_piste.8828,8828,P-33054-16,,HESPERIAN ESPLANADI,Puisto,HEVOSKASTANJA,Aesculus,hippocastanum,50 - 70 cm,,Helsinki/MAKA,2026-02-27,POINT (24.926671466932422 60.17725936736335)
Puurekisteri_piste.8829,8829,P-33054-17,,HESPERIAN ESPLANADI,Puisto,HEVOSKASTANJA,Aesculus,hippocastanum,50 - 70 cm,,Helsinki/MAKA,2026-02-27,POINT (24.926389726642174 60.17722629874264)
Puurekisteri_piste.8830,8830,P-33016-330,,KAISANIEMENPUISTO,Puisto,METSÄVAAHTERA,Acer,platanoides,50 - 70 cm,,Helsinki/MAKA,2026-02-27,POINT (24.949187499351233 60.174135031722976)
Puurekisteri_piste.8831,8831,K-7495,BULEVARDI,,Katu,METSÄVAAHTERA,Acer,platanoides,20 - 30 cm,,Helsinki/MAKA,2026-02-27,POINT (24.935278131252954 60.163784798604325)
Puurekisteri_piste.8833,8833,P-34019-132,,ALPPIPUISTO (ETELÄ),Puisto,VUORIJALAVA,Ulmus,glabra,10 - 20 cm,,Helsinki/MAKA,2026-02-27,POINT (24.940558787352234 60.186944090644765)
Puurekisteri_piste.8834,8834,P-34019-133,,ALPPIPUISTO (ETELÄ),Puisto,PAPERIKOIVU,Betula,papyrifera,20 - 30 cm,,Helsinki/MAKA,2026-02-27,POINT (24.94068323810555 60.1869535506819)
Puurekisteri_piste.8836,8836,K-6692,FREDRIKINKATU,,Katu,PUISTOLEHMUS,Tilia,x vulgaris,10 - 20 cm,,Helsinki/MAKA,2026-02-27,POINT (24.93208236219414 60.16770913068241)
Puurekisteri_piste.8850,8850,K-373,VÄINÖ AUERIN KATU,,Katu,SUOMENPIHLAJA,Sorbus,hybrida,10 - 20 cm,,Helsinki/MAKA,2026-02-27,POINT (24.963908217279595 60.20682627821752)
Puurekisteri_piste.8853,8853,K-817,RATAMESTARINKATU,,Katu,PUISTOLEHMUS,Tilia,x vulgaris,20 - 30 cm,,Helsinki/MAKA,2026-02-27,POINT (24.939729046922622 60.19958738459995)
Puurekisteri_piste.8854,8854,K-7569,BULEVARDI,,Katu,METSÄVAAHTERA,Acer,platanoides,10 - 20 cm,,Helsinki/MAKA,2026-02-27,POINT (24.942160076982184 60.166189247254636)
Puurekisteri_piste.8855,8855,K-757,RATAPIHANTIE,,Katu,VUORIJALAVA,Ulmus,glabra,10 - 20 cm,,Helsinki/MAKA,2026-02-27,POINT (24.933038357621346 60.20273958266802)
Puurekisteri_piste.8856,8856,K-7570,BULEVARDI,,Katu,METSÄVAAHTERA,Acer,platanoides,10 - 20 cm,,Helsinki/MAKA,2026-02-27,POINT (24.94227951890049 60.16622979627391)
Puurekisteri_piste.8857,8857,K-7571,BULEVARDI,,Katu,METSÄVAAHTERA,Acer,platanoides,20 - 30 cm,,Helsinki/MAKA,2026-02-27,POINT (24.942424718401227 60.16627186674643)
Puurekisteri_piste.8863,8863,K-4434,ALEKSIS KIVEN KATU,,Katu,PUISTOLEHMUS,Tilia,x vulgaris,30 - 50 cm,,Helsinki/MAKA,2026-02-27,POINT (24.9450775211115 60.19253802776541)
Puurekisteri_piste.8865,8865,K-4436,ALEKSIS KIVEN KATU,,Katu,PUISTOLEHMUS,Tilia,x vulgaris,30 - 50 cm,,Helsinki/MAKA,2026-02-27,POINT (24.944803972255457 60.192649999934815)
Puurekisteri_piste.8866,8866,K-4437,ALEKSIS KIVEN KATU,,Katu,PUISTOLEHMUS,Tilia,x vulgaris,30 - 50 cm,,Helsinki/MAKA,2026-02-27,POINT (24.944520693252304 60.19276978180984)
Puurekisteri_piste.8867,8867,K-4438,KOTKANKATU,,Katu,RAUDUSKOIVU,Betula,pendula,20 - 30 cm,,Helsinki/MAKA,2026-02-27,POINT (24.943845923779666 60.19268490567859)
Puurekisteri_piste.8868,8868,K-6291,HIETANIEMENKATU,,Katu,RAUDUSKOIVU,Betula,pendula,30 - 50 cm,,Helsinki/MAKA,2026-02-27,POINT (24.919426511409057 60.170086985417754)
Puurekisteri_piste.8869,8869,K-5017,PORTHANINRINNE,,Katu,PUISTOLEHMUS,Tilia,x vulgaris,10 - 20 cm,,Helsinki/MAKA,2026-02-27,POINT (24.94902041816481 60.1807873972371)
Puurekisteri_piste.8870,8870,K-5018,SILTASAARENKATU,,Katu,PUISTOLEHMUS,Tilia,x vulgaris,10 - 20 cm,,Helsinki/MAKA,2026-02-27,POINT (24.949130519008733 60.1807905149464)
Puurekisteri_piste.8871,8871,K-5019,SILTASAARENKATU,,Katu,PUISTOLEHMUS,Tilia,x vulgaris,10 - 20 cm,,Helsinki/MAKA,2026-02-27,POINT (24.949261881271767 60.18079201241663)
Puurekisteri_piste.8191,8191,P-32016-27,,ENSIPUISTIKKO,Puisto,JALOPÄHKINÄ,Juglans,sp.,0 - 10 cm,,Helsinki/MAKA,2026-02-27,POINT (24.941412542117778 60.15581554184866)
Puurekisteri_piste.8193,8193,K-9337,POHJOLANKATU,,Katu,PUISTOLEHMUS,Tilia,x vulgaris,50 - 70 cm,,Helsinki/MAKA,2026-02-27,POINT (24.946139804427002 60.214394888890546)
Puurekisteri_piste.8194,8194,K-9338,POHJOLANKATU,,Katu,PUISTOLEHMUS,Tilia,x vulgaris,30 - 50 cm,,Helsinki/MAKA,2026-02-27,POINT (24.946288300801083 60.21445319950157)
Puurekisteri_piste.8195,8195,K-9649,POHJOLANKATU,,Katu,PUISTOLEHMUS,Tilia,x vulgaris,0 - 10 cm,,Helsinki/MAKA,2026-02-27,POINT (24.95701012314036 60.21784935727894)
Puurekisteri_piste.8196,8196,K-9650,POHJOLANKATU,,Katu,PUISTOLEHMUS,Tilia,x vulgaris,0 - 10 cm,,Helsinki/MAKA,2026-02-27,POINT (24.956851688197673 60.21780703736739)
Puurekisteri_piste.8197,8197,K-9651,POHJOLANKATU,,Katu,PUISTOLEHMUS,Tilia,x vulgaris,0 - 10 cm,,Helsinki/MAKA,2026-02-27,POINT (24.956703168053057 60.21775798312821)
Puurekisteri_piste.8198,8198,K-9652,KÄPYLÄNTIE,,Katu,PUISTOLEHMUS,Tilia,x vulgaris,30 - 50 cm,,Helsinki/MAKA,2026-02-27,POINT (24.96134466060135 60.21913191995325)
Puurekisteri_piste.25389,25389,K-39444,KALLVIKINTIE,,Katu,PUISTOLEHMUS,Tilia,x vulgaris,0 - 10 cm,,Helsinki/MAKA,2026-02-27,POINT (25.13498756521855 60.20714157101698)
Puurekisteri_piste.8199,8199,K-9653,KÄPYLÄNTIE,,Katu,PUISTOLEHMUS,Tilia,x vulgaris,30 - 50 cm,,Helsinki/MAKA,2026-02-27,POINT (24.961305056046804 60.21919996460967)
Puurekisteri_piste.8202,8202,P-32031-136,,SINEBRYCHOFFIN PUISTO,Puisto,METSÄTAMMI,Quercus,robur,10 - 20 cm,,Helsinki/MAKA,2026-02-27,POINT (24.934765121151635 60.1610506734724)
Puurekisteri_piste.8204,8204,P-32031-138,,SINEBRYCHOFFIN PUISTO,Puisto,METSÄVAAHTERA,Acer,platanoides,30 - 50 cm,,Helsinki/MAKA,2026-02-27,POINT (24.93465935766344 60.16094256868625)
Puurekisteri_piste.8206,8206,P-32001-29,,VUORIMIEHENPUISTIKKO,Puisto,PUISTOLEHMUS,Tilia,x vulgaris,10 - 20 cm,,Helsinki/MAKA,2026-02-27,POINT (24.948526100359757 60.15896174873927)
Puurekisteri_piste.8207,8207,P-32016-24,,ENSIPUISTIKKO,Puisto,KARTIOJALAVA,Ulmus,glabra,30 - 50 cm,,Helsinki/MAKA,2026-02-27,POINT (24.941696885433025 60.15569705992584)
Puurekisteri_piste.8653,8653,P-33016-5,,KAISANIEMENPUISTO,Puisto,POPPELI/HAAPA,Populus,sp.,20 - 30 cm,,Helsinki/MAKA,2026-02-27,POINT (24.94119556870212 60.17724736115919)
Puurekisteri_piste.8654,8654,P-33016-6,,KAISANIEMENPUISTO,Puisto,BERLIININPOPPELI,Populus,x berolinensis,50 - 70 cm,,Helsinki/MAKA,2026-02-27,POINT (24.941500489193597 60.17718701903084)
Puurekisteri_piste.8655,8655,P-33016-7,,KAISANIEMENPUISTO,Puisto,SIPERIANLEHTIKUUSI,Larix,sibirica,50 - 70 cm,,Helsinki/MAKA,2026-02-27,POINT (24.941366172772852 60.17708049232526)
Puurekisteri_piste.8657,8657,K-6323,HIETANIEMENKATU,,Katu,RAUDUSKOIVU,Betula,pendula,20 - 30 cm,,Helsinki/MAKA,2026-02-27,POINT (24.91553565491065 60.17127282786589)
Puurekisteri_piste.8658,8658,K-6324,HIETANIEMENKATU,,Katu,RAUDUSKOIVU,Betula,pendula,20 - 30 cm,,Helsinki/MAKA,2026-02-27,POINT (24.915429546207278 60.17130809681273)
Puurekisteri_piste.8659,8659,P-44017-207,,KATRI VALAN PUISTO,Puisto,VUORIJALAVA,Ulmus,glabra,20 - 30 cm,,Helsinki/MAKA,2026-02-27,POINT (24.96350048996272 60.18582864664806)
Puurekisteri_piste.8666,8666,K-806,RADANRAKENTAJANTIE,,Katu,VUORIJALAVA,Ulmus,glabra,20 - 30 cm,,Helsinki/MAKA,2026-02-27,POINT (24.940416504805007 60.20016556160552)
Puurekisteri_piste.8669,8669,P-53003-756,,TULLISAAREN KARTANO,Puisto,ISOLEHTILEHMUS,Tilia,platyphyllos,30 - 50 cm,,Helsinki/MAKA,2026-02-27,POINT (25.030426193056343 60.18071487047003)
Puurekisteri_piste.8670,8670,P-34019-41,,ALPPIPUISTO (ETELÄ),Puisto,OMENAPUU,Malus,sp.,10 - 20 cm,,Helsinki/MAKA,2026-02-27,POINT (24.94225113005097 60.18689432007487)
Puurekisteri_piste.8671,8671,P-43001-278,,LAIVASTOPUISTO,Puisto,TERVALEPPÄ,Alnus,glutinosa,10 - 20 cm,,Helsinki/MAKA,2026-02-27,POINT (24.979388140617242 60.16734380266755)
Puurekisteri_piste.8672,8672,P-43001-279,,LAIVASTOPUISTO,Puisto,METSÄTAMMI,Quercus,robur,10 - 20 cm,,Helsinki/MAKA,2026-02-27,POINT (24.979363989796255 60.16729114969259)
Puurekisteri_piste.8674,8674,K-750,RATAPIHANTIE,,Katu,VUORIJALAVA,Ulmus,glabra,10 - 20 cm,,Helsinki/MAKA,2026-02-27,POINT (24.932957764179392 60.20323780820824)
Puurekisteri_piste.8675,8675,K-7500,BULEVARDI,,Katu,PUISTOLEHMUS,Tilia,x vulgaris,30 - 50 cm,,Helsinki/MAKA,2026-02-27,POINT (24.935890752685822 60.164000945154484)
Puurekisteri_piste.8677,8677,K-7724,ISOKAARI,,Katu,OMENAPUU,Malus,sp.,10 - 20 cm,,Helsinki/MAKA,2026-02-27,POINT (24.860196704136637 60.160440837809816)
Puurekisteri_piste.8682,8682,P-43001-160,,LAIVASTOPUISTO,Puisto,SEMBRAMÄNTY,Pinus,cembra,10 - 20 cm,,Helsinki/MAKA,2026-02-27,POINT (24.976178043839443 60.16877506476098)
Puurekisteri_piste.8683,8683,P-43001-161,,LAIVASTOPUISTO,Puisto,SEMBRAMÄNTY,Pinus,cembra,10 - 20 cm,,Helsinki/MAKA,2026-02-27,POINT (24.97625999825376 60.1687750303687)
Puurekisteri_piste.8684,8684,P-43001-162,,LAIVASTOPUISTO,Puisto,SEMBRAMÄNTY,Pinus,cembra,10 - 20 cm,,Helsinki/MAKA,2026-02-27,POINT (24.976331088480055 60.16877352404244)
Puurekisteri_piste.8685,8685,P-43001-163,,LAIVASTOPUISTO,Puisto,SERBIANKUUSI,Picea,omorika,10 - 20 cm,,Helsinki/MAKA,2026-02-27,POINT (24.9765241771036 60.16874538670797)
Puurekisteri_piste.8691,8691,P-44017-291,,KATRI VALAN PUISTO,Puisto,VUORIJALAVA,Ulmus,glabra,10 - 20 cm,,Helsinki/MAKA,2026-02-27,POINT (24.965717941157763 60.18638124218991)
Puurekisteri_piste.8694,8694,P-33102-23,,LAPINLAHDEN PUISTIKKO,Puisto,OMENAPUU,Malus,sp.,20 - 30 cm,,Helsinki/MAKA,2026-02-27,POINT (24.9317578313381 60.16619073939525)
Puurekisteri_piste.8695,8695,P-33102-24,,LAPINLAHDEN PUISTIKKO,Puisto,OMENAPUU,Malus,sp.,20 - 30 cm,,Helsinki/MAKA,2026-02-27,POINT (24.931558030428878 60.16623603484837)
Puurekisteri_piste.8696,8696,P-44017-138,,KATRI VALAN PUISTO,Puisto,RUOTSINPIHLAJA,Sorbus,intermedia,10 - 20 cm,,Helsinki/MAKA,2026-02-27,POINT (24.964009570771267 60.18678971868443)
Puurekisteri_piste.8697,8697,P-44017-139,,KATRI VALAN PUISTO,Puisto,VUORIJALAVA,Ulmus,glabra,20 - 30 cm,,Helsinki/MAKA,2026-02-27,POINT (24.96409928561656 60.18678291651821)
Puurekisteri_piste.8698,8698,P-33016-38,,KAISANIEMENPUISTO,Puisto,HIESKOIVU,Betula,pubescens,30 - 50 cm,,Helsinki/MAKA,2026-02-27,POINT (24.942130421852852 60.175616298964385)
Puurekisteri_piste.8700,8700,P-33016-40,,KAISANIEMENPUISTO,Puisto,METSÄVAAHTERA,Acer,platanoides,50 - 70 cm,,Helsinki/MAKA,2026-02-27,POINT (24.942138595544115 60.17544235230286)
Puurekisteri_piste.8701,8701,P-33016-41,,KAISANIEMENPUISTO,Puisto,LEHTIKUUSI,Larix,sp.,30 - 50 cm,,Helsinki/MAKA,2026-02-27,POINT (24.94218486483449 60.175238500844294)
Puurekisteri_piste.8793,8793,P-34019-145,,ALPPIPUISTO (ETELÄ),Puisto,KUJASALAVA,Salix,x rubens,30 - 50 cm,,Helsinki/MAKA,2026-02-27,POINT (24.939895012473073 60.18653483590232)
Puurekisteri_piste.8794,8794,P-34019-146,,ALPPIPUISTO (ETELÄ),Puisto,KUJASALAVA,Salix,x rubens,50 - 70 cm,,Helsinki/MAKA,2026-02-27,POINT (24.939839285193774 60.18658729209969)
Puurekisteri_piste.8795,8795,P-34019-147,,ALPPIPUISTO (ETELÄ),Puisto,RAUDUSKOIVU,Betula,pendula,0 - 10 cm,,Helsinki/MAKA,2026-02-27,POINT (24.940127799836613 60.186528698623995)
Puurekisteri_piste.8799,8799,P-53003-1170,,TULLISAAREN KARTANO,Puisto,METSÄMÄNTY,Pinus,sylvestris,30 - 50 cm,,Helsinki/MAKA,2026-02-27,POINT (25.033876323931217 60.18079661217186)
Puurekisteri_piste.8800,8800,P-53003-1171,,TULLISAAREN KARTANO,Puisto,METSÄMÄNTY,Pinus,sylvestris,30 - 50 cm,,Helsinki/MAKA,2026-02-27,POINT (25.03383052698653 60.180809487811544)
Puurekisteri_piste.8802,8802,K-673,RATAMESTARINKATU,,Katu,PUISTOLEHMUS,Tilia,x vulgaris,20 - 30 cm,,Helsinki/MAKA,2026-02-27,POINT (24.93912179488648 60.20084374182401)
Puurekisteri_piste.8808,8808,P-53003-1008,,TULLISAAREN KARTANO,Puisto,METSÄMÄNTY,Pinus,sylvestris,30 - 50 cm,,Helsinki/MAKA,2026-02-27,POINT (25.031145907607897 60.181082000485745)
Puurekisteri_piste.8809,8809,P-53003-1009,,TULLISAAREN KARTANO,Puisto,METSÄMÄNTY,Pinus,sylvestris,30 - 50 cm,,Helsinki/MAKA,2026-02-27,POINT (25.031089351095066 60.18110922761251)
Puurekisteri_piste.8810,8810,P-53003-1010,,TULLISAAREN KARTANO,Puisto,METSÄMÄNTY,Pinus,sylvestris,50 - 70 cm,,Helsinki/MAKA,2026-02-27,POINT (25.031271718377724 60.18109654326199)
Puurekisteri_piste.8812,8812,P-43067-221,,TERVASAARI,Puisto,RAUDUSKOIVU,Betula,pendula,20 - 30 cm,,Helsinki/MAKA,2026-02-27,POINT (24.97007203638495 60.173553025954156)
Puurekisteri_piste.8813,8813,P-43067-222,,TERVASAARI,Puisto,KOTIPIHLAJA,Sorbus,aucuparia,0 - 10 cm,,Helsinki/MAKA,2026-02-27,POINT (24.970115953868348 60.17374667019479)
Puurekisteri_piste.8814,8814,P-43067-223,,TERVASAARI,Puisto,KOTIPIHLAJA,Sorbus,aucuparia,0 - 10 cm,,Helsinki/MAKA,2026-02-27,POINT (24.970087504498423 60.17376748653349)
Puurekisteri_piste.8815,8815,K-9742,OULUNKYLÄNTIE,,Katu,METSÄVAAHTERA,Acer,platanoides,20 - 30 cm,,Helsinki/MAKA,2026-02-27,POINT (24.965726915500415 60.22312305862546)
Puurekisteri_piste.8816,8816,K-9743,OULUNKYLÄNTIE,,Katu,METSÄVAAHTERA,Acer,platanoides,20 - 30 cm,,Helsinki/MAKA,2026-02-27,POINT (24.965815787004203 60.22319725379906)
Puurekisteri_piste.8817,8817,K-9744,OULUNKYLÄNTIE,,Katu,METSÄVAAHTERA,Acer,platanoides,30 - 50 cm,,Helsinki/MAKA,2026-02-27,POINT (24.965904846527213 60.22327665448458)
Puurekisteri_piste.8819,8819,P-53003-1914,,TULLISAAREN KARTANO,Puisto,METSÄMÄNTY,Pinus,sylvestris,20 - 30 cm,,Helsinki/MAKA,2026-02-27,POINT (25.023836268471683 60.17734913968991)
Puurekisteri_piste.8820,8820,P-53003-1915,,TULLISAAREN KARTANO,Puisto,METSÄKUUSI,Picea,abies,30 - 50 cm,,Helsinki/MAKA,2026-02-27,POINT (25.02382068868821 60.17732097825917)
Puurekisteri_piste.8306,8306,P-44017-129,,KATRI VALAN PUISTO,Puisto,MUSTAMARJAORAPIHLAJA,Crataegus,douglasii,30 - 50 cm,,Helsinki/MAKA,2026-02-27,POINT (24.963579315977427 60.187005778727276)
Puurekisteri_piste.8307,8307,P-44017-130,,KATRI VALAN PUISTO,Puisto,MUSTAMARJAORAPIHLAJA,Crataegus,douglasii,30 - 50 cm,,Helsinki/MAKA,2026-02-27,POINT (24.963613314763926 60.18701457248026)
Puurekisteri_piste.8309,8309,K-5715,KAISANIEMENRANTA,,Katu,PUISTOLEHMUS,Tilia,x vulgaris,70 cm -,,Helsinki/MAKA,2026-02-27,POINT (24.945116369083355 60.17617841757193)
Puurekisteri_piste.8310,8310,K-5716,KAISANIEMENRANTA,,Katu,PUISTOLEHMUS,Tilia,x vulgaris,70 cm -,,Helsinki/MAKA,2026-02-27,POINT (24.94497597272385 60.17619748843375)
Puurekisteri_piste.8313,8313,K-572,MÄKELÄNKATU,,Katu,PUISTOLEHMUS,Tilia,x vulgaris,30 - 50 cm,,Helsinki/MAKA,2026-02-27,POINT (24.94528987994605 60.20384559920694)
Puurekisteri_piste.8314,8314,K-5720,KAISANIEMENRANTA,,Katu,PUISTOLEHMUS,Tilia,x vulgaris,30 - 50 cm,,Helsinki/MAKA,2026-02-27,POINT (24.94443571896514 60.17625666254455)
Puurekisteri_piste.8315,8315,K-5721,KAISANIEMENRANTA,,Katu,PUISTOLEHMUS,Tilia,x vulgaris,50 - 70 cm,,Helsinki/MAKA,2026-02-27,POINT (24.944297006024673 60.17628002325518)
Puurekisteri_piste.8317,8317,P-43067-181,,TERVASAARI,Puisto,TERVALEPPÄ,Alnus,glutinosa,20 - 30 cm,,Helsinki/MAKA,2026-02-27,POINT (24.969572801491697 60.17396818022757)
Puurekisteri_piste.8318,8318,P-43067-182,,TERVASAARI,Puisto,TERVALEPPÄ,Alnus,glutinosa,10 - 20 cm,,Helsinki/MAKA,2026-02-27,POINT (24.96947055701958 60.17395206416306)
Puurekisteri_piste.8321,8321,P-34019-31,,ALPPIPUISTO (ETELÄ),Puisto,RAUDUSKOIVU,Betula,pendula,20 - 30 cm,,Helsinki/MAKA,2026-02-27,POINT (24.942707692881115 60.18706545501277)
Puurekisteri_piste.8323,8323,K-770,RATAPIHANTIE,,Katu,VUORIJALAVA,Ulmus,glabra,10 - 20 cm,,Helsinki/MAKA,2026-02-27,POINT (24.933785508953136 60.2007686275947)
Puurekisteri_piste.8324,8324,K-7700,ISOKAARI,,Katu,OMENAPUU,Malus,sp.,10 - 20 cm,,Helsinki/MAKA,2026-02-27,POINT (24.85967876203826 60.16172057398844)
Puurekisteri_piste.8375,8375,P-43067-189,,TERVASAARI,Puisto,VUORIJALAVA,Ulmus,glabra,0 - 10 cm,,Helsinki/MAKA,2026-02-27,POINT (24.96944398453634 60.173692741748596)
Puurekisteri_piste.8376,8376,P-43067-190,,TERVASAARI,Puisto,VUORIJALAVA,Ulmus,glabra,0 - 10 cm,,Helsinki/MAKA,2026-02-27,POINT (24.969495059259778 60.173669113322454)
Puurekisteri_piste.8377,8377,P-43067-191,,TERVASAARI,Puisto,RAUDUSKOIVU,Betula,pendula,20 - 30 cm,,Helsinki/MAKA,2026-02-27,POINT (24.96959075344509 60.17347659849762)
Puurekisteri_piste.8378,8378,P-43067-192,,TERVASAARI,Puisto,RAUDUSKOIVU,Betula,pendula,10 - 20 cm,,Helsinki/MAKA,2026-02-27,POINT (24.969583275296085 60.17347660126074)
Puurekisteri_piste.8379,8379,P-43067-193,,TERVASAARI,Puisto,RAUDUSKOIVU,Betula,pendula,20 - 30 cm,,Helsinki/MAKA,2026-02-27,POINT (24.969589501241956 60.1734728715024)
Puurekisteri_piste.8380,8380,P-43067-194,,TERVASAARI,Puisto,RAUDUSKOIVU,Betula,pendula,20 - 30 cm,,Helsinki/MAKA,2026-02-27,POINT (24.969582024936006 60.17347411645696)
Puurekisteri_piste.8381,8381,P-43067-195,,TERVASAARI,Puisto,POPPELI/HAAPA,Populus,sp.,20 - 30 cm,,Helsinki/MAKA,2026-02-27,POINT (24.969510911565237 60.173434380215845)
Puurekisteri_piste.8382,8382,P-44017-167,,KATRI VALAN PUISTO,Puisto,ISOPOPPELI,Populus,x generosa,30 - 50 cm,,Helsinki/MAKA,2026-02-27,POINT (24.965257738513383 60.18629720327834)
Puurekisteri_piste.8383,8383,P-44017-168,,KATRI VALAN PUISTO,Puisto,METSÄVAAHTERA,Acer,platanoides,10 - 20 cm,,Helsinki/MAKA,2026-02-27,POINT (24.965343812415302 60.186354849603234)
Puurekisteri_piste.8384,8384,P-44017-169,,KATRI VALAN PUISTO,Puisto,LEHTOSAARNI,Fraxinus,excelsior,10 - 20 cm,,Helsinki/MAKA,2026-02-27,POINT (24.964485225846282 60.18565117602046)
Puurekisteri_piste.8387,8387,P-42005-910,,KAIVOPUISTO,Puisto,TERVALEPPÄ,Alnus,glutinosa,20 - 30 cm,,Helsinki/MAKA,2026-02-27,POINT (24.95420672691464 60.1571698716726)
Puurekisteri_piste.8388,8388,P-42005-911,,KAIVOPUISTO,Puisto,TERVALEPPÄ,Alnus,glutinosa,10 - 20 cm,,Helsinki/MAKA,2026-02-27,POINT (24.953895993792337 60.157285441347774)
Puurekisteri_piste.8389,8389,P-42005-912,,KAIVOPUISTO,Puisto,TERVALEPPÄ,Alnus,glutinosa,30 - 50 cm,,Helsinki/MAKA,2026-02-27,POINT (24.95391590843554 60.157348956670056)
Puurekisteri_piste.8390,8390,P-42005-913,,KAIVOPUISTO,Puisto,METSÄVAAHTERA,Acer,platanoides,10 - 20 cm,,Helsinki/MAKA,2026-02-27,POINT (24.95374878399131 60.15731435106923)
Puurekisteri_piste.8392,8392,P-32031-179,,SINEBRYCHOFFIN PUISTO,Puisto,METSÄTAMMI,Quercus,robur,10 - 20 cm,,Helsinki/MAKA,2026-02-27,POINT (24.933920337743285 60.16175817510058)
Puurekisteri_piste.8393,8393,K-9414,POHJOLANKATU,,Katu,PUISTOLEHMUS,Tilia,x vulgaris,50 - 70 cm,,Helsinki/MAKA,2026-02-27,POINT (24.952343100549207 60.21618797647911)
Puurekisteri_piste.8394,8394,K-9415,POHJOLANKATU,,Katu,PUISTOLEHMUS,Tilia,x vulgaris,30 - 50 cm,,Helsinki/MAKA,2026-02-27,POINT (24.952474645851723 60.216232103291205)
Puurekisteri_piste.8396,8396,K-9311,POHJOLANKATU,,Katu,PUISTOLEHMUS,Tilia,x vulgaris,50 - 70 cm,,Helsinki/MAKA,2026-02-27,POINT (24.944278790005093 60.21381327722025)
Puurekisteri_piste.8398,8398,P-43001-222,,LAIVASTOPUISTO,Puisto,TUOMI/KIRSIKKA,Prunus,sp.,0 - 10 cm,,Helsinki/MAKA,2026-02-27,POINT (24.977955425693725 60.1686403757161)
Puurekisteri_piste.8399,8399,P-43001-223,,LAIVASTOPUISTO,Puisto,TUOMI/KIRSIKKA,Prunus,sp.,0 - 10 cm,,Helsinki/MAKA,2026-02-27,POINT (24.97796807166116 60.16862445877096)
Puurekisteri_piste.8400,8400,P-43001-224,,LAIVASTOPUISTO,Puisto,VUORIJALAVA,Ulmus,glabra,20 - 30 cm,,Helsinki/MAKA,2026-02-27,POINT (24.977990066793005 60.168613007483195)
Puurekisteri_piste.8401,8401,P-43001-225,,LAIVASTOPUISTO,Puisto,VUORIJALAVA,Ulmus,glabra,10 - 20 cm,,Helsinki/MAKA,2026-02-27,POINT (24.978058585030556 60.168603617418924)
Puurekisteri_piste.8402,8402,P-53003-802,,TULLISAAREN KARTANO,Puisto,METSÄMÄNTY,Pinus,sylvestris,30 - 50 cm,,Helsinki/MAKA,2026-02-27,POINT (25.027272019163096 60.17807102508791)
Puurekisteri_piste.8403,8403,K-9438,POHJOLANKATU,,Katu,PUISTOLEHMUS,Tilia,x vulgaris,20 - 30 cm,,Helsinki/MAKA,2026-02-27,POINT (24.953186830643133 60.21661005845188)
Puurekisteri_piste.8404,8404,K-9439,POHJOLANKATU,,Katu,PUISTOLEHMUS,Tilia,x vulgaris,30 - 50 cm,,Helsinki/MAKA,2026-02-27,POINT (24.95329004983833 60.216646472666696)
Puurekisteri_piste.8405,8405,P-32016-23,,ENSIPUISTIKKO,Puisto,KARTIOJALAVA,Ulmus,glabra,30 - 50 cm,,Helsinki/MAKA,2026-02-27,POINT (24.941430056739513 60.15569125294082)
Puurekisteri_piste.8406,8406,P-33016-295,,KAISANIEMENPUISTO,Puisto,METSÄVAAHTERA,Acer,platanoides,20 - 30 cm,,Helsinki/MAKA,2026-02-27,POINT (24.947167153118833 60.174119540645535)
Puurekisteri_piste.8408,8408,P-33016-297,,KAISANIEMENPUISTO,Puisto,METSÄVAAHTERA,Acer,platanoides,30 - 50 cm,,Helsinki/MAKA,2026-02-27,POINT (24.947155702652758 60.17428730072927)
Puurekisteri_piste.8409,8409,P-43001-131,,LAIVASTOPUISTO,Puisto,RAUDUSKOIVU,Betula,pendula,30 - 50 cm,,Helsinki/MAKA,2026-02-27,POINT (24.974830376187757 60.168974274163205)
Puurekisteri_piste.8410,8410,P-43001-132,,LAIVASTOPUISTO,Puisto,RAUDUSKOIVU,Betula,pendula,30 - 50 cm,,Helsinki/MAKA,2026-02-27,POINT (24.9748185540894 60.16899052166496)
Puurekisteri_piste.8411,8411,P-53003-932,,TULLISAAREN KARTANO,Puisto,METSÄVAAHTERA,Acer,platanoides,30 - 50 cm,,Helsinki/MAKA,2026-02-27,POINT (25.030731710893903 60.18079029700271)
Puurekisteri_piste.8413,8413,P-32031-1,,SINEBRYCHOFFIN PUISTO,Puisto,PUISTOLEHMUS,Tilia,x vulgaris,70 cm -,,Helsinki/MAKA,2026-02-27,POINT (24.933001052624526 60.16247377221941)
Puurekisteri_piste.8414,8414,P-32031-2,,SINEBRYCHOFFIN PUISTO,Puisto,PUISTOLEHMUS,Tilia,x vulgaris,70 cm -,,Helsinki/MAKA,2026-02-27,POINT (24.933158139564675 60.162381477453586)
Puurekisteri_piste.8415,8415,P-32031-3,,SINEBRYCHOFFIN PUISTO,Puisto,EUROOPANLEHTIKUUSI,Larix,decidua,70 cm -,,Helsinki/MAKA,2026-02-27,POINT (24.932836208851082 60.16220011510065)
Puurekisteri_piste.8417,8417,P-53003-977,,TULLISAAREN KARTANO,Puisto,METSÄVAAHTERA,Acer,platanoides,20 - 30 cm,,Helsinki/MAKA,2026-02-27,POINT (25.03176527114242 60.18067468487182)
Puurekisteri_piste.8208,8208,K-6053,,,Katu,VUORIJALAVA,Ulmus,glabra,20 - 30 cm,,Helsinki/MAKA,2026-02-27,POINT (24.9322040266773 60.17559995805111)
Puurekisteri_piste.8211,8211,K-9672,OULUNKYLÄNTIE,,Katu,METSÄVAAHTERA,Acer,platanoides,20 - 30 cm,,Helsinki/MAKA,2026-02-27,POINT (24.96299337206348 60.22095158725688)
Puurekisteri_piste.8212,8212,P-42005-965,,KAIVOPUISTO,Puisto,METSÄVAAHTERA,Acer,platanoides,50 - 70 cm,,Helsinki/MAKA,2026-02-27,POINT (24.95374364218381 60.15745641057273)
Puurekisteri_piste.8214,8214,P-42005-967,,KAIVOPUISTO,Puisto,VUORIJALAVA,Ulmus,glabra,70 cm -,,Helsinki/MAKA,2026-02-27,POINT (24.953944855369212 60.1568457410939)
Puurekisteri_piste.8215,8215,P-42005-968,,KAIVOPUISTO,Puisto,TERVALEPPÄ,Alnus,glutinosa,30 - 50 cm,,Helsinki/MAKA,2026-02-27,POINT (24.954078754360605 60.156745889764615)
Puurekisteri_piste.8216,8216,P-42005-969,,KAIVOPUISTO,Puisto,TERVALEPPÄ,Alnus,glutinosa,30 - 50 cm,,Helsinki/MAKA,2026-02-27,POINT (24.954082055368684 60.15673928936051)
Puurekisteri_piste.8217,8217,P-42003-85,,MYLLYRINNE,Puisto,METSÄVAAHTERA,Acer,platanoides,20 - 30 cm,,Helsinki/MAKA,2026-02-27,POINT (24.95939277828612 60.15970261662199)
Puurekisteri_piste.8219,8219,K-9030,MERIKATU,,Katu,METSÄVAAHTERA,Acer,platanoides,20 - 30 cm,,Helsinki/MAKA,2026-02-27,POINT (24.942958929811798 60.155134454701226)
Puurekisteri_piste.8220,8220,K-9031,MERIKATU,,Katu,METSÄVAAHTERA,Acer,platanoides,20 - 30 cm,,Helsinki/MAKA,2026-02-27,POINT (24.943122433896992 60.155157852652216)
Puurekisteri_piste.8221,8221,K-6086,RUNEBERGINKATU,,Katu,PUISTOLEHMUS,Tilia,x vulgaris,20 - 30 cm,,Helsinki/MAKA,2026-02-27,POINT (24.921726693595957 60.17492794066584)
Puurekisteri_piste.8225,8225,K-5876,KATAJANOKANLAITURI,,Katu,PUISTOLEHMUS,Tilia,x vulgaris,20 - 30 cm,,Helsinki/MAKA,2026-02-27,POINT (24.96270087326225 60.166142397712925)
Puurekisteri_piste.8226,8226,K-3254,LINNANKOSKENKATU,,Katu,PUISTOLEHMUS,Tilia,x vulgaris,50 - 70 cm,,Helsinki/MAKA,2026-02-27,POINT (24.912679467946855 60.18494810908297)
Puurekisteri_piste.8227,8227,K-3255,LINNANKOSKENKATU,,Katu,PUISTOLEHMUS,Tilia,x vulgaris,30 - 50 cm,,Helsinki/MAKA,2026-02-27,POINT (24.91294690044606 60.18498330800047)
Puurekisteri_piste.8228,8228,K-3256,LINNANKOSKENKATU,,Katu,PUISTOLEHMUS,Tilia,x vulgaris,30 - 50 cm,,Helsinki/MAKA,2026-02-27,POINT (24.913135947411817 60.18498295976572)
Puurekisteri_piste.8229,8229,P-54037-731,,HERTTONIEMENKARTANO,Puisto,VAAHTERA,Acer,sp.,30 - 50 cm,,Helsinki/MAKA,2026-02-27,POINT (25.044755514081896 60.1876391653563)
Puurekisteri_piste.8235,8235,P-42001-17,,TÄHTITORNIN VUORI,Puisto,VIRGINIANTUOMI,Prunus,virginiana,0 - 10 cm,,Helsinki/MAKA,2026-02-27,POINT (24.95041871918106 60.1614882643218)
Puurekisteri_piste.8237,8237,P-54037-583,,HERTTONIEMENKARTANO,Puisto,TERVALEPPÄ,Alnus,glutinosa,30 - 50 cm,,Helsinki/MAKA,2026-02-27,POINT (25.045113370886693 60.18973759355673)
Puurekisteri_piste.8564,8564,P-54037-692,,HERTTONIEMENKARTANO,Puisto,MÄNTY,Pinus,sp.,30 - 50 cm,,Helsinki/MAKA,2026-02-27,POINT (25.04543692179213 60.1890531725963)
Puurekisteri_piste.8566,8566,K-7753,ISOKAARI,,Katu,OMENAPUU,Malus,sp.,10 - 20 cm,,Helsinki/MAKA,2026-02-27,POINT (24.86091803049224 60.158796792173106)
Puurekisteri_piste.8567,8567,K-7755,ISOKAARI,,Katu,OMENAPUU,Malus,sp.,20 - 30 cm,,Helsinki/MAKA,2026-02-27,POINT (24.860991308985675 60.15870348158536)
Puurekisteri_piste.8568,8568,K-7756,ISOKAARI,,Katu,OMENAPUU,Malus,sp.,20 - 30 cm,,Helsinki/MAKA,2026-02-27,POINT (24.861030444413352 60.158670469907115)
Puurekisteri_piste.8570,8570,K-7758,ISOKAARI,,Katu,OMENAPUU,Malus,sp.,20 - 30 cm,,Helsinki/MAKA,2026-02-27,POINT (24.861090166667395 60.158604976732136)
Puurekisteri_piste.8780,8780,P-42005-977,,KAIVOPUISTO,Puisto,TERVALEPPÄ,Alnus,glutinosa,30 - 50 cm,,Helsinki/MAKA,2026-02-27,POINT (24.954462057198768 60.156681089928405)
Puurekisteri_piste.8781,8781,P-42005-978,,KAIVOPUISTO,Puisto,METSÄTAMMI,Quercus,robur,20 - 30 cm,,Helsinki/MAKA,2026-02-27,POINT (24.954537418967575 60.15672189501574)
Puurekisteri_piste.8783,8783,P-42005-988,,KAIVOPUISTO,Puisto,METSÄTAMMI,Quercus,robur,30 - 50 cm,,Helsinki/MAKA,2026-02-27,POINT (24.954979220471138 60.15660339262617)
Puurekisteri_piste.8786,8786,P-33054-173,,HESPERIAN ESPLANADI,Puisto,VUORIJALAVA,Ulmus,glabra,30 - 50 cm,,Helsinki/MAKA,2026-02-27,POINT (24.91554347705018 60.17639918697437)
Puurekisteri_piste.8788,8788,P-53003-814,,TULLISAAREN KARTANO,Puisto,PUISTOLEHMUS,Tilia,x vulgaris,50 - 70 cm,,Helsinki/MAKA,2026-02-27,POINT (25.02987138085037 60.18046072576376)
Puurekisteri_piste.8791,8791,P-34019-182,,ALPPIPUISTO (ETELÄ),Puisto,METSÄHAAPA,Populus,tremula,10 - 20 cm,,Helsinki/MAKA,2026-02-27,POINT (24.939544487113842 60.18708750682604)
Puurekisteri_piste.8792,8792,P-34019-144,,ALPPIPUISTO (ETELÄ),Puisto,KUJASALAVA,Salix,x rubens,30 - 50 cm,,Helsinki/MAKA,2026-02-27,POINT (24.940078229864678 60.18646320232459)
Puurekisteri_piste.8423,8423,K-4680,STURENKATU,,Katu,PUISTOLEHMUS,Tilia,x vulgaris,0 - 10 cm,,Helsinki/MAKA,2026-02-27,POINT (24.94405268003485 60.187628812195484)
Puurekisteri_piste.8425,8425,K-4683,STURENKATU,,Katu,PUISTOLEHMUS,Tilia,x vulgaris,0 - 10 cm,,Helsinki/MAKA,2026-02-27,POINT (24.944264180597337 60.18750312034127)
Puurekisteri_piste.8426,8426,K-4257,PORVOONKATU,,Katu,PUISTOLEHMUS,Tilia,x vulgaris,20 - 30 cm,,Helsinki/MAKA,2026-02-27,POINT (24.937626347702018 60.194318150715404)
Puurekisteri_piste.8573,8573,P-33016-139,,KAISANIEMENPUISTO,Puisto,PUISTOLEHMUS,Tilia,x vulgaris,50 - 70 cm,,Helsinki/MAKA,2026-02-27,POINT (24.94272313711137 60.1744420541047)
Puurekisteri_piste.8574,8574,P-43001-151,,LAIVASTOPUISTO,Puisto,SEMBRAMÄNTY,Pinus,cembra,20 - 30 cm,,Helsinki/MAKA,2026-02-27,POINT (24.97514732624171 60.168854245279945)
Puurekisteri_piste.8575,8575,K-739,RAUTATIELÄISENKATU,,Katu,PUISTOLEHMUS,Tilia,x vulgaris,20 - 30 cm,,Helsinki/MAKA,2026-02-27,POINT (24.939274505846967 60.201786125538185)
Puurekisteri_piste.8576,8576,K-7390,MANNERHEIMINTIE,,Katu,PUISTOLEHMUS,Tilia,x vulgaris,30 - 50 cm,,Helsinki/MAKA,2026-02-27,POINT (24.93987242629018 60.16921177385301)
Puurekisteri_piste.8579,8579,K-7394,MANNERHEIMINTIE,,Katu,PUISTOLEHMUS,Tilia,x vulgaris,10 - 20 cm,,Helsinki/MAKA,2026-02-27,POINT (24.940191004626904 60.1684867896261)
Puurekisteri_piste.8581,8581,K-943,RATAPIHANTIE,,Katu,VUORIJALAVA,Ulmus,glabra,10 - 20 cm,,Helsinki/MAKA,2026-02-27,POINT (24.93569054320177 60.196738070788534)
Puurekisteri_piste.8582,8582,P-42005-894,,KAIVOPUISTO,Puisto,VUORIJALAVA,Ulmus,glabra,50 - 70 cm,,Helsinki/MAKA,2026-02-27,POINT (24.955022039582673 60.15737515647974)
Puurekisteri_piste.8583,8583,P-42005-895,,KAIVOPUISTO,Puisto,POPPELI/HAAPA,Populus,sp.,70 cm -,,Helsinki/MAKA,2026-02-27,POINT (24.954778753947306 60.15728200061891)
Puurekisteri_piste.8584,8584,P-42005-896,,KAIVOPUISTO,Puisto,METSÄTAMMI,Quercus,robur,50 - 70 cm,,Helsinki/MAKA,2026-02-27,POINT (24.955150757740217 60.15706849454486)
Puurekisteri_piste.8585,8585,P-32028-148,,TEHTAANPUISTO,Puisto,VUORIJALAVA,Ulmus,glabra,30 - 50 cm,,Helsinki/MAKA,2026-02-27,POINT (24.93716058791768 60.15795586574891)
Puurekisteri_piste.8587,8587,P-34019-1,,ALPPIPUISTO (ETELÄ),Puisto,RAUDUSKOIVU,Betula,pendula,10 - 20 cm,,Helsinki/MAKA,2026-02-27,POINT (24.94233233747214 60.18748750722057)
Puurekisteri_piste.8588,8588,P-34019-2,,ALPPIPUISTO (ETELÄ),Puisto,RAUDUSKOIVU,Betula,pendula,10 - 20 cm,,Helsinki/MAKA,2026-02-27,POINT (24.942299253869503 60.18747844937829)
Puurekisteri_piste.8589,8589,P-43067-318,,TERVASAARI,Puisto,POPPELI/HAAPA,Populus,sp.,20 - 30 cm,,Helsinki/MAKA,2026-02-27,POINT (24.968287227070977 60.17312877371649)
Puurekisteri_piste.8591,8591,K-9164,MÄKELÄNKATU,,Katu,METSÄVAAHTERA,Acer,platanoides,30 - 50 cm,,Helsinki/MAKA,2026-02-27,POINT (24.944834269244314 60.20955198661707)
Puurekisteri_piste.8593,8593,P-53003-137,,TULLISAAREN KARTANO,Puisto,LEHTOSAARNI,Fraxinus,excelsior,50 - 70 cm,,Helsinki/MAKA,2026-02-27,POINT (25.031799249748854 60.17840759579034)
Puurekisteri_piste.8597,8597,K-6304,HIETANIEMENKATU,,Katu,RAUDUSKOIVU,Betula,pendula,10 - 20 cm,,Helsinki/MAKA,2026-02-27,POINT (24.917836476724954 60.170575692273175)
Puurekisteri_piste.8598,8598,K-6305,HIETANIEMENKATU,,Katu,RAUDUSKOIVU,Betula,pendula,10 - 20 cm,,Helsinki/MAKA,2026-02-27,POINT (24.917711818356242 60.17061338600366)
Puurekisteri_piste.8600,8600,K-6962,BULEVARDI,,Katu,PUISTOLEHMUS,Tilia,x vulgaris,30 - 50 cm,,Helsinki/MAKA,2026-02-27,POINT (24.933888828930932 60.163316791701654)
Puurekisteri_piste.8601,8601,K-6963,BULEVARDI,,Katu,PUISTOLEHMUS,Tilia,x vulgaris,70 cm -,,Helsinki/MAKA,2026-02-27,POINT (24.933744189830247 60.16326510819328)
Puurekisteri_piste.8603,8603,K-9630,POHJOLANKATU,,Katu,PUISTOLEHMUS,Tilia,x vulgaris,0 - 10 cm,,Helsinki/MAKA,2026-02-27,POINT (24.959457150982853 60.21856758253226)
Puurekisteri_piste.8604,8604,K-9183,MÄKELÄNKATU,,Katu,METSÄVAAHTERA,Acer,platanoides,20 - 30 cm,,Helsinki/MAKA,2026-02-27,POINT (24.944561872807554 60.2102035512973)
Puurekisteri_piste.8606,8606,K-9186,MÄKELÄNKATU,,Katu,METSÄVAAHTERA,Acer,platanoides,30 - 50 cm,,Helsinki/MAKA,2026-02-27,POINT (24.944843928984408 60.20993379307866)
Puurekisteri_piste.8607,8607,K-9187,MÄKELÄNKATU,,Katu,METSÄVAAHTERA,Acer,platanoides,20 - 30 cm,,Helsinki/MAKA,2026-02-27,POINT (24.944844345073257 60.21000891606462)
Puurekisteri_piste.8608,8608,K-9188,MÄKELÄNKATU,,Katu,METSÄVAAHTERA,Acer,platanoides,20 - 30 cm,,Helsinki/MAKA,2026-02-27,POINT (24.94478812512471 60.21007740766862)
Puurekisteri_piste.8609,8609,K-9189,MÄKELÄNKATU,,Katu,METSÄVAAHTERA,Acer,platanoides,20 - 30 cm,,Helsinki/MAKA,2026-02-27,POINT (24.94474796188815 60.210153256050226)
Puurekisteri_piste.8434,8434,K-3618,MECHELININKATU,,Katu,PUISTOLEHMUS,Tilia,x vulgaris,50 - 70 cm,,Helsinki/MAKA,2026-02-27,POINT (24.917754738902893 60.1763233081371)
Puurekisteri_piste.8325,8325,P-43001-228,,LAIVASTOPUISTO,Puisto,SEMBRAMÄNTY,Pinus,cembra,10 - 20 cm,,Helsinki/MAKA,2026-02-27,POINT (24.978241039314675 60.168598671762375)
Puurekisteri_piste.8326,8326,P-43001-229,,LAIVASTOPUISTO,Puisto,SEMBRAMÄNTY,Pinus,cembra,0 - 10 cm,,Helsinki/MAKA,2026-02-27,POINT (24.978193209676686 60.1686281756353)
Puurekisteri_piste.8327,8327,P-43001-230,,LAIVASTOPUISTO,Puisto,VUORIJALAVA,Ulmus,glabra,10 - 20 cm,,Helsinki/MAKA,2026-02-27,POINT (24.978450593254237 60.16865602619266)
Puurekisteri_piste.8328,8328,P-43001-231,,LAIVASTOPUISTO,Puisto,ISOLEHTILEHMUS,Tilia,platyphyllos,20 - 30 cm,,Helsinki/MAKA,2026-02-27,POINT (24.97832722132823 60.168437715455575)
Puurekisteri_piste.8329,8329,P-43001-139,,LAIVASTOPUISTO,Puisto,TUOMI/KIRSIKKA,Prunus,sp.,10 - 20 cm,,Helsinki/MAKA,2026-02-27,POINT (24.97467971304344 60.16910476887606)
Puurekisteri_piste.8330,8330,P-43001-140,,LAIVASTOPUISTO,Puisto,TUOMI/KIRSIKKA,Prunus,sp.,20 - 30 cm,,Helsinki/MAKA,2026-02-27,POINT (24.974747858753187 60.169114093347225)
Puurekisteri_piste.8331,8331,P-43001-141,,LAIVASTOPUISTO,Puisto,TUOMI/KIRSIKKA,Prunus,sp.,0 - 10 cm,,Helsinki/MAKA,2026-02-27,POINT (24.97467580245293 60.16912888809799)
Puurekisteri_piste.8332,8332,P-43001-142,,LAIVASTOPUISTO,Puisto,TUOMI/KIRSIKKA,Prunus,sp.,0 - 10 cm,,Helsinki/MAKA,2026-02-27,POINT (24.9746768008803 60.16913577894938)
Puurekisteri_piste.8333,8333,P-43067-342,,TERVASAARI,Puisto,RAUDUSKOIVU,Betula,pendula,30 - 50 cm,,Helsinki/MAKA,2026-02-27,POINT (24.96988399771092 60.17295922905601)
Puurekisteri_piste.8334,8334,P-43001-211,,LAIVASTOPUISTO,Puisto,KOTIPIHLAJA,Sorbus,aucuparia,0 - 10 cm,,Helsinki/MAKA,2026-02-27,POINT (24.97772893167619 60.16888277528596)
Puurekisteri_piste.8335,8335,P-43001-212,,LAIVASTOPUISTO,Puisto,KOTIPIHLAJA,Sorbus,aucuparia,0 - 10 cm,,Helsinki/MAKA,2026-02-27,POINT (24.97773731565809 60.168844864345296)
Puurekisteri_piste.8336,8336,P-43001-213,,LAIVASTOPUISTO,Puisto,KOTIPIHLAJA,Sorbus,aucuparia,10 - 20 cm,,Helsinki/MAKA,2026-02-27,POINT (24.977795506733358 60.168835947375456)
Puurekisteri_piste.8339,8339,K-84,KORPPAANMÄENTIE,,Katu,PILARITERVALEPPÄ,Alnus,glutinosa,20 - 30 cm,,Helsinki/MAKA,2026-02-27,POINT (24.89195323592351 60.2063856083469)
Puurekisteri_piste.8340,8340,P-43001-39,,LAIVASTOPUISTO,Puisto,PUISTOLEHMUS,Tilia,x vulgaris,50 - 70 cm,,Helsinki/MAKA,2026-02-27,POINT (24.970172721230817 60.16825092621448)
Puurekisteri_piste.8341,8341,P-43001-40,,LAIVASTOPUISTO,Puisto,PUISTOLEHMUS,Tilia,x vulgaris,30 - 50 cm,,Helsinki/MAKA,2026-02-27,POINT (24.970091253645837 60.16820491678032)
Puurekisteri_piste.8342,8342,P-43001-41,,LAIVASTOPUISTO,Puisto,PUISTOLEHMUS,Tilia,x vulgaris,50 - 70 cm,,Helsinki/MAKA,2026-02-27,POINT (24.970396595928385 60.16826722944626)
Puurekisteri_piste.8344,8344,P-53003-842,,TULLISAAREN KARTANO,Puisto,METSÄKUUSI,Picea,abies,30 - 50 cm,,Helsinki/MAKA,2026-02-27,POINT (25.030027170783786 60.18048663470147)
Puurekisteri_piste.8348,8348,P-43001-289,,LAIVASTOPUISTO,Puisto,VUORIJALAVA,Ulmus,glabra,10 - 20 cm,,Helsinki/MAKA,2026-02-27,POINT (24.979017532042246 60.16715641072786)
Puurekisteri_piste.8350,8350,P-44017-233,,KATRI VALAN PUISTO,Puisto,METSÄVAAHTERA,Acer,platanoides,0 - 10 cm,,Helsinki/MAKA,2026-02-27,POINT (24.962790701540474 60.18647583174403)
Puurekisteri_piste.8351,8351,K-363,VÄINÖ AUERIN KATU,,Katu,SUOMENPIHLAJA,Sorbus,hybrida,10 - 20 cm,,Helsinki/MAKA,2026-02-27,POINT (24.96414819921656 60.206928069138556)
Puurekisteri_piste.8353,8353,K-3631,MECHELININKATU,,Katu,PUISTOLEHMUS,Tilia,x vulgaris,30 - 50 cm,,Helsinki/MAKA,2026-02-27,POINT (24.917577567922407 60.17703163639735)
Puurekisteri_piste.8354,8354,K-3632,MECHELININKATU,,Katu,PUISTOLEHMUS,Tilia,x vulgaris,30 - 50 cm,,Helsinki/MAKA,2026-02-27,POINT (24.917560985541883 60.17710200251357)
Puurekisteri_piste.8355,8355,K-3633,MECHELININKATU,,Katu,PUISTOLEHMUS,Tilia,x vulgaris,30 - 50 cm,,Helsinki/MAKA,2026-02-27,POINT (24.917497738913777 60.1771641102543)
Puurekisteri_piste.8362,8362,P-43067-210,,TERVASAARI,Puisto,RAUDUSKOIVU,Betula,pendula,10 - 20 cm,,Helsinki/MAKA,2026-02-27,POINT (24.969867411855553 60.17342759926516)
Puurekisteri_piste.25390,25390,K-39445,KALLVIKINTIE,,Katu,PUISTOLEHMUS,Tilia,x vulgaris,0 - 10 cm,,Helsinki/MAKA,2026-02-27,POINT (25.134949709762807 60.20708867779144)
Puurekisteri_piste.8363,8363,P-43067-211,,TERVASAARI,Puisto,RAUDUSKOIVU,Betula,pendula,20 - 30 cm,,Helsinki/MAKA,2026-02-27,POINT (24.96994222832629 60.17344248304277)
Puurekisteri_piste.8364,8364,P-43067-212,,TERVASAARI,Puisto,RAUDUSKOIVU,Betula,pendula,10 - 20 cm,,Helsinki/MAKA,2026-02-27,POINT (24.969917249443103 60.17341080584267)
Puurekisteri_piste.8366,8366,K-7380,MANNERHEIMINTIE,,Katu,PUISTOLEHMUS,Tilia,x vulgaris,10 - 20 cm,,Helsinki/MAKA,2026-02-27,POINT (24.93934988981166 60.16924775014958)
Puurekisteri_piste.8367,8367,P-34019-43,,ALPPIPUISTO (ETELÄ),Puisto,OMENAPUU,Malus,sp.,20 - 30 cm,,Helsinki/MAKA,2026-02-27,POINT (24.942178386190125 60.18692893622351)
Puurekisteri_piste.8370,8370,P-43067-184,,TERVASAARI,Puisto,METSÄHAAPA,Populus,tremula,30 - 50 cm,,Helsinki/MAKA,2026-02-27,POINT (24.969510282673244 60.173840215142356)
Puurekisteri_piste.8371,8371,P-43067-185,,TERVASAARI,Puisto,KOTIPIHLAJA,Sorbus,aucuparia,0 - 10 cm,,Helsinki/MAKA,2026-02-27,POINT (24.969208565917686 60.173809882719695)
Puurekisteri_piste.8372,8372,P-43067-186,,TERVASAARI,Puisto,KOTIPIHLAJA,Sorbus,aucuparia,0 - 10 cm,,Helsinki/MAKA,2026-02-27,POINT (24.969164966219168 60.173830401035936)
Puurekisteri_piste.8373,8373,P-43067-187,,TERVASAARI,Puisto,KOTIPIHLAJA,Sorbus,aucuparia,0 - 10 cm,,Helsinki/MAKA,2026-02-27,POINT (24.969135014848376 60.173808045496095)
Puurekisteri_piste.8374,8374,P-43067-188,,TERVASAARI,Puisto,KOTIPIHLAJA,Sorbus,aucuparia,0 - 10 cm,,Helsinki/MAKA,2026-02-27,POINT (24.96917363517964 60.17379249864651)
Puurekisteri_piste.8612,8612,P-32030-17,,TELAKANPUISTIKKO,Puisto,VUORIJALAVA,Ulmus,glabra,50 - 70 cm,,Helsinki/MAKA,2026-02-27,POINT (24.93319688899189 60.159314074522236)
Puurekisteri_piste.8615,8615,K-4327,ALEKSIS KIVEN KATU,,Katu,PUISTOLEHMUS,Tilia,x vulgaris,10 - 20 cm,,Helsinki/MAKA,2026-02-27,POINT (24.940025432620253 60.19466645792241)
Puurekisteri_piste.8616,8616,K-4328,ALEKSIS KIVEN KATU,,Katu,PUISTOLEHMUS,Tilia,x vulgaris,10 - 20 cm,,Helsinki/MAKA,2026-02-27,POINT (24.93991062810238 60.1947126076985)
Puurekisteri_piste.8617,8617,K-4329,ALEKSIS KIVEN KATU,,Katu,PUISTOLEHMUS,Tilia,x vulgaris,10 - 20 cm,,Helsinki/MAKA,2026-02-27,POINT (24.939806092825908 60.194748793312016)
Puurekisteri_piste.8620,8620,P-33054-24,,HESPERIAN ESPLANADI,Puisto,HEVOSKASTANJA,Aesculus,hippocastanum,50 - 70 cm,,Helsinki/MAKA,2026-02-27,POINT (24.923355795384705 60.176896068966414)
Puurekisteri_piste.8622,8622,P-33054-26,,HESPERIAN ESPLANADI,Puisto,HEVOSKASTANJA,Aesculus,hippocastanum,70 cm -,,Helsinki/MAKA,2026-02-27,POINT (24.9230355927744 60.17685910142025)
Puurekisteri_piste.8623,8623,P-33054-27,,HESPERIAN ESPLANADI,Puisto,HEVOSKASTANJA,Aesculus,hippocastanum,50 - 70 cm,,Helsinki/MAKA,2026-02-27,POINT (24.922723203302755 60.17682505264198)
Puurekisteri_piste.8624,8624,P-33054-28,,HESPERIAN ESPLANADI,Puisto,HEVOSKASTANJA,Aesculus,hippocastanum,50 - 70 cm,,Helsinki/MAKA,2026-02-27,POINT (24.92256115044507 60.176806567779316)
Puurekisteri_piste.8625,8625,K-5963,LAIVASILLANKATU,,Katu,PUISTOLEHMUS,Tilia,x vulgaris,30 - 50 cm,,Helsinki/MAKA,2026-02-27,POINT (24.95542072242615 60.16003876632658)
Puurekisteri_piste.8628,8628,P-33054-191,,HESPERIAN ESPLANADI,Puisto,METSÄVAAHTERA,Acer,platanoides,50 - 70 cm,,Helsinki/MAKA,2026-02-27,POINT (24.915798180709146 60.17637332597538)
Puurekisteri_piste.8632,8632,K-5650,MIKONKATU,,Katu,PUISTOLEHMUS,Tilia,x vulgaris,10 - 20 cm,,Helsinki/MAKA,2026-02-27,POINT (24.94533981920267 60.171006111241)
Puurekisteri_piste.8634,8634,P-53003-1306,,TULLISAAREN KARTANO,Puisto,KRIMINLEHMUS,Tilia,euchlora,50 - 70 cm,,Helsinki/MAKA,2026-02-27,POINT (25.03454328292431 60.18040259097118)
Puurekisteri_piste.8636,8636,P-43067-378,,TERVASAARI,Puisto,BERLIININPOPPELI,Populus,x berolinensis,50 - 70 cm,,Helsinki/MAKA,2026-02-27,POINT (24.96746698479694 60.173140071831604)
Puurekisteri_piste.8637,8637,P-43067-379,,TERVASAARI,Puisto,BERLIININPOPPELI,Populus,x berolinensis,30 - 50 cm,,Helsinki/MAKA,2026-02-27,POINT (24.96727073148258 60.17326081705876)
Puurekisteri_piste.8638,8638,P-43067-380,,TERVASAARI,Puisto,POPPELI/HAAPA,Populus,sp.,30 - 50 cm,,Helsinki/MAKA,2026-02-27,POINT (24.96725225535799 60.17330420850646)
Puurekisteri_piste.8639,8639,P-43067-381,,TERVASAARI,Puisto,POPPELI/HAAPA,Populus,sp.,30 - 50 cm,,Helsinki/MAKA,2026-02-27,POINT (24.967269215992797 60.17332910817204)
Puurekisteri_piste.8643,8643,P-32031-199,,SINEBRYCHOFFIN PUISTO,Puisto,METSÄVAAHTERA,Acer,platanoides,30 - 50 cm,,Helsinki/MAKA,2026-02-27,POINT (24.933858391022753 60.16216990080975)
Puurekisteri_piste.8647,8647,K-7418,SIMONAUKIO,,Katu,METSÄVAAHTERA,Acer,platanoides,30 - 50 cm,,Helsinki/MAKA,2026-02-27,POINT (24.93714710128973 60.16965157443838)
Puurekisteri_piste.8649,8649,K-742,RATAPIHANTIE,,Katu,VUORIJALAVA,Ulmus,glabra,10 - 20 cm,,Helsinki/MAKA,2026-02-27,POINT (24.932898544839798 60.20400071277047)
Puurekisteri_piste.8650,8650,K-7421,SIMONAUKIO,,Katu,PUISTOLEHMUS,Tilia,x vulgaris,10 - 20 cm,,Helsinki/MAKA,2026-02-27,POINT (24.937100309388484 60.169736307390224)
Puurekisteri_piste.8651,8651,K-7422,SIMONAUKIO,,Katu,PUISTOLEHMUS,Tilia,x vulgaris,10 - 20 cm,,Helsinki/MAKA,2026-02-27,POINT (24.936987885990998 60.16969512458263)
Puurekisteri_piste.8484,8484,K-8120,TAITEENTEKIJÄNTIE,,Katu,RAUDUSKOIVU,Betula,pendula,10 - 20 cm,,Helsinki/MAKA,2026-02-27,POINT (24.86323456881175 60.208653285230746)
Puurekisteri_piste.8485,8485,K-9135,HERNESAARENRANTA,,Katu,PUISTOLEHMUS,Tilia,x vulgaris,10 - 20 cm,,Helsinki/MAKA,2026-02-27,POINT (24.926509071306516 60.1489001364823)
Puurekisteri_piste.8487,8487,P-32031-44,,SINEBRYCHOFFIN PUISTO,Puisto,SAARNIVAAHTERA,Acer,negundo,10 - 20 cm,,Helsinki/MAKA,2026-02-27,POINT (24.933129691411242 60.1614674853724)
Puurekisteri_piste.8489,8489,K-7858,SÄRKINIEMENTIE,,Katu,METSÄHAAPA,Populus,tremula,20 - 30 cm,,Helsinki/MAKA,2026-02-27,POINT (24.876303590809894 60.154281405745515)
Puurekisteri_piste.8490,8490,K-7859,SÄRKINIEMENTIE,,Katu,METSÄHAAPA,Populus,tremula,30 - 50 cm,,Helsinki/MAKA,2026-02-27,POINT (24.87629410282805 60.15424083400054)
Puurekisteri_piste.8493,8493,K-7861,SÄRKINIEMENTIE,,Katu,PILARITERVALEPPÄ,Alnus,glutinosa,10 - 20 cm,,Helsinki/MAKA,2026-02-27,POINT (24.87634193706506 60.154150378458716)
Puurekisteri_piste.8494,8494,K-7862,SÄRKINIEMENTIE,,Katu,RAUDUSKOIVU,Betula,pendula,30 - 50 cm,,Helsinki/MAKA,2026-02-27,POINT (24.87641352937287 60.15420003602373)
Puurekisteri_piste.8495,8495,K-7863,SÄRKINIEMENTIE,,Katu,RAUDUSKOIVU,Betula,pendula,30 - 50 cm,,Helsinki/MAKA,2026-02-27,POINT (24.876433229092505 60.15427875638998)
Puurekisteri_piste.8496,8496,K-7864,SÄRKINIEMENTIE,,Katu,PILARITERVALEPPÄ,Alnus,glutinosa,10 - 20 cm,,Helsinki/MAKA,2026-02-27,POINT (24.876400256379085 60.15402815366995)
Puurekisteri_piste.8497,8497,K-7896,VATTUNIEMENKATU,,Katu,PUISTOLEHMUS,Tilia,x vulgaris,20 - 30 cm,,Helsinki/MAKA,2026-02-27,POINT (24.885062847703967 60.152861719233066)
Puurekisteri_piste.8498,8498,K-7897,VATTUNIEMENKATU,,Katu,PUISTOLEHMUS,Tilia,x vulgaris,20 - 30 cm,,Helsinki/MAKA,2026-02-27,POINT (24.88501190522738 60.15302012050089)
Puurekisteri_piste.8499,8499,K-7898,VATTUNIEMENKATU,,Katu,PUISTOLEHMUS,Tilia,x vulgaris,20 - 30 cm,,Helsinki/MAKA,2026-02-27,POINT (24.884988048121578 60.15310493115951)
Puurekisteri_piste.8500,8500,K-7899,VATTUNIEMENKATU,,Katu,PUISTOLEHMUS,Tilia,x vulgaris,20 - 30 cm,,Helsinki/MAKA,2026-02-27,POINT (24.884950699170236 60.1531791472659)
Puurekisteri_piste.8501,8501,P-34019-49,,ALPPIPUISTO (ETELÄ),Puisto,OMENAPUU,Malus,sp.,10 - 20 cm,,Helsinki/MAKA,2026-02-27,POINT (24.942137346939344 60.187143987649435)
Puurekisteri_piste.8502,8502,P-34019-50,,ALPPIPUISTO (ETELÄ),Puisto,SIPERIANSEMBRA,Pinus,cembra,20 - 30 cm,,Helsinki/MAKA,2026-02-27,POINT (24.942105926853372 60.187148112410235)
Puurekisteri_piste.8503,8503,P-33016-269,,KAISANIEMENPUISTO,Puisto,METSÄVAAHTERA,Acer,platanoides,70 cm -,,Helsinki/MAKA,2026-02-27,POINT (24.944693426736887 60.17405781262981)
Puurekisteri_piste.8504,8504,K-2081,TILKANKATU,,Katu,RAUDUSKOIVU,Betula,pendula,20 - 30 cm,,Helsinki/MAKA,2026-02-27,POINT (24.89496492795912 60.20345983504948)
Puurekisteri_piste.8505,8505,K-7980,MERISATAMANRANTA,,Katu,PUISTOLEHMUS,Tilia,x vulgaris,20 - 30 cm,,Helsinki/MAKA,2026-02-27,POINT (24.9405485500559 60.15452245170728)
Puurekisteri_piste.8506,8506,K-7128,ITÄMERENKATU,,Katu,PUISTOLEHMUS,Tilia,x vulgaris,10 - 20 cm,,Helsinki/MAKA,2026-02-27,POINT (24.917468599710208 60.16336032480007)
Puurekisteri_piste.8507,8507,K-7129,ITÄMERENKATU,,Katu,PUISTOLEHMUS,Tilia,x vulgaris,10 - 20 cm,,Helsinki/MAKA,2026-02-27,POINT (24.917615919117182 60.16336768796202)
Puurekisteri_piste.8509,8509,K-7130,ITÄMERENKATU,,Katu,PUISTOLEHMUS,Tilia,x vulgaris,10 - 20 cm,,Helsinki/MAKA,2026-02-27,POINT (24.917760357338487 60.16337155051433)
Puurekisteri_piste.8510,8510,K-7131,ITÄMERENKATU,,Katu,PUISTOLEHMUS,Tilia,x vulgaris,10 - 20 cm,,Helsinki/MAKA,2026-02-27,POINT (24.91790497543918 60.16337837477618)
Puurekisteri_piste.8511,8511,K-7132,ITÄMERENKATU,,Katu,PUISTOLEHMUS,Tilia,x vulgaris,10 - 20 cm,,Helsinki/MAKA,2026-02-27,POINT (24.918052835732617 60.16338053176499)
Puurekisteri_piste.8515,8515,P-53003-130,,TULLISAAREN KARTANO,Puisto,RAITA,Salix,caprea,30 - 50 cm,,Helsinki/MAKA,2026-02-27,POINT (25.03158131205671 60.17852874343555)
Puurekisteri_piste.8516,8516,P-53003-131,,TULLISAAREN KARTANO,Puisto,RAITA,Salix,caprea,20 - 30 cm,,Helsinki/MAKA,2026-02-27,POINT (25.03158991506785 60.17851947817948)
Puurekisteri_piste.8517,8517,K-7707,ISOKAARI,,Katu,OMENAPUU,Malus,sp.,20 - 30 cm,,Helsinki/MAKA,2026-02-27,POINT (24.859845606387918 60.161285705629275)
Puurekisteri_piste.8518,8518,K-7708,ISOKAARI,,Katu,OMENAPUU,Malus,sp.,20 - 30 cm,,Helsinki/MAKA,2026-02-27,POINT (24.859864973455306 60.161232670239876)
Puurekisteri_piste.8519,8519,K-7709,ISOKAARI,,Katu,OMENAPUU,Malus,sp.,20 - 30 cm,,Helsinki/MAKA,2026-02-27,POINT (24.85989151941493 60.16119292165348)
Puurekisteri_piste.8520,8520,P-32001-35,,VUORIMIEHENPUISTIKKO,Puisto,PUISTOLEHMUS,Tilia,x vulgaris,20 - 30 cm,,Helsinki/MAKA,2026-02-27,POINT (24.947929337776674 60.15899914693599)
Puurekisteri_piste.8521,8521,P-32001-36,,VUORIMIEHENPUISTIKKO,Puisto,VUORIJALAVA,Ulmus,glabra,70 cm -,,Helsinki/MAKA,2026-02-27,POINT (24.9476534538203 60.15894921181)
Puurekisteri_piste.8522,8522,P-32001-37,,VUORIMIEHENPUISTIKKO,Puisto,VUORIJALAVA,Ulmus,glabra,50 - 70 cm,,Helsinki/MAKA,2026-02-27,POINT (24.947609092058194 60.15902089886853)
Puurekisteri_piste.8523,8523,K-4427,ALEKSIS KIVEN KATU,,Katu,PUISTOLEHMUS,Tilia,x vulgaris,20 - 30 cm,,Helsinki/MAKA,2026-02-27,POINT (24.946310809349573 60.192031767084984)
Puurekisteri_piste.8524,8524,K-4428,ALEKSIS KIVEN KATU,,Katu,PUISTOLEHMUS,Tilia,x vulgaris,10 - 20 cm,,Helsinki/MAKA,2026-02-27,POINT (24.946093493261287 60.19212389560264)
Puurekisteri_piste.8525,8525,K-5951,UNIONINKATU,,Katu,PUISTOLEHMUS,Tilia,x vulgaris,20 - 30 cm,,Helsinki/MAKA,2026-02-27,POINT (24.95163529412428 60.1635059843432)
Puurekisteri_piste.8526,8526,K-5952,UNIONINKATU,,Katu,PUISTOLEHMUS,Tilia,x vulgaris,20 - 30 cm,,Helsinki/MAKA,2026-02-27,POINT (24.951660227355937 60.16339953097348)
Puurekisteri_piste.8747,8747,P-42005-917,,KAIVOPUISTO,Puisto,TERVALEPPÄ,Alnus,glutinosa,30 - 50 cm,,Helsinki/MAKA,2026-02-27,POINT (24.953248043570625 60.15751056256702)
Puurekisteri_piste.8749,8749,P-33016-30,,KAISANIEMENPUISTO,Puisto,METSÄVAAHTERA,Acer,platanoides,30 - 50 cm,,Helsinki/MAKA,2026-02-27,POINT (24.941884347901564 60.1759183008499)
Puurekisteri_piste.8751,8751,K-950,RATAPIHANTIE,,Katu,VUORIJALAVA,Ulmus,glabra,10 - 20 cm,,Helsinki/MAKA,2026-02-27,POINT (24.93546036558104 60.19722778870985)
Puurekisteri_piste.8752,8752,K-6272,HIETANIEMENKATU,,Katu,RAUDUSKOIVU,Betula,pendula,30 - 50 cm,,Helsinki/MAKA,2026-02-27,POINT (24.91893029558476 60.170305338046035)
Puurekisteri_piste.8753,8753,K-6273,HIETANIEMENKATU,,Katu,RAUDUSKOIVU,Betula,pendula,30 - 50 cm,,Helsinki/MAKA,2026-02-27,POINT (24.91905746541083 60.17026573361546)
Puurekisteri_piste.8758,8758,K-6278,HIETANIEMENKATU,,Katu,RAUDUSKOIVU,Betula,pendula,30 - 50 cm,,Helsinki/MAKA,2026-02-27,POINT (24.92003342609518 60.16996972734095)
Puurekisteri_piste.8760,8760,P-32016-28,,ENSIPUISTIKKO,Puisto,LEHTOSAARNI,Fraxinus,excelsior,30 - 50 cm,,Helsinki/MAKA,2026-02-27,POINT (24.941368607679667 60.15589158252043)
Puurekisteri_piste.8761,8761,P-32016-29,,ENSIPUISTIKKO,Puisto,LEHTOSAARNI,Fraxinus,excelsior,30 - 50 cm,,Helsinki/MAKA,2026-02-27,POINT (24.94146541392991 60.15596028974752)
Puurekisteri_piste.8763,8763,P-32016-31,,ENSIPUISTIKKO,Puisto,KARTIOJALAVA,Ulmus,glabra,30 - 50 cm,,Helsinki/MAKA,2026-02-27,POINT (24.941679493545163 60.15600850820922)
Puurekisteri_piste.8764,8764,K-9658,KÄPYLÄNTIE,,Katu,PUISTOLEHMUS,Tilia,x vulgaris,30 - 50 cm,,Helsinki/MAKA,2026-02-27,POINT (24.9609235123348 60.21920887677799)
Puurekisteri_piste.8767,8767,P-33016-51,,KAISANIEMENPUISTO,Puisto,METSÄVAAHTERA,Acer,platanoides,50 - 70 cm,,Helsinki/MAKA,2026-02-27,POINT (24.94238107848513 60.17451200609936)
Puurekisteri_piste.8769,8769,P-33016-53,,KAISANIEMENPUISTO,Puisto,PUISTOLEHMUS,Tilia,x vulgaris,70 cm -,,Helsinki/MAKA,2026-02-27,POINT (24.942523562040343 60.174451688175665)
Puurekisteri_piste.8770,8770,K-9619,KÄPYLÄNTIE,,Katu,PUISTOLEHMUS,Tilia,x vulgaris,30 - 50 cm,,Helsinki/MAKA,2026-02-27,POINT (24.96087505507706 60.21897275226856)
Puurekisteri_piste.8772,8772,K-9621,KÄPYLÄNTIE,,Katu,PUISTOLEHMUS,Tilia,x vulgaris,30 - 50 cm,,Helsinki/MAKA,2026-02-27,POINT (24.961261888699145 60.21901311281875)
Puurekisteri_piste.24531,24531,P-34065-171,,VALPURINPUISTO,Puisto,METSÄMÄNTY,Pinus,sylvestris,30 - 50 cm,,Helsinki/MAKA,2026-02-27,POINT (24.89913368665835 60.19409235711058)
Puurekisteri_piste.24532,24532,P-34065-172,,VALPURINPUISTO,Puisto,METSÄKUUSI,Picea,abies,30 - 50 cm,,Helsinki/MAKA,2026-02-27,POINT (24.898999167130693 60.19415619066938)
Puurekisteri_piste.24533,24533,P-34065-173,,VALPURINPUISTO,Puisto,METSÄMÄNTY,Pinus,sylvestris,30 - 50 cm,,Helsinki/MAKA,2026-02-27,POINT (24.89899303545793 60.1940129799545)
Puurekisteri_piste.24534,24534,P-34065-174,,VALPURINPUISTO,Puisto,METSÄMÄNTY,Pinus,sylvestris,30 - 50 cm,,Helsinki/MAKA,2026-02-27,POINT (24.899086453280614 60.19396587853715)
Puurekisteri_piste.24536,24536,K-40164,MERI-RASTILAN TIE,,Katu,PUISTOLEHMUS,Tilia,x vulgaris,10 - 20 cm,,Helsinki/MAKA,2026-02-27,POINT (25.12075035880075 60.19982595038384)
Puurekisteri_piste.24537,24537,K-40165,MERI-RASTILAN TIE,,Katu,PUISTOLEHMUS,Tilia,x vulgaris,10 - 20 cm,,Helsinki/MAKA,2026-02-27,POINT (25.120591345664263 60.19985724485051)
Puurekisteri_piste.24538,24538,K-40166,MERI-RASTILAN TIE,,Katu,PUISTOLEHMUS,Tilia,x vulgaris,10 - 20 cm,,Helsinki/MAKA,2026-02-27,POINT (25.119187331859465 60.20033002031927)
Puurekisteri_piste.24539,24539,K-40167,MERI-RASTILAN TIE,,Katu,PUISTOLEHMUS,Tilia,x vulgaris,10 - 20 cm,,Helsinki/MAKA,2026-02-27,POINT (25.11903491611655 60.20037961269654)
Puurekisteri_piste.24540,24540,K-40168,MERI-RASTILAN TIE,,Katu,PUISTOLEHMUS,Tilia,x vulgaris,10 - 20 cm,,Helsinki/MAKA,2026-02-27,POINT (25.118898894249988 60.200427026313534)
Puurekisteri_piste.24542,24542,K-40170,MERI-RASTILAN TIE,,Katu,PUISTOLEHMUS,Tilia,x vulgaris,10 - 20 cm,,Helsinki/MAKA,2026-02-27,POINT (25.118210866416558 60.20067493183543)
Puurekisteri_piste.24543,24543,K-40171,MERI-RASTILAN TIE,,Katu,PUISTOLEHMUS,Tilia,x vulgaris,20 - 30 cm,,Helsinki/MAKA,2026-02-27,POINT (25.118069281183622 60.20071969271031)
Puurekisteri_piste.24544,24544,K-40172,MERI-RASTILAN TIE,,Katu,PUISTOLEHMUS,Tilia,x vulgaris,20 - 30 cm,,Helsinki/MAKA,2026-02-27,POINT (25.11794374474732 60.200772205672294)
Puurekisteri_piste.24545,24545,K-40173,MERI-RASTILAN TIE,,Katu,PUISTOLEHMUS,Tilia,x vulgaris,20 - 30 cm,,Helsinki/MAKA,2026-02-27,POINT (25.11780749898524 60.2008128869985)
Puurekisteri_piste.24546,24546,K-40174,MERI-RASTILAN TIE,,Katu,PUISTOLEHMUS,Tilia,x vulgaris,10 - 20 cm,,Helsinki/MAKA,2026-02-27,POINT (25.117672038665273 60.20086433741795)
Puurekisteri_piste.24547,24547,K-40175,MERI-RASTILAN TIE,,Katu,PUISTOLEHMUS,Tilia,x vulgaris,20 - 30 cm,,Helsinki/MAKA,2026-02-27,POINT (25.117426399495226 60.200973931810246)
Puurekisteri_piste.24548,24548,K-40176,MERI-RASTILAN TIE,,Katu,PUISTOLEHMUS,Tilia,x vulgaris,20 - 30 cm,,Helsinki/MAKA,2026-02-27,POINT (25.117325805778695 60.20103690829948)
Puurekisteri_piste.24255,24255,P-33044-154,,TOPELIUKSEN PUISTO/POHJ.,Puisto,PUISTOLEHMUS,Tilia,x vulgaris,50 - 70 cm,,Helsinki/MAKA,2026-02-27,POINT (24.919357348381187 60.182238292796484)
Puurekisteri_piste.24256,24256,P-33044-155,,TOPELIUKSEN PUISTO/POHJ.,Puisto,PUISTOLEHMUS,Tilia,x vulgaris,50 - 70 cm,,Helsinki/MAKA,2026-02-27,POINT (24.919295601663663 60.18230289559877)
Puurekisteri_piste.24257,24257,P-33044-156,,TOPELIUKSEN PUISTO/POHJ.,Puisto,PUISTOLEHMUS,Tilia,x vulgaris,30 - 50 cm,,Helsinki/MAKA,2026-02-27,POINT (24.919225469922853 60.18236711772298)
Puurekisteri_piste.24260,24260,P-33031-161,,HAKASALMENPUISTO,Puisto,RAUDUSKOIVU,Betula,pendula,20 - 30 cm,,Helsinki/MAKA,2026-02-27,POINT (24.931933775409707 60.176733617376975)
Puurekisteri_piste.24261,24261,K-40521,ABRAHAM WETTERIN TIE,,Katu,VUORIJALAVA,Ulmus,glabra,20 - 30 cm,,Helsinki/MAKA,2026-02-27,POINT (25.04214211992129 60.19240830671285)
Puurekisteri_piste.24262,24262,K-40522,ABRAHAM WETTERIN TIE,,Katu,VUORIJALAVA,Ulmus,glabra,20 - 30 cm,,Helsinki/MAKA,2026-02-27,POINT (25.042269022638468 60.19240872887333)
Puurekisteri_piste.24263,24263,K-40523,ABRAHAM WETTERIN TIE,,Katu,VUORIJALAVA,Ulmus,glabra,30 - 50 cm,,Helsinki/MAKA,2026-02-27,POINT (25.04242426590585 60.19241998501377)
Puurekisteri_piste.24264,24264,K-40524,ABRAHAM WETTERIN TIE,,Katu,VUORIJALAVA,Ulmus,glabra,30 - 50 cm,,Helsinki/MAKA,2026-02-27,POINT (25.042600258802803 60.192436607078285)
Puurekisteri_piste.24265,24265,K-40525,ABRAHAM WETTERIN TIE,,Katu,VUORIJALAVA,Ulmus,glabra,10 - 20 cm,,Helsinki/MAKA,2026-02-27,POINT (25.042719239679453 60.19243954917902)
Puurekisteri_piste.24266,24266,K-40526,ABRAHAM WETTERIN TIE,,Katu,VUORIJALAVA,Ulmus,glabra,10 - 20 cm,,Helsinki/MAKA,2026-02-27,POINT (25.042959019081863 60.19244947028357)
Puurekisteri_piste.24268,24268,K-40528,ABRAHAM WETTERIN TIE,,Katu,VUORIJALAVA,Ulmus,glabra,20 - 30 cm,,Helsinki/MAKA,2026-02-27,POINT (25.043339076440457 60.192469403316366)
Puurekisteri_piste.24269,24269,K-40529,ABRAHAM WETTERIN TIE,,Katu,VUORIJALAVA,Ulmus,glabra,20 - 30 cm,,Helsinki/MAKA,2026-02-27,POINT (25.043455539247624 60.19247378314372)
Puurekisteri_piste.24270,24270,K-40530,ABRAHAM WETTERIN TIE,,Katu,VUORIJALAVA,Ulmus,glabra,20 - 30 cm,,Helsinki/MAKA,2026-02-27,POINT (25.043597603661205 60.19247948541817)
Puurekisteri_piste.24271,24271,K-40531,ABRAHAM WETTERIN TIE,,Katu,VUORIJALAVA,Ulmus,glabra,20 - 30 cm,,Helsinki/MAKA,2026-02-27,POINT (25.04373317716003 60.192484744805995)
Puurekisteri_piste.24272,24272,K-40532,ABRAHAM WETTERIN TIE,,Katu,VUORIJALAVA,Ulmus,glabra,30 - 50 cm,,Helsinki/MAKA,2026-02-27,POINT (25.043893637311378 60.19249294277936)
Puurekisteri_piste.24273,24273,K-40533,ABRAHAM WETTERIN TIE,,Katu,VUORIJALAVA,Ulmus,glabra,10 - 20 cm,,Helsinki/MAKA,2026-02-27,POINT (25.044023585554086 60.19248824450163)
Puurekisteri_piste.24275,24275,K-40535,ABRAHAM WETTERIN TIE,,Katu,METSÄVAAHTERA,Acer,platanoides,30 - 50 cm,,Helsinki/MAKA,2026-02-27,POINT (25.044994618696744 60.19262708293509)
Puurekisteri_piste.24276,24276,K-40536,ABRAHAM WETTERIN TIE,,Katu,METSÄVAAHTERA,Acer,platanoides,30 - 50 cm,,Helsinki/MAKA,2026-02-27,POINT (25.045134790258007 60.192656300673725)
Puurekisteri_piste.24277,24277,K-40537,ABRAHAM WETTERIN TIE,,Katu,METSÄVAAHTERA,Acer,platanoides,30 - 50 cm,,Helsinki/MAKA,2026-02-27,POINT (25.045268265613778 60.19267843405191)
Puurekisteri_piste.24278,24278,K-40538,ABRAHAM WETTERIN TIE,,Katu,METSÄVAAHTERA,Acer,platanoides,30 - 50 cm,,Helsinki/MAKA,2026-02-27,POINT (25.04538842657661 60.19270704205492)
Puurekisteri_piste.24287,24287,P-33044-124,,TOPELIUKSEN PUISTO/POHJ.,Puisto,PUISTOLEHMUS,Tilia,x vulgaris,50 - 70 cm,,Helsinki/MAKA,2026-02-27,POINT (24.91857162564152 60.1817158750731)
Puurekisteri_piste.24288,24288,K-26996,LAIVALAHDENPORTTI,,Katu,HEVOSKASTANJA,Aesculus,hippocastanum,10 - 20 cm,1997,Helsinki/MAKA,2026-02-27,POINT (25.035207954836466 60.19260753908462)
Puurekisteri_piste.24289,24289,K-26998,LAIVALAHDENPORTTI,,Katu,HEVOSKASTANJA,Aesculus,hippocastanum,10 - 20 cm,1997,Helsinki/MAKA,2026-02-27,POINT (25.035098350090063 60.19250181481436)
Puurekisteri_piste.24290,24290,K-27000,LAIVALAHDENPORTTI,,Katu,HEVOSKASTANJA,Aesculus,hippocastanum,10 - 20 cm,1997,Helsinki/MAKA,2026-02-27,POINT (25.034725529898015 60.19212472424751)
Puurekisteri_piste.24292,24292,K-31531,RANTAKARTANONTIE,,Katu,PUISTOLEHMUS,Tilia,x vulgaris,30 - 50 cm,,Helsinki/MAKA,2026-02-27,POINT (25.10499425950222 60.21242418894518)
Puurekisteri_piste.24293,24293,K-31533,RANTAKARTANONTIE,,Katu,PUISTOLEHMUS,Tilia,x vulgaris,30 - 50 cm,,Helsinki/MAKA,2026-02-27,POINT (25.105115790368927 60.21238551594566)
Puurekisteri_piste.24572,24572,P-34047-20,,URHEILULEHTO,Puisto,LEHTOSAARNI,Fraxinus,excelsior,30 - 50 cm,,Helsinki/MAKA,2026-02-27,POINT (24.91975227927045 60.18946144825084)
Puurekisteri_piste.24573,24573,P-34042-18,,VAUHTIPUISTO,Puisto,KUUSI,Picea,sp.,10 - 20 cm,,Helsinki/MAKA,2026-02-27,POINT (24.93406504511662 60.187559651471716)
Puurekisteri_piste.24575,24575,P-34042-20,,VAUHTIPUISTO,Puisto,HIESKOIVU,Betula,pubescens,20 - 30 cm,,Helsinki/MAKA,2026-02-27,POINT (24.93406398160924 60.18750027503863)
Puurekisteri_piste.24576,24576,P-34042-21,,VAUHTIPUISTO,Puisto,KUUSI,Picea,sp.,10 - 20 cm,,Helsinki/MAKA,2026-02-27,POINT (24.934000373299426 60.187486194694124)
Puurekisteri_piste.24577,24577,P-34042-22,,VAUHTIPUISTO,Puisto,KUUSI,Picea,sp.,10 - 20 cm,,Helsinki/MAKA,2026-02-27,POINT (24.934041787700064 60.18745683125583)
Puurekisteri_piste.24578,24578,P-33045-14,,SIBELIUKSEN PUISTO (A),Puisto,METSÄVAAHTERA,Acer,platanoides,10 - 20 cm,,Helsinki/MAKA,2026-02-27,POINT (24.915474681652356 60.180192536210164)
Puurekisteri_piste.24579,24579,P-33045-15,,SIBELIUKSEN PUISTO (A),Puisto,METSÄVAAHTERA,Acer,platanoides,10 - 20 cm,,Helsinki/MAKA,2026-02-27,POINT (24.915438966525148 60.180213961435946)
Puurekisteri_piste.24580,24580,P-33045-16,,SIBELIUKSEN PUISTO (A),Puisto,METSÄVAAHTERA,Acer,platanoides,10 - 20 cm,,Helsinki/MAKA,2026-02-27,POINT (24.91540893316888 60.18023296121198)
Puurekisteri_piste.24583,24583,P-33045-650,,SIBELIUKSEN PUISTO (A),Puisto,METSÄTAMMI,Quercus,robur,30 - 50 cm,,Helsinki/MAKA,2026-02-27,POINT (24.91561171466712 60.180550619951234)
Puurekisteri_piste.24586,24586,P-33045-438,,SIBELIUKSEN PUISTO (A),Puisto,METSÄMÄNTY,Pinus,sylvestris,30 - 50 cm,,Helsinki/MAKA,2026-02-27,POINT (24.914039016001595 60.1826229772325)
Puurekisteri_piste.24587,24587,P-33045-439,,SIBELIUKSEN PUISTO (A),Puisto,METSÄMÄNTY,Pinus,sylvestris,20 - 30 cm,,Helsinki/MAKA,2026-02-27,POINT (24.914132784569674 60.18262254124686)
Puurekisteri_piste.8527,8527,K-7121,ITÄMERENKATU,,Katu,PUISTOLEHMUS,Tilia,x vulgaris,10 - 20 cm,,Helsinki/MAKA,2026-02-27,POINT (24.91603988960931 60.163312983472636)
Puurekisteri_piste.8531,8531,K-7900,VATTUNIEMENKATU,,Katu,PUISTOLEHMUS,Tilia,x vulgaris,20 - 30 cm,,Helsinki/MAKA,2026-02-27,POINT (24.88491587931163 60.15324537598883)
Puurekisteri_piste.8706,8706,P-34019-73,,ALPPIPUISTO (ETELÄ),Puisto,OMENAPUU,Malus,sp.,20 - 30 cm,,Helsinki/MAKA,2026-02-27,POINT (24.941737860224315 60.18675109145693)
Puurekisteri_piste.8707,8707,P-34019-74,,ALPPIPUISTO (ETELÄ),Puisto,OMENAPUU,Malus,sp.,10 - 20 cm,,Helsinki/MAKA,2026-02-27,POINT (24.941822195466333 60.18674036686072)
Puurekisteri_piste.8712,8712,P-53003-1055,,TULLISAAREN KARTANO,Puisto,DOUGLASKUUSI,Pseudotsuga,menziesii,50 - 70 cm,,Helsinki/MAKA,2026-02-27,POINT (25.03226017481563 60.180879063543856)
Puurekisteri_piste.8714,8714,P-42005-918,,KAIVOPUISTO,Puisto,TERVALEPPÄ,Alnus,glutinosa,50 - 70 cm,,Helsinki/MAKA,2026-02-27,POINT (24.95330765924374 60.157571592789914)
Puurekisteri_piste.8715,8715,P-42005-919,,KAIVOPUISTO,Puisto,TERVALEPPÄ,Alnus,glutinosa,50 - 70 cm,,Helsinki/MAKA,2026-02-27,POINT (24.953385459845418 60.1576161208975)
Puurekisteri_piste.8716,8716,P-42005-920,,KAIVOPUISTO,Puisto,METSÄVAAHTERA,Acer,platanoides,10 - 20 cm,,Helsinki/MAKA,2026-02-27,POINT (24.953471046529256 60.157653236081)
Puurekisteri_piste.8719,8719,P-44017-294,,KATRI VALAN PUISTO,Puisto,METSÄVAAHTERA,Acer,platanoides,10 - 20 cm,,Helsinki/MAKA,2026-02-27,POINT (24.965905075887946 60.186572909848664)
Puurekisteri_piste.8722,8722,P-33054-193,,HESPERIAN ESPLANADI,Puisto,PIHTA,Abies,sp.,30 - 50 cm,,Helsinki/MAKA,2026-02-27,POINT (24.91611380832319 60.17638565475095)
Puurekisteri_piste.8723,8723,P-33054-194,,HESPERIAN ESPLANADI,Puisto,PIHTA,Abies,sp.,20 - 30 cm,,Helsinki/MAKA,2026-02-27,POINT (24.91620144300854 60.17639622880821)
Puurekisteri_piste.8724,8724,P-43067-196,,TERVASAARI,Puisto,KOTIPIHLAJA,Sorbus,aucuparia,0 - 10 cm,,Helsinki/MAKA,2026-02-27,POINT (24.969563180727512 60.1733759584611)
Puurekisteri_piste.8728,8728,K-9016,MERISATAMANRANTA,,Katu,PUISTOLEHMUS,Tilia,x vulgaris,70 cm -,,Helsinki/MAKA,2026-02-27,POINT (24.947007792290623 60.1549249423944)
Puurekisteri_piste.8729,8729,K-9017,MERISATAMANRANTA,,Katu,PUISTOLEHMUS,Tilia,x vulgaris,50 - 70 cm,,Helsinki/MAKA,2026-02-27,POINT (24.947187322480048 60.15494788337018)
Puurekisteri_piste.8730,8730,K-9018,MERISATAMANRANTA,,Katu,PUISTOLEHMUS,Tilia,x vulgaris,50 - 70 cm,,Helsinki/MAKA,2026-02-27,POINT (24.947352809515827 60.15497163471653)
Puurekisteri_piste.8731,8731,K-9230,MÄKELÄNKATU,,Katu,METSÄVAAHTERA,Acer,platanoides,20 - 30 cm,,Helsinki/MAKA,2026-02-27,POINT (24.94408040899224 60.211330393240715)
Puurekisteri_piste.8732,8732,K-9231,MÄKELÄNKATU,,Katu,METSÄVAAHTERA,Acer,platanoides,20 - 30 cm,,Helsinki/MAKA,2026-02-27,POINT (24.944035553590087 60.211406780738656)
Puurekisteri_piste.8734,8734,K-2713,KARTANONTIE,,Katu,METSÄTAMMI,Quercus,robur,70 cm -,,Helsinki/MAKA,2026-02-27,POINT (24.87962148996745 60.194813047791776)
Puurekisteri_piste.8736,8736,K-8027,EHRENSTRÖMINTIE,,Katu,METSÄVAAHTERA,Acer,platanoides,20 - 30 cm,,Helsinki/MAKA,2026-02-27,POINT (24.962721036032818 60.15755227016699)
Puurekisteri_piste.8738,8738,K-4355,ALEKSIS KIVEN KATU,,Katu,PUISTOLEHMUS,Tilia,x vulgaris,30 - 50 cm,,Helsinki/MAKA,2026-02-27,POINT (24.94520728058453 60.19226219280843)
Puurekisteri_piste.8739,8739,K-4357,ALEKSIS KIVEN KATU,,Katu,PUISTOLEHMUS,Tilia,x vulgaris,10 - 20 cm,,Helsinki/MAKA,2026-02-27,POINT (24.945401890002707 60.192172942090636)
Puurekisteri_piste.8741,8741,K-4361,ALEKSIS KIVEN KATU,,Katu,PUISTOLEHMUS,Tilia,x vulgaris,10 - 20 cm,,Helsinki/MAKA,2026-02-27,POINT (24.94585274591467 60.19198545277596)
Puurekisteri_piste.8742,8742,K-7402,MANNERHEIMINTIE,,Katu,PUISTOLEHMUS,Tilia,x vulgaris,10 - 20 cm,,Helsinki/MAKA,2026-02-27,POINT (24.93914540759908 60.169186567176226)
Puurekisteri_piste.8743,8743,K-7403,MANNERHEIMINTIE,,Katu,PUISTOLEHMUS,Tilia,x vulgaris,10 - 20 cm,,Helsinki/MAKA,2026-02-27,POINT (24.93905862471628 60.16925730490347)
Puurekisteri_piste.8745,8745,P-42005-915,,KAIVOPUISTO,Puisto,TERVALEPPÄ,Alnus,glutinosa,30 - 50 cm,,Helsinki/MAKA,2026-02-27,POINT (24.953373711128673 60.15746849997563)
Puurekisteri_piste.8746,8746,P-42005-916,,KAIVOPUISTO,Puisto,TERVALEPPÄ,Alnus,glutinosa,50 - 70 cm,,Helsinki/MAKA,2026-02-27,POINT (24.953385329150173 60.15748495519567)
Puurekisteri_piste.8420,8420,K-4678,STURENKATU,,Katu,PUISTOLEHMUS,Tilia,x vulgaris,0 - 10 cm,,Helsinki/MAKA,2026-02-27,POINT (24.943925913547297 60.18753827371597)
Puurekisteri_piste.8422,8422,K-468,HÄMEENTIE,,Katu,METSÄVAAHTERA,Acer,platanoides,20 - 30 cm,,Helsinki/MAKA,2026-02-27,POINT (24.964296693970528 60.20210236868688)
Puurekisteri_piste.24593,24593,P-33045-445,,SIBELIUKSEN PUISTO (A),Puisto,METSÄMÄNTY,Pinus,sylvestris,30 - 50 cm,,Helsinki/MAKA,2026-02-27,POINT (24.91395597166256 60.18244298991717)
Puurekisteri_piste.24594,24594,K-27030,LAIVALAHDENPORTTI,,Katu,HEVOSKASTANJA,Aesculus,hippocastanum,10 - 20 cm,1997,Helsinki/MAKA,2026-02-27,POINT (25.03558521775464 60.192499329281496)
Puurekisteri_piste.24595,24595,K-27032,LAIVALAHDENPORTTI,,Katu,HEVOSKASTANJA,Aesculus,hippocastanum,10 - 20 cm,1997,Helsinki/MAKA,2026-02-27,POINT (25.035702061707838 60.192612855390344)
Puurekisteri_piste.24596,24596,K-27034,LAIVALAHDENPORTTI,,Katu,HEVOSKASTANJA,Aesculus,hippocastanum,10 - 20 cm,1997,Helsinki/MAKA,2026-02-27,POINT (25.03579211282237 60.19269346526929)
Puurekisteri_piste.24597,24597,K-27036,LAIVALAHDENPORTTI,,Katu,HEVOSKASTANJA,Aesculus,hippocastanum,0 - 10 cm,1997,Helsinki/MAKA,2026-02-27,POINT (25.035893585480718 60.19279255429934)
Puurekisteri_piste.24599,24599,K-27040,LAIVALAHDENPORTTI,,Katu,OMENAPUU,Malus,sp.,0 - 10 cm,1997,Helsinki/MAKA,2026-02-27,POINT (25.035563748612265 60.192751823436154)
Puurekisteri_piste.24600,24600,P-33044-340,,TOPELIUKSEN PUISTO/POHJ.,Puisto,ISOLEHTILEHMUS,Tilia,platyphyllos,30 - 50 cm,,Helsinki/MAKA,2026-02-27,POINT (24.920245679523916 60.180881785583786)
Puurekisteri_piste.24601,24601,P-33253-227,,TOIVO KUULAN PUISTO,Puisto,RAUDUSKOIVU,Betula,pendula,20 - 30 cm,,Helsinki/MAKA,2026-02-27,POINT (24.91163154410324 60.17904550325019)
Puurekisteri_piste.24602,24602,P-33030-117,,HESPERIANPUISTO,Puisto,METSÄVAAHTERA,Acer,platanoides,20 - 30 cm,,Helsinki/MAKA,2026-02-27,POINT (24.929791660662666 60.17871614923198)
Puurekisteri_piste.24603,24603,P-33030-118,,HESPERIANPUISTO,Puisto,METSÄVAAHTERA,Acer,platanoides,50 - 70 cm,,Helsinki/MAKA,2026-02-27,POINT (24.929793517547935 60.17876486622724)
Puurekisteri_piste.24604,24604,P-43038-25,,ALLI TRYGGIN PUISTO (ETELÄ),Puisto,VUORIJALAVA,Ulmus,glabra,30 - 50 cm,,Helsinki/MAKA,2026-02-27,POINT (24.95662624441663 60.1826890200395)
Puurekisteri_piste.24605,24605,P-43038-26,,ALLI TRYGGIN PUISTO (ETELÄ),Puisto,VUORIJALAVA,Ulmus,glabra,30 - 50 cm,,Helsinki/MAKA,2026-02-27,POINT (24.956581057325074 60.18263540839883)
Puurekisteri_piste.24606,24606,P-33030-43,,HESPERIANPUISTO,Puisto,PUISTOLEHMUS,Tilia,x vulgaris,70 cm -,,Helsinki/MAKA,2026-02-27,POINT (24.929781257321324 60.17843989058736)
Puurekisteri_piste.24607,24607,P-33030-44,,HESPERIANPUISTO,Puisto,METSÄVAAHTERA,Acer,platanoides,10 - 20 cm,,Helsinki/MAKA,2026-02-27,POINT (24.929681086380644 60.17850004737293)
Puurekisteri_piste.24609,24609,P-43011-66,,KAPPELIESPLANADI,Puisto,PUISTOLEHMUS,Tilia,x vulgaris,20 - 30 cm,,Helsinki/MAKA,2026-02-27,POINT (24.948035825694813 60.16724388266752)
Puurekisteri_piste.24610,24610,P-43011-67,,KAPPELIESPLANADI,Puisto,PUISTOLEHMUS,Tilia,x vulgaris,50 - 70 cm,,Helsinki/MAKA,2026-02-27,POINT (24.948230527485425 60.16725049292503)
Puurekisteri_piste.24611,24611,P-43011-68,,KAPPELIESPLANADI,Puisto,PUISTOLEHMUS,Tilia,x vulgaris,10 - 20 cm,,Helsinki/MAKA,2026-02-27,POINT (24.94841989322407 60.16725377866729)
Puurekisteri_piste.24612,24612,P-44007-14,,TORKKELINPUISTIKKO,Puisto,PUISTOLEHMUS,Tilia,x vulgaris,20 - 30 cm,,Helsinki/MAKA,2026-02-27,POINT (24.95487553748571 60.185507722150554)
Puurekisteri_piste.24613,24613,P-44007-15,,TORKKELINPUISTIKKO,Puisto,PUISTOLEHMUS,Tilia,x vulgaris,20 - 30 cm,,Helsinki/MAKA,2026-02-27,POINT (24.95487007504107 60.18557344526169)
Puurekisteri_piste.24614,24614,P-44007-16,,TORKKELINPUISTIKKO,Puisto,PUISTOLEHMUS,Tilia,x vulgaris,20 - 30 cm,,Helsinki/MAKA,2026-02-27,POINT (24.954976166352175 60.18566276521753)
Puurekisteri_piste.24616,24616,P-32028-6,,TEHTAANPUISTO,Puisto,RUOTSINPIHLAJA,Sorbus,intermedia,50 - 70 cm,1937,Helsinki/MAKA,2026-02-27,POINT (24.940529652564607 60.1581757174568)
Puurekisteri_piste.24617,24617,P-32028-7,,TEHTAANPUISTO,Puisto,RUOTSINPIHLAJA,Sorbus,intermedia,50 - 70 cm,1937,Helsinki/MAKA,2026-02-27,POINT (24.940608976214 60.15819547998014)
Puurekisteri_piste.24618,24618,P-33031-50,,HAKASALMENPUISTO,Puisto,METSÄTAMMI,Quercus,robur,70 cm -,,Helsinki/MAKA,2026-02-27,POINT (24.931695978574183 60.17645120572065)
Puurekisteri_piste.24619,24619,P-33045-162,,SIBELIUKSEN PUISTO (A),Puisto,METSÄMÄNTY,Pinus,sylvestris,50 - 70 cm,,Helsinki/MAKA,2026-02-27,POINT (24.912059679138636 60.18217129661897)
Puurekisteri_piste.24620,24620,P-33045-163,,SIBELIUKSEN PUISTO (A),Puisto,METSÄMÄNTY,Pinus,sylvestris,30 - 50 cm,,Helsinki/MAKA,2026-02-27,POINT (24.91220658407576 60.18219190781465)
Puurekisteri_piste.24621,24621,P-33045-164,,SIBELIUKSEN PUISTO (A),Puisto,METSÄMÄNTY,Pinus,sylvestris,20 - 30 cm,,Helsinki/MAKA,2026-02-27,POINT (24.912236528987926 60.182222102010506)
Puurekisteri_piste.24622,24622,P-33045-165,,SIBELIUKSEN PUISTO (A),Puisto,METSÄMÄNTY,Pinus,sylvestris,50 - 70 cm,,Helsinki/MAKA,2026-02-27,POINT (24.912321402332587 60.18219191503119)
Puurekisteri_piste.24626,24626,P-33045-169,,SIBELIUKSEN PUISTO (A),Puisto,METSÄVAAHTERA,Acer,platanoides,20 - 30 cm,,Helsinki/MAKA,2026-02-27,POINT (24.91249885725834 60.18218355836269)
Puurekisteri_piste.24627,24627,P-33045-170,,SIBELIUKSEN PUISTO (A),Puisto,METSÄVAAHTERA,Acer,platanoides,20 - 30 cm,,Helsinki/MAKA,2026-02-27,POINT (24.91247759857144 60.182131540079126)
Puurekisteri_piste.24628,24628,P-33045-171,,SIBELIUKSEN PUISTO (A),Puisto,METSÄMÄNTY,Pinus,sylvestris,30 - 50 cm,,Helsinki/MAKA,2026-02-27,POINT (24.91242625119818 60.182132247329235)
Puurekisteri_piste.24630,24630,P-33045-173,,SIBELIUKSEN PUISTO (A),Puisto,METSÄVAAHTERA,Acer,platanoides,30 - 50 cm,,Helsinki/MAKA,2026-02-27,POINT (24.912197270819828 60.182049680889556)
Puurekisteri_piste.24632,24632,P-33045-274,,SIBELIUKSEN PUISTO (A),Puisto,METSÄMÄNTY,Pinus,sylvestris,10 - 20 cm,,Helsinki/MAKA,2026-02-27,POINT (24.913366017094766 60.18261031377455)
Puurekisteri_piste.24633,24633,P-33045-275,,SIBELIUKSEN PUISTO (A),Puisto,METSÄMÄNTY,Pinus,sylvestris,20 - 30 cm,,Helsinki/MAKA,2026-02-27,POINT (24.913303147718608 60.1825984108561)
Puurekisteri_piste.24634,24634,K-39909,TYYNYLAAVANTIE,,Katu,PUISTOLEHMUS,Tilia,x vulgaris,0 - 10 cm,,Helsinki/MAKA,2026-02-27,POINT (25.13574920438654 60.207152095719515)
Puurekisteri_piste.24635,24635,K-39910,TYYNYLAAVANTIE,,Katu,PUISTOLEHMUS,Tilia,x vulgaris,10 - 20 cm,,Helsinki/MAKA,2026-02-27,POINT (25.136002980116864 60.20710303768063)
Puurekisteri_piste.24637,24637,K-39912,TYYNYLAAVANTIE,,Katu,PUISTOLEHMUS,Tilia,x vulgaris,0 - 10 cm,,Helsinki/MAKA,2026-02-27,POINT (25.136353834966933 60.20703533216207)
Puurekisteri_piste.8432,8432,K-3257,LINNANKOSKENKATU,,Katu,PUISTOLEHMUS,Tilia,x vulgaris,30 - 50 cm,,Helsinki/MAKA,2026-02-27,POINT (24.91333742685588 60.184993741327965)
Puurekisteri_piste.24588,24588,P-33045-440,,SIBELIUKSEN PUISTO (A),Puisto,METSÄMÄNTY,Pinus,sylvestris,30 - 50 cm,,Helsinki/MAKA,2026-02-27,POINT (24.914124047826434 60.18260073518484)
Puurekisteri_piste.24549,24549,K-40177,MERI-RASTILAN TIE,,Katu,PUISTOLEHMUS,Tilia,x vulgaris,10 - 20 cm,,Helsinki/MAKA,2026-02-27,POINT (25.117247477087854 60.20111457123385)
Puurekisteri_piste.24550,24550,K-40178,MERI-RASTILAN TIE,,Katu,PUISTOLEHMUS,Tilia,x vulgaris,10 - 20 cm,,Helsinki/MAKA,2026-02-27,POINT (25.117193485895523 60.20119165953736)
Puurekisteri_piste.24551,24551,K-40179,MERI-RASTILAN TIE,,Katu,PUISTOLEHMUS,Tilia,x vulgaris,10 - 20 cm,,Helsinki/MAKA,2026-02-27,POINT (25.11715901782511 60.201277155688885)
Puurekisteri_piste.24552,24552,K-40180,MERI-RASTILAN TIE,,Katu,PUISTOLEHMUS,Tilia,x vulgaris,10 - 20 cm,,Helsinki/MAKA,2026-02-27,POINT (25.117145447802525 60.2013597487607)
Puurekisteri_piste.24554,24554,K-27296,LINNANRAKENTAJANTIE,,Katu,PUISTOLEHMUS,Tilia,x vulgaris,20 - 30 cm,,Helsinki/MAKA,2026-02-27,POINT (25.037953085386402 60.19275215413417)
Puurekisteri_piste.24556,24556,K-27300,LINNANRAKENTAJANTIE,,Katu,PUISTOLEHMUS,Tilia,x vulgaris,0 - 10 cm,,Helsinki/MAKA,2026-02-27,POINT (25.037451129441102 60.192872148495255)
Puurekisteri_piste.24557,24557,K-27302,LINNANRAKENTAJANTIE,,Katu,PUISTOLEHMUS,Tilia,x vulgaris,20 - 30 cm,,Helsinki/MAKA,2026-02-27,POINT (25.03734850880405 60.192908050364345)
Puurekisteri_piste.24558,24558,K-27304,LINNANRAKENTAJANTIE,,Katu,PUISTOLEHMUS,Tilia,x vulgaris,20 - 30 cm,,Helsinki/MAKA,2026-02-27,POINT (25.0372332465192 60.19293741129388)
Puurekisteri_piste.24559,24559,K-39071,HALKAISIJANTIE,,Katu,PUISTOLEHMUS,Tilia,x vulgaris,0 - 10 cm,,Helsinki/MAKA,2026-02-27,POINT (25.126941511480847 60.20405820268209)
Puurekisteri_piste.24560,24560,K-39072,HALKAISIJANTIE,,Katu,PUISTOLEHMUS,Tilia,x vulgaris,0 - 10 cm,,Helsinki/MAKA,2026-02-27,POINT (25.126961232254384 60.20398251004013)
Puurekisteri_piste.24561,24561,K-39073,HALKAISIJANTIE,,Katu,PUISTOLEHMUS,Tilia,x vulgaris,0 - 10 cm,,Helsinki/MAKA,2026-02-27,POINT (25.126974437767423 60.203903057893)
Puurekisteri_piste.24562,24562,K-39074,HALKAISIJANTIE,,Katu,PUISTOLEHMUS,Tilia,x vulgaris,0 - 10 cm,,Helsinki/MAKA,2026-02-27,POINT (25.12698923676461 60.203818936092816)
Puurekisteri_piste.24564,24564,K-39076,HALKAISIJANTIE,,Katu,HEVOSKASTANJA,Aesculus,hippocastanum,0 - 10 cm,,Helsinki/MAKA,2026-02-27,POINT (25.126974318940118 60.203395952329274)
Puurekisteri_piste.24566,24566,K-39078,HALKAISIJANTIE,,Katu,PUISTOLEHMUS,Tilia,x vulgaris,0 - 10 cm,,Helsinki/MAKA,2026-02-27,POINT (25.127160901366878 60.203072909305796)
Puurekisteri_piste.24567,24567,K-39079,HALKAISIJANTIE,,Katu,PUISTOLEHMUS,Tilia,x vulgaris,10 - 20 cm,,Helsinki/MAKA,2026-02-27,POINT (25.127177496109972 60.20301642867827)
Puurekisteri_piste.24568,24568,K-39080,HALKAISIJANTIE,,Katu,PUISTOLEHMUS,Tilia,x vulgaris,10 - 20 cm,,Helsinki/MAKA,2026-02-27,POINT (25.127242726491644 60.20289471144117)
Puurekisteri_piste.24570,24570,K-39419,KALLVIKINTIE,,Katu,PUISTOLEHMUS,Tilia,x vulgaris,0 - 10 cm,,Helsinki/MAKA,2026-02-27,POINT (25.13596818046429 60.20933274310872)
Puurekisteri_piste.24430,24430,K-39776,RAMSINNIEMENTIE,,Katu,TERVALEPPÄ,Alnus,glutinosa,10 - 20 cm,,Helsinki/MAKA,2026-02-27,POINT (25.117252805221764 60.1977256599685)
Puurekisteri_piste.24431,24431,K-39984,VEDENOTTAMONTIE,,Katu,PIHLAJA,Sorbus,sp.,10 - 20 cm,,Helsinki/MAKA,2026-02-27,POINT (25.13920258918224 60.20366662724437)
Puurekisteri_piste.24432,24432,K-39985,VEDENOTTAMONTIE,,Katu,PIHLAJA,Sorbus,sp.,10 - 20 cm,,Helsinki/MAKA,2026-02-27,POINT (25.13917184256034 60.20370697712831)
Puurekisteri_piste.24433,24433,K-39986,VEDENOTTAMONTIE,,Katu,PIHLAJA,Sorbus,sp.,10 - 20 cm,,Helsinki/MAKA,2026-02-27,POINT (25.13914826491953 60.20376786869381)
Puurekisteri_piste.24434,24434,K-39987,VEDENOTTAMONTIE,,Katu,PIHLAJA,Sorbus,sp.,10 - 20 cm,,Helsinki/MAKA,2026-02-27,POINT (25.139123493695305 60.20381197835067)
Puurekisteri_piste.24226,24226,K-40365,LAAJASALONTIE,,Katu,KOTIPIHLAJA,Sorbus,aucuparia,0 - 10 cm,,Helsinki/MAKA,2026-02-27,POINT (25.04741653701635 60.16242430974789)
Puurekisteri_piste.24228,24228,K-40367,LAAJASALONTIE,,Katu,KOTIPIHLAJA,Sorbus,aucuparia,0 - 10 cm,,Helsinki/MAKA,2026-02-27,POINT (25.047323506509194 60.162538026749466)
Puurekisteri_piste.24230,24230,K-39472,LINTU SININEN,,Katu,PUISTOLEHMUS,Tilia,x vulgaris,0 - 10 cm,,Helsinki/MAKA,2026-02-27,POINT (25.152557865124507 60.219108605440276)
Puurekisteri_piste.24231,24231,K-39473,LINTU SININEN,,Katu,PUISTOLEHMUS,Tilia,x vulgaris,0 - 10 cm,,Helsinki/MAKA,2026-02-27,POINT (25.152504133081948 60.21918929764457)
Puurekisteri_piste.24233,24233,K-39475,MARIELUNDIN PUISTOTIE,,Katu,PUISTOLEHMUS,Tilia,x vulgaris,10 - 20 cm,2005,Helsinki/MAKA,2026-02-27,POINT (25.14783213136896 60.21886843464688)
Puurekisteri_piste.24235,24235,K-39477,MARIELUNDIN PUISTOTIE,,Katu,PUISTOLEHMUS,Tilia,x vulgaris,10 - 20 cm,2005,Helsinki/MAKA,2026-02-27,POINT (25.14814378112421 60.2188298453349)
Puurekisteri_piste.24236,24236,K-39478,MARIELUNDIN PUISTOTIE,,Katu,PUISTOLEHMUS,Tilia,x vulgaris,10 - 20 cm,2005,Helsinki/MAKA,2026-02-27,POINT (25.1483229694925 60.21881077956321)
Puurekisteri_piste.24237,24237,K-39479,MARIELUNDIN PUISTOTIE,,Katu,PUISTOLEHMUS,Tilia,x vulgaris,10 - 20 cm,2005,Helsinki/MAKA,2026-02-27,POINT (25.148495791937258 60.21878427497994)
Puurekisteri_piste.24239,24239,K-39481,MARIELUNDIN PUISTOTIE,,Katu,PUISTOLEHMUS,Tilia,x vulgaris,10 - 20 cm,2005,Helsinki/MAKA,2026-02-27,POINT (25.14884419998868 60.218739607424325)
Puurekisteri_piste.24240,24240,K-39482,MARIELUNDIN PUISTOTIE,,Katu,PUISTOLEHMUS,Tilia,x vulgaris,10 - 20 cm,2005,Helsinki/MAKA,2026-02-27,POINT (25.14901796670385 60.21871929350766)
Puurekisteri_piste.24243,24243,K-39485,MARIELUNDIN PUISTOTIE,,Katu,PUISTOLEHMUS,Tilia,x vulgaris,10 - 20 cm,2005,Helsinki/MAKA,2026-02-27,POINT (25.14959853326443 60.21864622119311)
Puurekisteri_piste.24244,24244,K-39486,MARIELUNDIN PUISTOTIE,,Katu,PUISTOLEHMUS,Tilia,x vulgaris,10 - 20 cm,2005,Helsinki/MAKA,2026-02-27,POINT (25.149754633624703 60.21862791135876)
Puurekisteri_piste.24245,24245,K-4771,HELSINGINKATU,,Katu,METSÄVAAHTERA,Acer,platanoides,20 - 30 cm,,Helsinki/MAKA,2026-02-27,POINT (24.95585770521347 60.187147357690776)
Puurekisteri_piste.24246,24246,P-43067-45,,TERVASAARI,Puisto,RAUDUSKOIVU,Betula,pendula,10 - 20 cm,,Helsinki/MAKA,2026-02-27,POINT (24.96789105985747 60.17440979806759)
Puurekisteri_piste.24247,24247,P-44011-21,,HARJUTORI,Puisto,VUORIJALAVA,Ulmus,glabra,20 - 30 cm,,Helsinki/MAKA,2026-02-27,POINT (24.958130519908153 60.18701415967253)
Puurekisteri_piste.24248,24248,P-44011-22,,HARJUTORI,Puisto,VUORIJALAVA,Ulmus,glabra,50 - 70 cm,,Helsinki/MAKA,2026-02-27,POINT (24.958118483279446 60.18712858299487)
Puurekisteri_piste.24249,24249,P-44011-23,,HARJUTORI,Puisto,VUORIJALAVA,Ulmus,glabra,50 - 70 cm,,Helsinki/MAKA,2026-02-27,POINT (24.95824087205183 60.1871360014057)
Puurekisteri_piste.24250,24250,P-33044-265,,TOPELIUKSEN PUISTO/POHJ.,Puisto,DOUGLASKUUSI,Pseudotsuga,menziesii,50 - 70 cm,,Helsinki/MAKA,2026-02-27,POINT (24.92028795385432 60.18002959129667)
Puurekisteri_piste.24251,24251,P-33044-266,,TOPELIUKSEN PUISTO/POHJ.,Puisto,DOUGLASKUUSI,Pseudotsuga,menziesii,70 cm -,,Helsinki/MAKA,2026-02-27,POINT (24.920335210642854 60.179980948784966)
Puurekisteri_piste.24252,24252,P-33044-267,,TOPELIUKSEN PUISTO/POHJ.,Puisto,KANADANTUIJA,Thuja,occidentalis,30 - 50 cm,,Helsinki/MAKA,2026-02-27,POINT (24.920356513532933 60.17981491539908)
Puurekisteri_piste.8435,8435,K-3619,MECHELININKATU,,Katu,PUISTOLEHMUS,Tilia,x vulgaris,20 - 30 cm,,Helsinki/MAKA,2026-02-27,POINT (24.917784112237293 60.176255365597065)
Puurekisteri_piste.8436,8436,P-43001-153,,LAIVASTOPUISTO,Puisto,SIPERIANPIHTA,Abies,sibirica,0 - 10 cm,,Helsinki/MAKA,2026-02-27,POINT (24.97563267588182 60.16876052612657)
Puurekisteri_piste.8437,8437,P-43001-154,,LAIVASTOPUISTO,Puisto,SEMBRAMÄNTY,Pinus,cembra,10 - 20 cm,,Helsinki/MAKA,2026-02-27,POINT (24.97581239337884 60.16876734263562)
Puurekisteri_piste.8438,8438,P-43001-155,,LAIVASTOPUISTO,Puisto,SEMBRAMÄNTY,Pinus,cembra,10 - 20 cm,,Helsinki/MAKA,2026-02-27,POINT (24.975863784180483 60.16879439262657)
Puurekisteri_piste.8447,8447,K-7357,MANNERHEIMINTIE,,Katu,PUISTOLEHMUS,Tilia,x vulgaris,20 - 30 cm,,Helsinki/MAKA,2026-02-27,POINT (24.940707938555903 60.16814690611498)
Puurekisteri_piste.8448,8448,K-7358,MANNERHEIMINTIE,,Katu,PUISTOLEHMUS,Tilia,x vulgaris,20 - 30 cm,,Helsinki/MAKA,2026-02-27,POINT (24.940839553618048 60.16805641471877)
Puurekisteri_piste.8451,8451,K-6686,RUNEBERGINKATU,,Katu,VUORIJALAVA,Ulmus,glabra,10 - 20 cm,,Helsinki/MAKA,2026-02-27,POINT (24.92751082395635 60.16918822373274)
Puurekisteri_piste.8452,8452,K-6687,RUNEBERGINKATU,,Katu,VUORIJALAVA,Ulmus,glabra,20 - 30 cm,,Helsinki/MAKA,2026-02-27,POINT (24.927386188985384 60.1692602123279)
Puurekisteri_piste.8453,8453,K-6688,FREDRIKINKATU,,Katu,PUISTOLEHMUS,Tilia,x vulgaris,10 - 20 cm,,Helsinki/MAKA,2026-02-27,POINT (24.931677365316137 60.167996645054885)
Puurekisteri_piste.8456,8456,K-4393,PORVOONKATU,,Katu,PUISTOLEHMUS,Tilia,x vulgaris,30 - 50 cm,,Helsinki/MAKA,2026-02-27,POINT (24.945105369788017 60.19096393446038)
Puurekisteri_piste.8457,8457,K-4394,PORVOONKATU,,Katu,PUISTOLEHMUS,Tilia,x vulgaris,30 - 50 cm,,Helsinki/MAKA,2026-02-27,POINT (24.945229740989795 60.190963013902106)
Puurekisteri_piste.8458,8458,K-7844,SÄRKINIEMENTIE,,Katu,RAUDUSKOIVU,Betula,pendula,30 - 50 cm,,Helsinki/MAKA,2026-02-27,POINT (24.876168505189113 60.15458508633424)
Puurekisteri_piste.8459,8459,K-7845,SÄRKINIEMENTIE,,Katu,RAUDUSKOIVU,Betula,pendula,30 - 50 cm,,Helsinki/MAKA,2026-02-27,POINT (24.876193588964227 60.154542910604185)
Puurekisteri_piste.8460,8460,K-7846,SÄRKINIEMENTIE,,Katu,METSÄTAMMI,Quercus,robur,0 - 10 cm,,Helsinki/MAKA,2026-02-27,POINT (24.876223029903827 60.15447398978566)
Puurekisteri_piste.8463,8463,P-43067-303,,TERVASAARI,Puisto,VUORIJALAVA,Ulmus,glabra,10 - 20 cm,,Helsinki/MAKA,2026-02-27,POINT (24.968088038028245 60.17336023277265)
Puurekisteri_piste.8464,8464,P-53003-1182,,TULLISAAREN KARTANO,Puisto,METSÄKUUSI,Picea,abies,20 - 30 cm,,Helsinki/MAKA,2026-02-27,POINT (25.03370513834942 60.180615346284604)
Puurekisteri_piste.8468,8468,P-32031-140,,SINEBRYCHOFFIN PUISTO,Puisto,METSÄVAAHTERA,Acer,platanoides,20 - 30 cm,,Helsinki/MAKA,2026-02-27,POINT (24.934609796236007 60.16097141170617)
Puurekisteri_piste.8471,8471,K-9015,MERISATAMANRANTA,,Katu,PUISTOLEHMUS,Tilia,x vulgaris,50 - 70 cm,,Helsinki/MAKA,2026-02-27,POINT (24.946839057010873 60.15489140813481)
Puurekisteri_piste.8477,8477,K-764,RATAPIHANTIE,,Katu,VUORIJALAVA,Ulmus,glabra,10 - 20 cm,,Helsinki/MAKA,2026-02-27,POINT (24.93317556696011 60.202243236501104)
Puurekisteri_piste.8478,8478,K-656,RADANRAKENTAJANTIE,,Katu,METSÄVAAHTERA,Acer,platanoides,20 - 30 cm,,Helsinki/MAKA,2026-02-27,POINT (24.942229050915614 60.20070568072642)
Puurekisteri_piste.24589,24589,P-33045-441,,SIBELIUKSEN PUISTO (A),Puisto,METSÄMÄNTY,Pinus,sylvestris,30 - 50 cm,,Helsinki/MAKA,2026-02-27,POINT (24.914082811865057 60.18258807305405)
Puurekisteri_piste.24590,24590,P-33045-442,,SIBELIUKSEN PUISTO (A),Puisto,METSÄMÄNTY,Pinus,sylvestris,30 - 50 cm,,Helsinki/MAKA,2026-02-27,POINT (24.91407836660059 60.18255888960875)
Puurekisteri_piste.24591,24591,P-33045-443,,SIBELIUKSEN PUISTO (A),Puisto,METSÄMÄNTY,Pinus,sylvestris,20 - 30 cm,,Helsinki/MAKA,2026-02-27,POINT (24.914039316330673 60.18256414751145)
Puurekisteri_piste.24592,24592,P-33045-444,,SIBELIUKSEN PUISTO (A),Puisto,METSÄVAAHTERA,Acer,platanoides,30 - 50 cm,,Helsinki/MAKA,2026-02-27,POINT (24.913943133540055 60.182466730518605)
Puurekisteri_piste.8534,8534,P-42005-947,,KAIVOPUISTO,Puisto,METSÄVAAHTERA,Acer,platanoides,50 - 70 cm,,Helsinki/MAKA,2026-02-27,POINT (24.954146696003548 60.15783817334533)
Puurekisteri_piste.8535,8535,P-42005-948,,KAIVOPUISTO,Puisto,PENSYLVANIANVAAHTERA,Acer,pensylvanicum,30 - 50 cm,,Helsinki/MAKA,2026-02-27,POINT (24.953852362536946 60.15781844884637)
Puurekisteri_piste.8537,8537,K-9467,EERIKINKATU,,Katu,PUISTOLEHMUS,Tilia,x vulgaris,10 - 20 cm,,Helsinki/MAKA,2026-02-27,POINT (24.937310471858407 60.167860257367224)
Puurekisteri_piste.8538,8538,K-9468,EERIKINKATU,,Katu,PUISTOLEHMUS,Tilia,x vulgaris,10 - 20 cm,,Helsinki/MAKA,2026-02-27,POINT (24.936986557394032 60.167751606561495)
Puurekisteri_piste.8539,8539,K-9469,EERIKINKATU,,Katu,PUISTOLEHMUS,Tilia,x vulgaris,10 - 20 cm,,Helsinki/MAKA,2026-02-27,POINT (24.936913055342615 60.16772684371135)
Puurekisteri_piste.8541,8541,P-43067-228,,TERVASAARI,Puisto,KOIVU,Betula,sp.,10 - 20 cm,,Helsinki/MAKA,2026-02-27,POINT (24.969790010436757 60.17370443968265)
Puurekisteri_piste.8542,8542,P-43067-229,,TERVASAARI,Puisto,KOIVU,Betula,sp.,10 - 20 cm,,Helsinki/MAKA,2026-02-27,POINT (24.969803624322676 60.173721028210366)
Puurekisteri_piste.8543,8543,K-8046,EHRENSTRÖMINTIE,,Katu,METSÄVAAHTERA,Acer,platanoides,20 - 30 cm,,Helsinki/MAKA,2026-02-27,POINT (24.9628849811006 60.155936565207696)
Puurekisteri_piste.8545,8545,K-9138,HERNESAARENRANTA,,Katu,PUISTOLEHMUS,Tilia,x vulgaris,10 - 20 cm,,Helsinki/MAKA,2026-02-27,POINT (24.92624458070791 60.14865081263408)
Puurekisteri_piste.8546,8546,K-9139,HERNESAARENRANTA,,Katu,PUISTOLEHMUS,Tilia,x vulgaris,10 - 20 cm,,Helsinki/MAKA,2026-02-27,POINT (24.926166801493228 60.148582154449215)
Puurekisteri_piste.8547,8547,P-53003-927,,TULLISAAREN KARTANO,Puisto,METSÄTAMMI,Quercus,robur,0 - 10 cm,,Helsinki/MAKA,2026-02-27,POINT (25.0274806151621 60.178209516968884)
Puurekisteri_piste.8548,8548,P-53003-928,,TULLISAAREN KARTANO,Puisto,METSÄTAMMI,Quercus,robur,10 - 20 cm,,Helsinki/MAKA,2026-02-27,POINT (25.027406642179855 60.178226073240445)
Puurekisteri_piste.8549,8549,P-53003-1133,,TULLISAAREN KARTANO,Puisto,DOUGLASKUUSI,Pseudotsuga,menziesii,50 - 70 cm,,Helsinki/MAKA,2026-02-27,POINT (25.032892411230684 60.180863805552185)
Puurekisteri_piste.8553,8553,P-43001-25,,LAIVASTOPUISTO,Puisto,JALAVA,Ulmus,sp.,30 - 50 cm,,Helsinki/MAKA,2026-02-27,POINT (24.968360873611 60.16873009180183)
Puurekisteri_piste.8554,8554,P-43001-26,,LAIVASTOPUISTO,Puisto,RAUDUSKOIVU,Betula,pendula,20 - 30 cm,,Helsinki/MAKA,2026-02-27,POINT (24.968351690628698 60.16887523613596)
Puurekisteri_piste.8559,8559,P-32028-135,,TEHTAANPUISTO,Puisto,RAUDUSKOIVU,Betula,pendula,50 - 70 cm,,Helsinki/MAKA,2026-02-27,POINT (24.94017167080333 60.15834847715421)
Puurekisteri_piste.8560,8560,P-32028-136,,TEHTAANPUISTO,Puisto,RAUDUSKOIVU,Betula,pendula,30 - 50 cm,,Helsinki/MAKA,2026-02-27,POINT (24.940282400831055 60.15838636092698)
Puurekisteri_piste.25161,25161,K-43263,GUSTAV PAULIGIN KATU,,Katu,PUISTOLEHMUS,Tilia,x vulgaris,0 - 10 cm,,Helsinki/MAKA,2026-02-27,POINT (25.15322077557124 60.20289567956303)
Puurekisteri_piste.25162,25162,K-43264,GUSTAV PAULIGIN KATU,,Katu,PUISTOLEHMUS,Tilia,x vulgaris,0 - 10 cm,,Helsinki/MAKA,2026-02-27,POINT (25.153280791371106 60.202789665375846)
Puurekisteri_piste.25163,25163,K-43265,GUSTAV PAULIGIN KATU,,Katu,PUISTOLEHMUS,Tilia,x vulgaris,0 - 10 cm,,Helsinki/MAKA,2026-02-27,POINT (25.153333069867934 60.20268599831487)
Puurekisteri_piste.25164,25164,K-40375,LAAJASALONTIE,,Katu,KOTIPIHLAJA,Sorbus,aucuparia,0 - 10 cm,,Helsinki/MAKA,2026-02-27,POINT (25.048819504403472 60.164977704793)
Puurekisteri_piste.25165,25165,P-33045-424,,SIBELIUKSEN PUISTO (A),Puisto,METSÄLEHMUS,Tilia,cordata,70 cm -,,Helsinki/MAKA,2026-02-27,POINT (24.91469849413841 60.182404974500756)
Puurekisteri_piste.24436,24436,P-43005-14,,TOVE JANSSONIN PUISTO,Puisto,PAPERIKOIVU,Betula,papyrifera,30 - 50 cm,,Helsinki/MAKA,2026-02-27,POINT (24.96059678527476 60.16781505582743)
Puurekisteri_piste.24437,24437,P-43005-15,,TOVE JANSSONIN PUISTO,Puisto,PAPERIKOIVU,Betula,papyrifera,30 - 50 cm,,Helsinki/MAKA,2026-02-27,POINT (24.960713796490563 60.16780925291436)
Puurekisteri_piste.24438,24438,P-43005-16,,TOVE JANSSONIN PUISTO,Puisto,PAPERIKOIVU,Betula,papyrifera,50 - 70 cm,,Helsinki/MAKA,2026-02-27,POINT (24.960801434614382 60.16784135984668)
Puurekisteri_piste.24439,24439,P-54037-76,,HERTTONIEMENKARTANO,Puisto,PUISTOLEHMUS,Tilia,x vulgaris,70 cm -,,Helsinki/MAKA,2026-02-27,POINT (25.041837224088198 60.18942040318008)
Puurekisteri_piste.24442,24442,P-54037-79,,HERTTONIEMENKARTANO,Puisto,TUIJA,Thuja,sp.,70 cm -,,Helsinki/MAKA,2026-02-27,POINT (25.041931769541257 60.18970863355451)
Puurekisteri_piste.24444,24444,P-34042-54,,VAUHTIPUISTO,Puisto,POPPELI/HAAPA,Populus,sp.,50 - 70 cm,,Helsinki/MAKA,2026-02-27,POINT (24.934007215897438 60.18654207767697)
Puurekisteri_piste.24445,24445,K-39143,HARUSTIE,,Katu,HEVOSKASTANJA,Aesculus,hippocastanum,10 - 20 cm,,Helsinki/MAKA,2026-02-27,POINT (25.126272778896364 60.20343716155606)
Puurekisteri_piste.24446,24446,K-39144,HARUSTIE,,Katu,HEVOSKASTANJA,Aesculus,hippocastanum,10 - 20 cm,,Helsinki/MAKA,2026-02-27,POINT (25.126169617620434 60.20343409034401)
Puurekisteri_piste.24447,24447,K-39145,HARUSTIE,,Katu,HEVOSKASTANJA,Aesculus,hippocastanum,10 - 20 cm,,Helsinki/MAKA,2026-02-27,POINT (25.126037576544977 60.203426396608485)
Puurekisteri_piste.24177,24177,P-54037-295,,HERTTONIEMENKARTANO,Puisto,TERVALEPPÄ,Alnus,glutinosa,30 - 50 cm,,Helsinki/MAKA,2026-02-27,POINT (25.042818336850925 60.18859791087386)
Puurekisteri_piste.24427,24427,K-39773,RAMSINNIEMENTIE,,Katu,TERVALEPPÄ,Alnus,glutinosa,10 - 20 cm,,Helsinki/MAKA,2026-02-27,POINT (25.117564506422486 60.19790371673837)
Puurekisteri_piste.24428,24428,K-39774,RAMSINNIEMENTIE,,Katu,TERVALEPPÄ,Alnus,glutinosa,10 - 20 cm,,Helsinki/MAKA,2026-02-27,POINT (25.11748161545833 60.19785043660867)
Puurekisteri_piste.24429,24429,K-39775,RAMSINNIEMENTIE,,Katu,TERVALEPPÄ,Alnus,glutinosa,10 - 20 cm,,Helsinki/MAKA,2026-02-27,POINT (25.117412233850597 60.19779507204618)
Puurekisteri_piste.8686,8686,K-7161,ITÄMERENKATU,,Katu,PUISTOLEHMUS,Tilia,x vulgaris,10 - 20 cm,,Helsinki/MAKA,2026-02-27,POINT (24.911815331372665 60.163342748878016)
Puurekisteri_piste.8687,8687,K-7162,ITÄMERENKATU,,Katu,PUISTOLEHMUS,Tilia,x vulgaris,10 - 20 cm,,Helsinki/MAKA,2026-02-27,POINT (24.91167575618458 60.16334049573387)
Puurekisteri_piste.8688,8688,K-7163,ITÄMERENKATU,,Katu,PUISTOLEHMUS,Tilia,x vulgaris,10 - 20 cm,,Helsinki/MAKA,2026-02-27,POINT (24.911491157407518 60.163335277500096)
Puurekisteri_piste.8689,8689,P-53003-1515,,TULLISAAREN KARTANO,Puisto,RAUDUSKOIVU,Betula,pendula,20 - 30 cm,,Helsinki/MAKA,2026-02-27,POINT (25.036085229949524 60.181213924392885)
Puurekisteri_piste.24300,24300,P-44024-4,,ROINEENPUISTO,Puisto,PUISTOLEHMUS,Tilia,x vulgaris,20 - 30 cm,,Helsinki/MAKA,2026-02-27,POINT (24.955474147258002 60.19178214687008)
Puurekisteri_piste.24301,24301,P-44024-5,,ROINEENPUISTO,Puisto,PUISTOLEHMUS,Tilia,x vulgaris,20 - 30 cm,,Helsinki/MAKA,2026-02-27,POINT (24.95516071429839 60.19187521762321)
Puurekisteri_piste.24303,24303,P-44024-7,,ROINEENPUISTO,Puisto,PUISTOLEHMUS,Tilia,x vulgaris,20 - 30 cm,,Helsinki/MAKA,2026-02-27,POINT (24.955661292509514 60.19215102837294)
Puurekisteri_piste.24305,24305,P-44024-9,,ROINEENPUISTO,Puisto,PUISTOLEHMUS,Tilia,x vulgaris,20 - 30 cm,,Helsinki/MAKA,2026-02-27,POINT (24.955688725632218 60.1922477898611)
Puurekisteri_piste.24306,24306,K-33879,FRANZENINKATU,,Katu,PUISTOLEHMUS,Tilia,x vulgaris,10 - 20 cm,,Helsinki/MAKA,2026-02-27,POINT (24.95363366933292 60.185573221401995)
Puurekisteri_piste.24307,24307,P-33045-431,,SIBELIUKSEN PUISTO (A),Puisto,METSÄKUUSI,Picea,abies,30 - 50 cm,,Helsinki/MAKA,2026-02-27,POINT (24.914093246535423 60.18282281151191)
Puurekisteri_piste.24308,24308,P-33045-432,,SIBELIUKSEN PUISTO (A),Puisto,RAUDUSKOIVU,Betula,pendula,70 cm -,,Helsinki/MAKA,2026-02-27,POINT (24.91411471090006 60.182771952783845)
Puurekisteri_piste.24311,24311,P-33045-435,,SIBELIUKSEN PUISTO (A),Puisto,METSÄKUUSI,Picea,abies,30 - 50 cm,,Helsinki/MAKA,2026-02-27,POINT (24.91391493184597 60.182619955911264)
Puurekisteri_piste.24312,24312,P-42001-296,,TÄHTITORNIN VUORI,Puisto,RAUDUSKOIVU,Betula,pendula,30 - 50 cm,,Helsinki/MAKA,2026-02-27,POINT (24.95402204270565 60.162692867055576)
Puurekisteri_piste.24313,24313,P-42001-297,,TÄHTITORNIN VUORI,Puisto,RAUDUSKOIVU,Betula,pendula,30 - 50 cm,,Helsinki/MAKA,2026-02-27,POINT (24.954120815292896 60.1627404706378)
Puurekisteri_piste.24314,24314,K-1699,MÄKELÄNKATU,,Katu,PUISTOLEHMUS,Tilia,x vulgaris,30 - 50 cm,,Helsinki/MAKA,2026-02-27,POINT (24.952195908504404 60.19648753890546)
Puurekisteri_piste.24315,24315,P-33020-271,,TOKOINRANTA,Puisto,TERVALEPPÄ,Alnus,glutinosa,20 - 30 cm,,Helsinki/MAKA,2026-02-27,POINT (24.93995705769854 60.18013144375396)
Puurekisteri_piste.24316,24316,P-33020-272,,TOKOINRANTA,Puisto,TERVALEPPÄ,Alnus,glutinosa,20 - 30 cm,,Helsinki/MAKA,2026-02-27,POINT (24.93981054792227 60.180110115792914)
Puurekisteri_piste.24317,24317,P-34011-12,,STURENKADUN KULMAISTUTUKSET,Puisto,PUISTOLEHMUS,Tilia,x vulgaris,50 - 70 cm,,Helsinki/MAKA,2026-02-27,POINT (24.942479396590524 60.18634473802323)
Puurekisteri_piste.24318,24318,P-34011-13,,STURENKADUN KULMAISTUTUKSET,Puisto,PUISTOLEHMUS,Tilia,x vulgaris,50 - 70 cm,,Helsinki/MAKA,2026-02-27,POINT (24.94238540579693 60.18639025292218)
Puurekisteri_piste.24319,24319,P-34011-14,,STURENKADUN KULMAISTUTUKSET,Puisto,PUISTOLEHMUS,Tilia,x vulgaris,50 - 70 cm,,Helsinki/MAKA,2026-02-27,POINT (24.942434275284246 60.18641460296939)
Puurekisteri_piste.24321,24321,P-33030-171,,HESPERIANPUISTO,Puisto,METSÄVAAHTERA,Acer,platanoides,20 - 30 cm,,Helsinki/MAKA,2026-02-27,POINT (24.928608348036867 60.1801741754114)
Puurekisteri_piste.24322,24322,P-33030-172,,HESPERIANPUISTO,Puisto,METSÄVAAHTERA,Acer,platanoides,30 - 50 cm,,Helsinki/MAKA,2026-02-27,POINT (24.928851643366393 60.1801998954182)
Puurekisteri_piste.24323,24323,P-33044-337,,TOPELIUKSEN PUISTO/POHJ.,Puisto,PUISTOLEHMUS,Tilia,x vulgaris,50 - 70 cm,,Helsinki/MAKA,2026-02-27,POINT (24.919875495204348 60.180942377311204)
Puurekisteri_piste.24324,24324,P-33044-338,,TOPELIUKSEN PUISTO/POHJ.,Puisto,PUISTOLEHMUS,Tilia,x vulgaris,50 - 70 cm,,Helsinki/MAKA,2026-02-27,POINT (24.920016214878284 60.18090490607149)
Puurekisteri_piste.24326,24326,K-40043,LEIKOSAARENTIE,,Katu,PUISTOLEHMUS,Tilia,x vulgaris,0 - 10 cm,,Helsinki/MAKA,2026-02-27,POINT (25.15075653518526 60.204433682552995)
Puurekisteri_piste.24327,24327,K-40044,LEIKOSAARENTIE,,Katu,PUISTOLEHMUS,Tilia,x vulgaris,0 - 10 cm,,Helsinki/MAKA,2026-02-27,POINT (25.15120504595152 60.20449151256296)
Puurekisteri_piste.24328,24328,K-40045,LEIKOSAARENTIE,,Katu,PUISTOLEHMUS,Tilia,x vulgaris,0 - 10 cm,,Helsinki/MAKA,2026-02-27,POINT (25.151304122148503 60.20450264921266)
Puurekisteri_piste.24329,24329,K-40046,LEIKOSAARENTIE,,Katu,PUISTOLEHMUS,Tilia,x vulgaris,0 - 10 cm,,Helsinki/MAKA,2026-02-27,POINT (25.15174776990647 60.20456102435871)
Puurekisteri_piste.24331,24331,K-40048,LEIKOSAARENTIE,,Katu,PUISTOLEHMUS,Tilia,x vulgaris,0 - 10 cm,,Helsinki/MAKA,2026-02-27,POINT (25.152902873211545 60.204706112332694)
Puurekisteri_piste.24333,24333,K-40050,LEIKOSAARENTIE,,Katu,PUISTOLEHMUS,Tilia,x vulgaris,0 - 10 cm,,Helsinki/MAKA,2026-02-27,POINT (25.15352784456602 60.20477726787834)
Puurekisteri_piste.24334,24334,K-40051,LEIKOSAARENTIE,,Katu,PUISTOLEHMUS,Tilia,x vulgaris,0 - 10 cm,,Helsinki/MAKA,2026-02-27,POINT (25.153626568117026 60.20478930094949)
Puurekisteri_piste.24335,24335,K-40052,LEIKOSAARENTIE,,Katu,PUISTOLEHMUS,Tilia,x vulgaris,0 - 10 cm,,Helsinki/MAKA,2026-02-27,POINT (25.154137922524495 60.20485840931241)
Puurekisteri_piste.24336,24336,K-40053,LEIKOSAARENTIE,,Katu,PUISTOLEHMUS,Tilia,x vulgaris,0 - 10 cm,,Helsinki/MAKA,2026-02-27,POINT (25.154246014479273 60.20486916888773)
Puurekisteri_piste.24337,24337,K-40054,LEIKOSAARENTIE,,Katu,PUISTOLEHMUS,Tilia,x vulgaris,0 - 10 cm,,Helsinki/MAKA,2026-02-27,POINT (25.15483789656181 60.204952223974786)
Puurekisteri_piste.24339,24339,K-40056,LEIKOSAARENTIE,,Katu,PUISTOLEHMUS,Tilia,x vulgaris,0 - 10 cm,,Helsinki/MAKA,2026-02-27,POINT (25.154891840303563 60.20505705033339)
Puurekisteri_piste.24340,24340,K-40057,LEIKOSAARENTIE,,Katu,PUISTOLEHMUS,Tilia,x vulgaris,0 - 10 cm,,Helsinki/MAKA,2026-02-27,POINT (25.154786967153157 60.205042605717345)
Puurekisteri_piste.24341,24341,K-40058,LEIKOSAARENTIE,,Katu,PUISTOLEHMUS,Tilia,x vulgaris,0 - 10 cm,,Helsinki/MAKA,2026-02-27,POINT (25.154193526986074 60.20496888749013)
Puurekisteri_piste.24342,24342,K-40059,LEIKOSAARENTIE,,Katu,PUISTOLEHMUS,Tilia,x vulgaris,0 - 10 cm,,Helsinki/MAKA,2026-02-27,POINT (25.154097494792147 60.20495505503518)
Puurekisteri_piste.24497,24497,K-39148,HARUSTIE,,Katu,HEVOSKASTANJA,Aesculus,hippocastanum,10 - 20 cm,,Helsinki/MAKA,2026-02-27,POINT (25.125248600017063 60.20338390628018)
Puurekisteri_piste.24498,24498,K-39149,HARUSTIE,,Katu,HEVOSKASTANJA,Aesculus,hippocastanum,10 - 20 cm,,Helsinki/MAKA,2026-02-27,POINT (25.125107022710367 60.203379457440384)
Puurekisteri_piste.24499,24499,K-39150,HARUSTIE,,Katu,HEVOSKASTANJA,Aesculus,hippocastanum,10 - 20 cm,,Helsinki/MAKA,2026-02-27,POINT (25.124982215962948 60.20337516213148)
Puurekisteri_piste.24500,24500,K-39151,HARUSTIE,,Katu,HEVOSKASTANJA,Aesculus,hippocastanum,0 - 10 cm,,Helsinki/MAKA,2026-02-27,POINT (25.124722350754144 60.20337080532612)
Puurekisteri_piste.24504,24504,K-39155,HARUSTIE,,Katu,HEVOSKASTANJAT,Aesculus,sp.,10 - 20 cm,,Helsinki/MAKA,2026-02-27,POINT (25.124137663667078 60.203384358906824)
Puurekisteri_piste.24505,24505,K-39156,HARUSTIE,,Katu,HEVOSKASTANJA,Aesculus,hippocastanum,10 - 20 cm,,Helsinki/MAKA,2026-02-27,POINT (25.124030367712237 60.20338326694865)
Puurekisteri_piste.24506,24506,K-39157,HARUSTIE,,Katu,HEVOSKASTANJA,Aesculus,hippocastanum,10 - 20 cm,,Helsinki/MAKA,2026-02-27,POINT (25.123904890908882 60.203387228946916)
Puurekisteri_piste.24507,24507,K-39158,HARUSTIE,,Katu,HEVOSKASTANJA,Aesculus,hippocastanum,10 - 20 cm,,Helsinki/MAKA,2026-02-27,POINT (25.123790034414142 60.203388212695884)
Puurekisteri_piste.24511,24511,P-32028-81,,TEHTAANPUISTO,Puisto,PUISTOLEHMUS,Tilia,x vulgaris,50 - 70 cm,,Helsinki/MAKA,2026-02-27,POINT (24.941142033000794 60.15954228077987)
Puurekisteri_piste.24512,24512,P-32028-82,,TEHTAANPUISTO,Puisto,PUISTOLEHMUS,Tilia,x vulgaris,50 - 70 cm,,Helsinki/MAKA,2026-02-27,POINT (24.941277054467484 60.15958477955386)
Puurekisteri_piste.24513,24513,P-43039-16,,ALLI TRYGGIN PUISTO (POHJOINEN),Puisto,METSÄVAAHTERA,Acer,platanoides,50 - 70 cm,,Helsinki/MAKA,2026-02-27,POINT (24.95504829589633 60.183265920163244)
Puurekisteri_piste.24514,24514,K-39560,MERI-RASTILAN TIE,,Katu,PUISTOLEHMUS,Tilia,x vulgaris,10 - 20 cm,,Helsinki/MAKA,2026-02-27,POINT (25.121819388872353 60.19986202937705)
Puurekisteri_piste.24515,24515,K-39561,MERI-RASTILAN TIE,,Katu,PUISTOLEHMUS,Tilia,x vulgaris,10 - 20 cm,,Helsinki/MAKA,2026-02-27,POINT (25.12204415255789 60.199968494612925)
Puurekisteri_piste.24516,24516,K-39562,MERI-RASTILAN TIE,,Katu,PUISTOLEHMUS,Tilia,x vulgaris,10 - 20 cm,,Helsinki/MAKA,2026-02-27,POINT (25.12213674630205 60.200043656946534)
Puurekisteri_piste.24518,24518,K-39564,MERI-RASTILAN TIE,,Katu,PUISTOLEHMUS,Tilia,x vulgaris,10 - 20 cm,,Helsinki/MAKA,2026-02-27,POINT (25.122340534111395 60.20016918123325)
Puurekisteri_piste.24519,24519,K-39565,MERI-RASTILAN TIE,,Katu,PUISTOLEHMUS,Tilia,x vulgaris,10 - 20 cm,,Helsinki/MAKA,2026-02-27,POINT (25.123915093517247 60.200868198902874)
Puurekisteri_piste.24520,24520,K-39566,MERI-RASTILAN TIE,,Katu,PUISTOLEHMUS,Tilia,x vulgaris,20 - 30 cm,,Helsinki/MAKA,2026-02-27,POINT (25.124111110654265 60.20087247572843)
Puurekisteri_piste.24521,24521,K-39567,MERI-RASTILAN TIE,,Katu,PUISTOLEHMUS,Tilia,x vulgaris,20 - 30 cm,,Helsinki/MAKA,2026-02-27,POINT (25.12428982100099 60.20087713785676)
Puurekisteri_piste.24522,24522,K-39568,MERI-RASTILAN TIE,,Katu,PUISTOLEHMUS,Tilia,x vulgaris,10 - 20 cm,,Helsinki/MAKA,2026-02-27,POINT (25.12447322095678 60.20088206179639)
Puurekisteri_piste.24523,24523,K-39569,MERI-RASTILAN TIE,,Katu,PUISTOLEHMUS,Tilia,x vulgaris,10 - 20 cm,,Helsinki/MAKA,2026-02-27,POINT (25.12465769386993 60.20088554778969)
Puurekisteri_piste.24526,24526,P-34065-42,,VALPURINPUISTO,Puisto,METSÄMÄNTY,Pinus,sylvestris,30 - 50 cm,,Helsinki/MAKA,2026-02-27,POINT (24.901757114181006 60.19248618515798)
Puurekisteri_piste.24527,24527,P-34065-43,,VALPURINPUISTO,Puisto,SEMBRAMÄNTY,Pinus,cembra,30 - 50 cm,,Helsinki/MAKA,2026-02-27,POINT (24.901303955785664 60.19250999236645)
Puurekisteri_piste.24528,24528,P-34065-44,,VALPURINPUISTO,Puisto,METSÄMÄNTY,Pinus,sylvestris,20 - 30 cm,,Helsinki/MAKA,2026-02-27,POINT (24.90119957808286 60.192481898562406)
Puurekisteri_piste.24530,24530,P-34065-170,,VALPURINPUISTO,Puisto,METSÄMÄNTY,Pinus,sylvestris,30 - 50 cm,,Helsinki/MAKA,2026-02-27,POINT (24.89918972383034 60.194084926700356)
Puurekisteri_piste.24639,24639,K-39914,TYYNYLAAVANTIE,,Katu,PUISTOLEHMUS,Tilia,x vulgaris,0 - 10 cm,,Helsinki/MAKA,2026-02-27,POINT (25.13672586083777 60.20697872061994)
Puurekisteri_piste.24641,24641,K-39916,TYYNYLAAVANTIE,,Katu,PUISTOLEHMUS,Tilia,x vulgaris,0 - 10 cm,,Helsinki/MAKA,2026-02-27,POINT (25.137096346982496 60.20698969471608)
Puurekisteri_piste.24369,24369,K-27236,LINNANRAKENTAJANTIE,,Katu,PUISTOLEHMUS,Tilia,x vulgaris,10 - 20 cm,,Helsinki/MAKA,2026-02-27,POINT (25.0365125333409 60.192774692443365)
Puurekisteri_piste.24370,24370,K-27238,LINNANRAKENTAJANTIE,,Katu,PUISTOLEHMUS,Tilia,x vulgaris,10 - 20 cm,,Helsinki/MAKA,2026-02-27,POINT (25.036616713094364 60.192771819008605)
Puurekisteri_piste.24371,24371,K-27240,LINNANRAKENTAJANTIE,,Katu,PUISTOLEHMUS,Tilia,x vulgaris,10 - 20 cm,,Helsinki/MAKA,2026-02-27,POINT (25.036681093624658 60.19272868117506)
Puurekisteri_piste.24372,24372,P-33045-523,,SIBELIUKSEN PUISTO (A),Puisto,TERVALEPPÄ,Alnus,glutinosa,30 - 50 cm,,Helsinki/MAKA,2026-02-27,POINT (24.914293148537094 60.181362095108774)
Puurekisteri_piste.24373,24373,P-33045-524,,SIBELIUKSEN PUISTO (A),Puisto,TERVALEPPÄ,Alnus,glutinosa,50 - 70 cm,,Helsinki/MAKA,2026-02-27,POINT (24.914259542627377 60.181328397916495)
Puurekisteri_piste.24374,24374,P-33045-525,,SIBELIUKSEN PUISTO (A),Puisto,METSÄVAAHTERA,Acer,platanoides,30 - 50 cm,,Helsinki/MAKA,2026-02-27,POINT (24.91429315581976 60.181324161077896)
Puurekisteri_piste.24375,24375,P-33045-526,,SIBELIUKSEN PUISTO (A),Puisto,METSÄVAAHTERA,Acer,platanoides,30 - 50 cm,,Helsinki/MAKA,2026-02-27,POINT (24.914398746468656 60.181289780478)
Puurekisteri_piste.24376,24376,P-33045-527,,SIBELIUKSEN PUISTO (A),Puisto,METSÄVAAHTERA,Acer,platanoides,30 - 50 cm,,Helsinki/MAKA,2026-02-27,POINT (24.91448130997703 60.18130043292136)
Puurekisteri_piste.24377,24377,P-33045-528,,SIBELIUKSEN PUISTO (A),Puisto,METSÄVAAHTERA,Acer,platanoides,30 - 50 cm,,Helsinki/MAKA,2026-02-27,POINT (24.914481846885774 60.18132781454271)
Puurekisteri_piste.24380,24380,K-43914,VAARNATIE,,Katu,VUORIJALAVA,Ulmus,glabra,10 - 20 cm,,Helsinki/MAKA,2026-02-27,POINT (25.119114136509424 60.23155592874259)
Puurekisteri_piste.24381,24381,K-43915,VAARNATIE,,Katu,VUORIJALAVA,Ulmus,glabra,10 - 20 cm,,Helsinki/MAKA,2026-02-27,POINT (25.119343170864678 60.23179684162639)
Puurekisteri_piste.24382,24382,K-43916,VAARNATIE,,Katu,VUORIJALAVA,Ulmus,glabra,10 - 20 cm,,Helsinki/MAKA,2026-02-27,POINT (25.119429994921717 60.23182929188823)
Puurekisteri_piste.24383,24383,K-43917,VAARNATIE,,Katu,VUORIJALAVA,Ulmus,glabra,10 - 20 cm,,Helsinki/MAKA,2026-02-27,POINT (25.119598137379285 60.231998134248165)
Puurekisteri_piste.24384,24384,K-43918,VAARNATIE,,Katu,VUORIJALAVA,Ulmus,glabra,0 - 10 cm,,Helsinki/MAKA,2026-02-27,POINT (25.11973769940108 60.23212618175001)
Puurekisteri_piste.24385,24385,K-43919,VAARNATIE,,Katu,VUORIJALAVA,Ulmus,glabra,10 - 20 cm,,Helsinki/MAKA,2026-02-27,POINT (25.119795778405845 60.232180036056356)
Puurekisteri_piste.24386,24386,K-43920,KORVATUNTURINPOLKU,,Katu,SUOMENPIHLAJA,Sorbus,hybrida,10 - 20 cm,,Helsinki/MAKA,2026-02-27,POINT (25.111959160113233 60.240666734728734)
Puurekisteri_piste.24387,24387,K-43921,KORVATUNTURINPOLKU,,Katu,SUOMENPIHLAJA,Sorbus,hybrida,10 - 20 cm,,Helsinki/MAKA,2026-02-27,POINT (25.1119504176604 60.240622499259615)
Puurekisteri_piste.25004,25004,K-43876,UNTAMALANTIE,,Katu,MAKEDONIANMÄNTY,Pinus,peuce,10 - 20 cm,,Helsinki/MAKA,2026-02-27,POINT (25.100716624765955 60.234624244846245)
Puurekisteri_piste.25005,25005,K-43877,UNTAMALANTIE,,Katu,MAKEDONIANMÄNTY,Pinus,peuce,10 - 20 cm,,Helsinki/MAKA,2026-02-27,POINT (25.10077401034577 60.23458952243005)
Puurekisteri_piste.25006,25006,K-43878,UNTAMALANTIE,,Katu,MAKEDONIANMÄNTY,Pinus,peuce,10 - 20 cm,,Helsinki/MAKA,2026-02-27,POINT (25.10112107235937 60.234487630387214)
Puurekisteri_piste.25008,25008,K-43880,UNTAMALANTIE,,Katu,MAKEDONIANMÄNTY,Pinus,peuce,10 - 20 cm,,Helsinki/MAKA,2026-02-27,POINT (25.101236395619797 60.234453187987036)
Puurekisteri_piste.25011,25011,K-43788,KARPALOPOLKU,,Katu,METSÄTAMMI,Quercus,robur,10 - 20 cm,,Helsinki/MAKA,2026-02-27,POINT (25.07265948489667 60.22938736153099)
Puurekisteri_piste.25012,25012,K-43789,KARPALOPOLKU,,Katu,METSÄTAMMI,Quercus,robur,0 - 10 cm,,Helsinki/MAKA,2026-02-27,POINT (25.07271147220203 60.22942948575189)
Puurekisteri_piste.25013,25013,K-43790,KARPALOPOLKU,,Katu,METSÄTAMMI,Quercus,robur,0 - 10 cm,,Helsinki/MAKA,2026-02-27,POINT (25.072744855190205 60.22946795140928)
Puurekisteri_piste.25014,25014,K-43791,KUOVIPOLKU,,Katu,TUOMI/KIRSIKKA,Prunus,sp.,10 - 20 cm,,Helsinki/MAKA,2026-02-27,POINT (25.0678463592288 60.23239133479958)
Puurekisteri_piste.25015,25015,K-43792,KUOVIPOLKU,,Katu,TUOMI/KIRSIKKA,Prunus,sp.,10 - 20 cm,,Helsinki/MAKA,2026-02-27,POINT (25.067890965915474 60.23235753831626)
Puurekisteri_piste.25017,25017,K-43794,KUOVIPOLKU,,Katu,TUOMI/KIRSIKKA,Prunus,sp.,10 - 20 cm,,Helsinki/MAKA,2026-02-27,POINT (25.067970134408732 60.232303778367445)
Puurekisteri_piste.25018,25018,K-43795,KURKIAISPOLKU,,Katu,PIHLAJA,Sorbus,sp.,10 - 20 cm,,Helsinki/MAKA,2026-02-27,POINT (25.063525053201005 60.23285532151063)
Puurekisteri_piste.25019,25019,K-43796,KURKIAISPOLKU,,Katu,PIHLAJA,Sorbus,sp.,10 - 20 cm,,Helsinki/MAKA,2026-02-27,POINT (25.06358814646784 60.23283820057905)
Puurekisteri_piste.25021,25021,K-39250,IILUODONTIE,,Katu,METSÄVAAHTERA,Acer,platanoides,0 - 10 cm,,Helsinki/MAKA,2026-02-27,POINT (25.145433827744604 60.20513274383768)
Puurekisteri_piste.25022,25022,K-39251,IILUODONTIE,,Katu,METSÄVAAHTERA,Acer,platanoides,0 - 10 cm,,Helsinki/MAKA,2026-02-27,POINT (25.145457250609653 60.20507714686345)
Puurekisteri_piste.25024,25024,K-39253,IILUODONTIE,,Katu,METSÄVAAHTERA,Acer,platanoides,0 - 10 cm,,Helsinki/MAKA,2026-02-27,POINT (25.145508097020343 60.20497088254421)
Puurekisteri_piste.25025,25025,K-39254,IILUODONTIE,,Katu,METSÄVAAHTERA,Acer,platanoides,0 - 10 cm,,Helsinki/MAKA,2026-02-27,POINT (25.14564099001822 60.204732721238884)
Puurekisteri_piste.25026,25026,K-39255,IILUODONTIE,,Katu,METSÄVAAHTERA,Acer,platanoides,0 - 10 cm,,Helsinki/MAKA,2026-02-27,POINT (25.145722448754732 60.204567706247055)
Puurekisteri_piste.25027,25027,K-39256,IILUODONTIE,,Katu,METSÄVAAHTERA,Acer,platanoides,0 - 10 cm,,Helsinki/MAKA,2026-02-27,POINT (25.14574695327369 60.20451219713583)
Puurekisteri_piste.24294,24294,K-31535,RANTAKARTANONTIE,,Katu,PUISTOLEHMUS,Tilia,x vulgaris,30 - 50 cm,,Helsinki/MAKA,2026-02-27,POINT (25.105229446887808 60.21235789342112)
Puurekisteri_piste.25391,25391,K-39446,KALLVIKINTIE,,Katu,PUISTOLEHMUS,Tilia,x vulgaris,0 - 10 cm,,Helsinki/MAKA,2026-02-27,POINT (25.13493918711412 60.206996069472474)
Puurekisteri_piste.24296,24296,P-99101-223,,SUOMENLINNA,Puisto,LEHTOSAARNI,Fraxinus,excelsior,20 - 30 cm,,Helsinki/MAKA,2026-02-27,POINT (24.987175700138057 60.14574915005938)
Puurekisteri_piste.24297,24297,P-44024-1,,ROINEENPUISTO,Puisto,PUISTOLEHMUS,Tilia,x vulgaris,20 - 30 cm,,Helsinki/MAKA,2026-02-27,POINT (24.985621774974042 60.141081469482515)
Puurekisteri_piste.24298,24298,P-44024-2,,ROINEENPUISTO,Puisto,PUISTOLEHMUS,Tilia,x vulgaris,20 - 30 cm,,Helsinki/MAKA,2026-02-27,POINT (24.955825130775462 60.192019439955345)
Puurekisteri_piste.25035,25035,P-99101-228,,SUOMENLINNA,Puisto,LEHTOSAARNI,Fraxinus,excelsior,20 - 30 cm,,Helsinki/MAKA,2026-02-27,POINT (24.98678874507984 60.14586764940268)
Puurekisteri_piste.25036,25036,P-99101-229,,SUOMENLINNA,Puisto,LEHTOSAARNI,Fraxinus,excelsior,20 - 30 cm,,Helsinki/MAKA,2026-02-27,POINT (24.986699099490885 60.14589069436223)
Puurekisteri_piste.25038,25038,P-99101-231,,SUOMENLINNA,Puisto,LEHTOSAARNI,Fraxinus,excelsior,10 - 20 cm,,Helsinki/MAKA,2026-02-27,POINT (24.986571034866554 60.14592398072042)
Puurekisteri_piste.25039,25039,P-99101-232,,SUOMENLINNA,Puisto,LEHTOSAARNI,Fraxinus,excelsior,20 - 30 cm,,Helsinki/MAKA,2026-02-27,POINT (24.986478818670903 60.145943193453)
Puurekisteri_piste.25040,25040,P-99101-233,,SUOMENLINNA,Puisto,LEHTOSAARNI,Fraxinus,excelsior,20 - 30 cm,,Helsinki/MAKA,2026-02-27,POINT (24.986401967924184 60.145957287327576)
Puurekisteri_piste.25041,25041,P-99101-234,,SUOMENLINNA,Puisto,LEHTOSAARNI,Fraxinus,excelsior,20 - 30 cm,,Helsinki/MAKA,2026-02-27,POINT (24.986427484364384 60.145902329749674)
Puurekisteri_piste.25042,25042,P-99101-235,,SUOMENLINNA,Puisto,METSÄVAAHTERA,Acer,platanoides,20 - 30 cm,,Helsinki/MAKA,2026-02-27,POINT (24.986404354351198 60.1458691187446)
Puurekisteri_piste.25044,25044,P-99101-237,,SUOMENLINNA,Puisto,METSÄVAAHTERA,Acer,platanoides,10 - 20 cm,,Helsinki/MAKA,2026-02-27,POINT (24.986335135487234 60.145855097448184)
Puurekisteri_piste.25045,25045,P-99101-238,,SUOMENLINNA,Puisto,METSÄVAAHTERA,Acer,platanoides,10 - 20 cm,,Helsinki/MAKA,2026-02-27,POINT (24.986601650629822 60.14585624267993)
Puurekisteri_piste.25046,25046,P-99101-239,,SUOMENLINNA,Puisto,METSÄVAAHTERA,Acer,platanoides,10 - 20 cm,,Helsinki/MAKA,2026-02-27,POINT (24.986691298755034 60.14583447557043)
Puurekisteri_piste.25047,25047,P-99101-240,,SUOMENLINNA,Puisto,METSÄVAAHTERA,Acer,platanoides,10 - 20 cm,,Helsinki/MAKA,2026-02-27,POINT (24.986773264056318 60.14581526781492)
Puurekisteri_piste.25048,25048,P-99101-241,,SUOMENLINNA,Puisto,METSÄVAAHTERA,Acer,platanoides,20 - 30 cm,,Helsinki/MAKA,2026-02-27,POINT (24.986834718036345 60.14579095910542)
Puurekisteri_piste.25050,25050,K-44010,KARPALOTIE,,Katu,RAUDUSKOIVU,Betula,pendula,30 - 50 cm,,Helsinki/MAKA,2026-02-27,POINT (25.078555815238335 60.233281398316194)
Puurekisteri_piste.25052,25052,K-44012,KARPALOTIE,,Katu,RAUDUSKOIVU,Betula,pendula,30 - 50 cm,,Helsinki/MAKA,2026-02-27,POINT (25.078459621382947 60.23316941164065)
Puurekisteri_piste.25053,25053,K-44013,KARPALOTIE,,Katu,RAUDUSKOIVU,Betula,pendula,30 - 50 cm,,Helsinki/MAKA,2026-02-27,POINT (25.07840195083654 60.23311167947234)
Puurekisteri_piste.25054,25054,K-44014,KARPALOTIE,,Katu,RAUDUSKOIVU,Betula,pendula,30 - 50 cm,,Helsinki/MAKA,2026-02-27,POINT (25.078298584474993 60.23298706702571)
Puurekisteri_piste.25055,25055,K-44015,KARPALOTIE,,Katu,RAUDUSKOIVU,Betula,pendula,30 - 50 cm,,Helsinki/MAKA,2026-02-27,POINT (25.078226708364163 60.23292466356091)
Puurekisteri_piste.25056,25056,K-44016,KARPALOTIE,,Katu,RAUDUSKOIVU,Betula,pendula,30 - 50 cm,,Helsinki/MAKA,2026-02-27,POINT (25.07815657789163 60.23286533053051)
Puurekisteri_piste.25057,25057,K-44017,KARPALOTIE,,Katu,RAUDUSKOIVU,Betula,pendula,30 - 50 cm,,Helsinki/MAKA,2026-02-27,POINT (25.078108444489718 60.2328014837369)
Puurekisteri_piste.25058,25058,K-44018,KARPALOTIE,,Katu,RAUDUSKOIVU,Betula,pendula,30 - 50 cm,,Helsinki/MAKA,2026-02-27,POINT (25.078058869619664 60.23273808740254)
Puurekisteri_piste.25060,25060,K-44020,KARPALOTIE,,Katu,RAUDUSKOIVU,Betula,pendula,30 - 50 cm,,Helsinki/MAKA,2026-02-27,POINT (25.077914038197395 60.232606861170325)
Puurekisteri_piste.24344,24344,P-34010-18,,JOSAFATINKALLIOT,Puisto,PAJU,Salix,sp.,20 - 30 cm,,Helsinki/MAKA,2026-02-27,POINT (24.945388733619435 60.18696963004565)
Puurekisteri_piste.24348,24348,P-43042-23,,PORTHANINPUISTIKKO,Puisto,PIHTA,Abies,sp.,10 - 20 cm,,Helsinki/MAKA,2026-02-27,POINT (24.951665628452286 60.18310249144877)
Puurekisteri_piste.24349,24349,P-43042-24,,PORTHANINPUISTIKKO,Puisto,METSÄVAAHTERA,Acer,platanoides,10 - 20 cm,,Helsinki/MAKA,2026-02-27,POINT (24.95158495238886 60.18304741805788)
Puurekisteri_piste.24455,24455,P-33049-17,,LINNANKOSKENKADUN PUISTO,Puisto,METSÄVAAHTERA,Acer,platanoides,10 - 20 cm,,Helsinki/MAKA,2026-02-27,POINT (24.911548974657876 60.183367515230685)
Puurekisteri_piste.24456,24456,P-33049-18,,LINNANKOSKENKADUN PUISTO,Puisto,METSÄVAAHTERA,Acer,platanoides,20 - 30 cm,,Helsinki/MAKA,2026-02-27,POINT (24.911590907927664 60.183321286601064)
Puurekisteri_piste.24457,24457,P-33049-19,,LINNANKOSKENKADUN PUISTO,Puisto,METSÄVAAHTERA,Acer,platanoides,10 - 20 cm,,Helsinki/MAKA,2026-02-27,POINT (24.911625844828265 60.18330985537283)
Puurekisteri_piste.24459,24459,P-33049-21,,LINNANKOSKENKADUN PUISTO,Puisto,METSÄVAAHTERA,Acer,platanoides,10 - 20 cm,,Helsinki/MAKA,2026-02-27,POINT (24.911516555260103 60.18329816577981)
Puurekisteri_piste.24460,24460,P-33049-22,,LINNANKOSKENKADUN PUISTO,Puisto,METSÄVAAHTERA,Acer,platanoides,10 - 20 cm,,Helsinki/MAKA,2026-02-27,POINT (24.911487605047537 60.18331655696657)
Puurekisteri_piste.24461,24461,P-33049-23,,LINNANKOSKENKADUN PUISTO,Puisto,METSÄVAAHTERA,Acer,platanoides,30 - 50 cm,,Helsinki/MAKA,2026-02-27,POINT (24.911702213533538 60.183260149248014)
Puurekisteri_piste.24462,24462,P-33049-24,,LINNANKOSKENKADUN PUISTO,Puisto,METSÄVAAHTERA,Acer,platanoides,30 - 50 cm,,Helsinki/MAKA,2026-02-27,POINT (24.91157146556144 60.183245724131076)
Puurekisteri_piste.24463,24463,P-33049-25,,LINNANKOSKENKADUN PUISTO,Puisto,METSÄVAAHTERA,Acer,platanoides,20 - 30 cm,,Helsinki/MAKA,2026-02-27,POINT (24.911720194613665 60.183203976708256)
Puurekisteri_piste.24465,24465,P-32028-98,,TEHTAANPUISTO,Puisto,VUORIJALAVA,Ulmus,glabra,70 cm -,,Helsinki/MAKA,2026-02-27,POINT (24.941603532973218 60.15902668434619)
Puurekisteri_piste.24467,24467,P-53004-3,,STANSVIKINKARTANO,Puisto,METSÄTAMMI,Quercus,robur,50 - 70 cm,,Helsinki/MAKA,2026-02-27,POINT (25.027891073439033 60.16537772054617)
Puurekisteri_piste.24468,24468,P-54037-808,,HERTTONIEMENKARTANO,Puisto,KUJASALAVA,Salix,x rubens,0 - 10 cm,,Helsinki/MAKA,2026-02-27,POINT (25.046479305530017 60.18915596617613)
Puurekisteri_piste.24469,24469,P-54037-809,,HERTTONIEMENKARTANO,Puisto,KUJASALAVA,Salix,x rubens,0 - 10 cm,,Helsinki/MAKA,2026-02-27,POINT (25.04630462159449 60.18896092405209)
Puurekisteri_piste.24470,24470,K-3627,MECHELININKATU,,Katu,PUISTOLEHMUS,Tilia,x vulgaris,30 - 50 cm,,Helsinki/MAKA,2026-02-27,POINT (24.91788841570169 60.17642652711375)
Puurekisteri_piste.24471,24471,K-3641,MECHELININKATU,,Katu,PUISTOLEHMUS,Tilia,x vulgaris,30 - 50 cm,,Helsinki/MAKA,2026-02-27,POINT (24.917197677106184 60.17787063991873)
Puurekisteri_piste.24472,24472,K-3658,MECHELININKATU,,Katu,PUISTOLEHMUS,Tilia,x vulgaris,50 - 70 cm,,Helsinki/MAKA,2026-02-27,POINT (24.916671057852128 60.179052764299826)
Puurekisteri_piste.24477,24477,P-33020-36,,TOKOINRANTA,Puisto,METSÄVAAHTERA,Acer,platanoides,30 - 50 cm,,Helsinki/MAKA,2026-02-27,POINT (24.94778160494532 60.17992591446211)
Puurekisteri_piste.24478,24478,P-33020-37,,TOKOINRANTA,Puisto,METSÄVAAHTERA,Acer,platanoides,50 - 70 cm,,Helsinki/MAKA,2026-02-27,POINT (24.94782322578154 60.179979207634155)
Puurekisteri_piste.24479,24479,P-33020-38,,TOKOINRANTA,Puisto,METSÄVAAHTERA,Acer,platanoides,50 - 70 cm,,Helsinki/MAKA,2026-02-27,POINT (24.947712915038007 60.18001311655441)
Puurekisteri_piste.24480,24480,P-54108-26,,MARGAREETANPUISTO,Puisto,OMENAPUU,Malus,sp.,0 - 10 cm,2000,Helsinki/MAKA,2026-02-27,POINT (25.03769198093475 60.19031074102099)
Puurekisteri_piste.24481,24481,P-54108-27,,MARGAREETANPUISTO,Puisto,HEVOSKASTANJA,Aesculus,hippocastanum,10 - 20 cm,2000,Helsinki/MAKA,2026-02-27,POINT (25.037600344630718 60.190315690569)
Puurekisteri_piste.24482,24482,P-54108-28,,MARGAREETANPUISTO,Puisto,OMENAPUU,Malus,sp.,0 - 10 cm,2000,Helsinki/MAKA,2026-02-27,POINT (25.03773812724866 60.19026365215912)
Puurekisteri_piste.24483,24483,K-39103,HALKAISIJANTIE,,Katu,PUISTOLEHMUS,Tilia,x vulgaris,10 - 20 cm,,Helsinki/MAKA,2026-02-27,POINT (25.12784943464577 60.20245738468353)
Puurekisteri_piste.24484,24484,K-39104,HALKAISIJANTIE,,Katu,PUISTOLEHMUS,Tilia,x vulgaris,10 - 20 cm,,Helsinki/MAKA,2026-02-27,POINT (25.1277962381135 60.20251392257905)
Puurekisteri_piste.24485,24485,K-39105,HALKAISIJANTIE,,Katu,PUISTOLEHMUS,Tilia,x vulgaris,10 - 20 cm,,Helsinki/MAKA,2026-02-27,POINT (25.12772539065312 60.20257362937018)
Puurekisteri_piste.24486,24486,K-39106,HALKAISIJANTIE,,Katu,PUISTOLEHMUS,Tilia,x vulgaris,10 - 20 cm,,Helsinki/MAKA,2026-02-27,POINT (25.127668264185218 60.202636097062346)
Puurekisteri_piste.24487,24487,K-39107,HALKAISIJANTIE,,Katu,PUISTOLEHMUS,Tilia,x vulgaris,10 - 20 cm,,Helsinki/MAKA,2026-02-27,POINT (25.127604414486946 60.20269040767138)
Puurekisteri_piste.24488,24488,P-34020-265,,ALPPIPUISTO,Puisto,RAUDUSKOIVU,Betula,pendula,50 - 70 cm,,Helsinki/MAKA,2026-02-27,POINT (24.934670002481194 60.191768087237335)
Puurekisteri_piste.24489,24489,P-34020-266,,ALPPIPUISTO,Puisto,RAUDUSKOIVU,Betula,pendula,30 - 50 cm,,Helsinki/MAKA,2026-02-27,POINT (24.934635524091902 60.19178051199013)
Puurekisteri_piste.24490,24490,P-34020-267,,ALPPIPUISTO,Puisto,RAUDUSKOIVU,Betula,pendula,30 - 50 cm,,Helsinki/MAKA,2026-02-27,POINT (24.934654610336416 60.19180425618979)
Puurekisteri_piste.24491,24491,P-34020-75,,ALPPIPUISTO,Puisto,METSÄVAAHTERA,Acer,platanoides,30 - 50 cm,,Helsinki/MAKA,2026-02-27,POINT (24.9366424822824 60.18887888487072)
Puurekisteri_piste.24492,24492,P-34020-76,,ALPPIPUISTO,Puisto,METSÄMÄNTY,Pinus,sylvestris,50 - 70 cm,,Helsinki/MAKA,2026-02-27,POINT (24.936684129279634 60.18892240940814)
Puurekisteri_piste.24493,24493,P-34020-77,,ALPPIPUISTO,Puisto,METSÄMÄNTY,Pinus,sylvestris,50 - 70 cm,,Helsinki/MAKA,2026-02-27,POINT (24.936534270268663 60.188909472266225)
Puurekisteri_piste.24494,24494,P-34020-78,,ALPPIPUISTO,Puisto,METSÄMÄNTY,Pinus,sylvestris,50 - 70 cm,,Helsinki/MAKA,2026-02-27,POINT (24.936486413673315 60.18893642488314)
Puurekisteri_piste.24495,24495,P-34020-79,,ALPPIPUISTO,Puisto,KOTIPIHLAJA,Sorbus,aucuparia,0 - 10 cm,,Helsinki/MAKA,2026-02-27,POINT (24.936444832829434 60.18902970753416)
Puurekisteri_piste.24448,24448,K-39146,HARUSTIE,,Katu,HEVOSKASTANJA,Aesculus,hippocastanum,10 - 20 cm,,Helsinki/MAKA,2026-02-27,POINT (25.125921074156825 60.20342370487423)
Puurekisteri_piste.24449,24449,P-34047-21,,URHEILULEHTO,Puisto,LEHTOSAARNI,Fraxinus,excelsior,30 - 50 cm,,Helsinki/MAKA,2026-02-27,POINT (24.919483628195593 60.18926375647897)
Puurekisteri_piste.24450,24450,K-39897,SOLVIKINKATU,,Katu,PUISTOLEHMUS,Tilia,x vulgaris,0 - 10 cm,,Helsinki/MAKA,2026-02-27,POINT (25.154337166749045 60.20242206337116)
Puurekisteri_piste.24451,24451,K-39898,SOLVIKINKATU,,Katu,PUISTOLEHMUS,Tilia,x vulgaris,0 - 10 cm,,Helsinki/MAKA,2026-02-27,POINT (25.15447585418866 60.20245116827424)
Puurekisteri_piste.24453,24453,K-39900,SOLVIKINKATU,,Katu,PUISTOLEHMUS,Tilia,x vulgaris,0 - 10 cm,,Helsinki/MAKA,2026-02-27,POINT (25.154728138411297 60.202505472778235)
Puurekisteri_piste.24454,24454,K-39901,SOLVIKINKATU,,Katu,PUISTOLEHMUS,Tilia,x vulgaris,0 - 10 cm,,Helsinki/MAKA,2026-02-27,POINT (25.154865581632883 60.202537002804206)
Puurekisteri_piste.25072,25072,K-39649,LEIKOSAARENTIE,,Katu,PUISTOLEHMUS,Tilia,x vulgaris,10 - 20 cm,,Helsinki/MAKA,2026-02-27,POINT (25.138842520223662 60.20280208828383)
Puurekisteri_piste.25073,25073,K-39650,LEIKOSAARENTIE,,Katu,PUISTOLEHMUS,Tilia,x vulgaris,10 - 20 cm,,Helsinki/MAKA,2026-02-27,POINT (25.138966867928282 60.20281875727355)
Puurekisteri_piste.25074,25074,K-39651,LEIKOSAARENTIE,,Katu,PUISTOLEHMUS,Tilia,x vulgaris,10 - 20 cm,,Helsinki/MAKA,2026-02-27,POINT (25.139097498684098 60.20283119738314)
Puurekisteri_piste.25075,25075,K-39652,LEIKOSAARENTIE,,Katu,PUISTOLEHMUS,Tilia,x vulgaris,10 - 20 cm,,Helsinki/MAKA,2026-02-27,POINT (25.13921808992222 60.20285235997901)
Puurekisteri_piste.25076,25076,K-39653,LEIKOSAARENTIE,,Katu,PUISTOLEHMUS,Tilia,x vulgaris,10 - 20 cm,,Helsinki/MAKA,2026-02-27,POINT (25.139329232137435 60.202862588147674)
Puurekisteri_piste.25078,25078,K-39655,LEIKOSAARENTIE,,Katu,PUISTOLEHMUS,Tilia,x vulgaris,10 - 20 cm,,Helsinki/MAKA,2026-02-27,POINT (25.13955753407714 60.20289308664159)
Puurekisteri_piste.25079,25079,K-39656,LEIKOSAARENTIE,,Katu,PUISTOLEHMUS,Tilia,x vulgaris,10 - 20 cm,,Helsinki/MAKA,2026-02-27,POINT (25.13968222757535 60.202907420802845)
Puurekisteri_piste.25080,25080,K-39657,LEIKOSAARENTIE,,Katu,PUISTOLEHMUS,Tilia,x vulgaris,0 - 10 cm,,Helsinki/MAKA,2026-02-27,POINT (25.14039492802323 60.20297535187743)
Puurekisteri_piste.25081,25081,K-39658,LEIKOSAARENTIE,,Katu,PUISTOLEHMUS,Tilia,x vulgaris,10 - 20 cm,,Helsinki/MAKA,2026-02-27,POINT (25.140534836573316 60.20297287615512)
Puurekisteri_piste.25082,25082,P-33045-320,,SIBELIUKSEN PUISTO (A),Puisto,RAUDUSKOIVU,Betula,pendula,10 - 20 cm,,Helsinki/MAKA,2026-02-27,POINT (24.914333911124206 60.183179388904854)
Puurekisteri_piste.25083,25083,P-33045-321,,SIBELIUKSEN PUISTO (A),Puisto,RAUDUSKOIVU,Betula,pendula,10 - 20 cm,,Helsinki/MAKA,2026-02-27,POINT (24.91422442914216 60.18314399866728)
Puurekisteri_piste.25084,25084,P-33045-322,,SIBELIUKSEN PUISTO (A),Puisto,RAUDUSKOIVU,Betula,pendula,30 - 50 cm,,Helsinki/MAKA,2026-02-27,POINT (24.91427601226041 60.183134791342205)
Puurekisteri_piste.25085,25085,P-33045-323,,SIBELIUKSEN PUISTO (A),Puisto,RAUDUSKOIVU,Betula,pendula,10 - 20 cm,,Helsinki/MAKA,2026-02-27,POINT (24.914337810239886 60.1831469124291)
Puurekisteri_piste.25088,25088,P-33045-326,,SIBELIUKSEN PUISTO (A),Puisto,RAUDUSKOIVU,Betula,pendula,20 - 30 cm,,Helsinki/MAKA,2026-02-27,POINT (24.91430910987761 60.1830945606371)
Puurekisteri_piste.25089,25089,P-33045-327,,SIBELIUKSEN PUISTO (A),Puisto,METSÄMÄNTY,Pinus,sylvestris,30 - 50 cm,,Helsinki/MAKA,2026-02-27,POINT (24.91440352389564 60.18303857920818)
Puurekisteri_piste.25090,25090,P-33045-328,,SIBELIUKSEN PUISTO (A),Puisto,RAUDUSKOIVU,Betula,pendula,10 - 20 cm,,Helsinki/MAKA,2026-02-27,POINT (24.91413930406201 60.18297700635486)
Puurekisteri_piste.25091,25091,P-33045-329,,SIBELIUKSEN PUISTO (A),Puisto,RAUDUSKOIVU,Betula,pendula,10 - 20 cm,,Helsinki/MAKA,2026-02-27,POINT (24.914211799303516 60.18302984502855)
Puurekisteri_piste.25092,25092,P-33045-330,,SIBELIUKSEN PUISTO (A),Puisto,RAUDUSKOIVU,Betula,pendula,20 - 30 cm,,Helsinki/MAKA,2026-02-27,POINT (24.91413345626019 60.18301990434855)
Puurekisteri_piste.25094,25094,P-33049-123,,LINNANKOSKENKADUN PUISTO,Puisto,METSÄVAAHTERA,Acer,platanoides,30 - 50 cm,,Helsinki/MAKA,2026-02-27,POINT (24.910113351659902 60.183662338470505)
Puurekisteri_piste.25095,25095,P-33045-180,,SIBELIUKSEN PUISTO (A),Puisto,TERVALEPPÄ,Alnus,glutinosa,20 - 30 cm,,Helsinki/MAKA,2026-02-27,POINT (24.912763514519394 60.181835943159435)
Puurekisteri_piste.25096,25096,P-33045-181,,SIBELIUKSEN PUISTO (A),Puisto,METSÄVAAHTERA,Acer,platanoides,20 - 30 cm,,Helsinki/MAKA,2026-02-27,POINT (24.91266379853518 60.181866526524466)
Puurekisteri_piste.25097,25097,P-33045-182,,SIBELIUKSEN PUISTO (A),Puisto,METSÄMÄNTY,Pinus,sylvestris,30 - 50 cm,,Helsinki/MAKA,2026-02-27,POINT (24.912686192977315 60.181882722192356)
Puurekisteri_piste.25098,25098,P-33045-183,,SIBELIUKSEN PUISTO (A),Puisto,HIESKOIVU,Betula,pubescens,30 - 50 cm,,Helsinki/MAKA,2026-02-27,POINT (24.912777950490632 60.181897122599665)
Puurekisteri_piste.25100,25100,P-33046-159,,SIBELIUKSEN PUISTO (B),Puisto,PIHLAJA,Sorbus,sp.,0 - 10 cm,,Helsinki/MAKA,2026-02-27,POINT (24.915873532326412 60.181625853065)
Puurekisteri_piste.25101,25101,P-33046-160,,SIBELIUKSEN PUISTO (B),Puisto,METSÄVAAHTERA,Acer,platanoides,20 - 30 cm,,Helsinki/MAKA,2026-02-27,POINT (24.9159978537852 60.181629346024735)
Puurekisteri_piste.24158,24158,K-27124,LAIVALAHDEN PUISTOTIE,,Katu,PUISTOLEHMUS,Tilia,x vulgaris,0 - 10 cm,2002,Helsinki/MAKA,2026-02-27,POINT (25.031092533940868 60.18758252143131)
Puurekisteri_piste.24159,24159,K-27126,LAIVALAHDEN PUISTOTIE,,Katu,PUISTOLEHMUS,Tilia,x vulgaris,0 - 10 cm,2002,Helsinki/MAKA,2026-02-27,POINT (25.031154366115143 60.18764000168543)
Puurekisteri_piste.24160,24160,K-27128,LAIVALAHDEN PUISTOTIE,,Katu,PUISTOLEHMUS,Tilia,x vulgaris,0 - 10 cm,2002,Helsinki/MAKA,2026-02-27,POINT (25.03120735482456 60.18769380941208)
Puurekisteri_piste.24161,24161,K-27130,LAIVALAHDEN PUISTOTIE,,Katu,PUISTOLEHMUS,Tilia,x vulgaris,0 - 10 cm,2002,Helsinki/MAKA,2026-02-27,POINT (25.031260152881856 60.18774447591054)
Puurekisteri_piste.24163,24163,K-27134,LAIVALAHDEN PUISTOTIE,,Katu,PUISTOLEHMUS,Tilia,x vulgaris,0 - 10 cm,2002,Helsinki/MAKA,2026-02-27,POINT (25.031372832370923 60.18786177899868)
Puurekisteri_piste.24165,24165,K-27138,NEITOJENPOLKU,,Katu,PUISTOLEHMUS,Tilia,x vulgaris,10 - 20 cm,2002,Helsinki/MAKA,2026-02-27,POINT (25.03690580863655 60.18684893374764)
Puurekisteri_piste.24166,24166,K-27140,NEITOJENPOLKU,,Katu,PUISTOLEHMUS,Tilia,x vulgaris,10 - 20 cm,2002,Helsinki/MAKA,2026-02-27,POINT (25.03685208123058 60.18679234659181)
Puurekisteri_piste.24167,24167,K-27142,NEITOJENPOLKU,,Katu,PUISTOLEHMUS,Tilia,x vulgaris,10 - 20 cm,2002,Helsinki/MAKA,2026-02-27,POINT (25.036953921559714 60.186897717289526)
Puurekisteri_piste.24168,24168,K-27144,NEITOJENPOLKU,,Katu,PUISTOLEHMUS,Tilia,x vulgaris,10 - 20 cm,2002,Helsinki/MAKA,2026-02-27,POINT (25.03699140486027 60.186843645241524)
Puurekisteri_piste.24169,24169,K-27146,KILLINGHOLMANKUJA,,Katu,METSÄLEHMUS,Tilia,cordata,10 - 20 cm,2000,Helsinki/MAKA,2026-02-27,POINT (25.03544658949766 60.18589056422897)
Puurekisteri_piste.24170,24170,K-27148,KILLINGHOLMANKUJA,,Katu,METSÄLEHMUS,Tilia,cordata,10 - 20 cm,1999,Helsinki/MAKA,2026-02-27,POINT (25.035449123568036 60.18584209530071)
Puurekisteri_piste.24171,24171,K-27150,KILLINGHOLMANKUJA,,Katu,METSÄLEHMUS,Tilia,cordata,0 - 10 cm,2004,Helsinki/MAKA,2026-02-27,POINT (25.035466625960982 60.18579648550053)
Puurekisteri_piste.24172,24172,P-34042-6,,VAUHTIPUISTO,Puisto,RAUDUSKOIVU,Betula,pendula,10 - 20 cm,,Helsinki/MAKA,2026-02-27,POINT (24.93459837796371 60.187506386830954)
Puurekisteri_piste.24174,24174,P-33078-7,,SAMMONPUISTIKKO,Puisto,METSÄVAAHTERA,Acer,platanoides,20 - 30 cm,,Helsinki/MAKA,2026-02-27,POINT (24.92272498696677 60.17267845121817)
Puurekisteri_piste.24175,24175,P-33078-8,,SAMMONPUISTIKKO,Puisto,METSÄVAAHTERA,Acer,platanoides,0 - 10 cm,,Helsinki/MAKA,2026-02-27,POINT (24.922798305730137 60.172597198200805)
Puurekisteri_piste.24176,24176,P-33078-9,,SAMMONPUISTIKKO,Puisto,METSÄVAAHTERA,Acer,platanoides,30 - 50 cm,,Helsinki/MAKA,2026-02-27,POINT (24.923010114647123 60.172343281663444)
Puurekisteri_piste.9198,9198,P-32041-7,,NEITSYTPUISTO,Puisto,PUISTOLEHMUS,Tilia,x vulgaris,50 - 70 cm,,Helsinki/MAKA,2026-02-27,POINT (24.949733206867418 60.158619217499655)
Puurekisteri_piste.24388,24388,K-43922,KORVATUNTURINPOLKU,,Katu,SUOMENPIHLAJA,Sorbus,hybrida,10 - 20 cm,,Helsinki/MAKA,2026-02-27,POINT (25.111944918317942 60.240577182083015)
Puurekisteri_piste.24389,24389,K-43923,KORVATUNTURINPOLKU,,Katu,SUOMENPIHLAJA,Sorbus,hybrida,10 - 20 cm,,Helsinki/MAKA,2026-02-27,POINT (25.11194246116076 60.2405272831345)
Puurekisteri_piste.24390,24390,K-43924,KORVATUNTURINPOLKU,,Katu,SUOMENPIHLAJA,Sorbus,hybrida,10 - 20 cm,,Helsinki/MAKA,2026-02-27,POINT (25.111876144413323 60.24067098296803)
Puurekisteri_piste.24391,24391,K-43925,KORVATUNTURINPOLKU,,Katu,SUOMENPIHLAJA,Sorbus,hybrida,10 - 20 cm,,Helsinki/MAKA,2026-02-27,POINT (25.111868279566515 60.24062243810095)
Puurekisteri_piste.24394,24394,K-43928,KORVATUNTURINPOLKU,,Katu,SUOMENPIHLAJA,Sorbus,hybrida,20 - 30 cm,,Helsinki/MAKA,2026-02-27,POINT (25.11191891198299 60.240420421631455)
Puurekisteri_piste.24396,24396,K-44097,KONTULANKAARI,,Katu,LEHTIKUUSI,Larix,sp.,10 - 20 cm,,Helsinki/MAKA,2026-02-27,POINT (25.07954674943608 60.23751232238124)
Puurekisteri_piste.24398,24398,K-44099,KONTULANKAARI,,Katu,LEHTIKUUSI,Larix,sp.,0 - 10 cm,,Helsinki/MAKA,2026-02-27,POINT (25.079381136563597 60.23756843641833)
Puurekisteri_piste.24400,24400,K-44101,KONTULANKAARI,,Katu,LEHTIKUUSI,Larix,sp.,20 - 30 cm,,Helsinki/MAKA,2026-02-27,POINT (25.079205845257086 60.237638922220775)
Puurekisteri_piste.24401,24401,K-44102,KONTULANKAARI,,Katu,LEHTIKUUSI,Larix,sp.,10 - 20 cm,,Helsinki/MAKA,2026-02-27,POINT (25.079119554623944 60.23767447755663)
Puurekisteri_piste.24403,24403,K-44104,KONTULANKAARI,,Katu,LEHTIKUUSI,Larix,sp.,20 - 30 cm,,Helsinki/MAKA,2026-02-27,POINT (25.07894315189469 60.2377393099294)
Puurekisteri_piste.24405,24405,K-44106,KONTULANKAARI,,Katu,LEHTIKUUSI,Larix,sp.,0 - 10 cm,,Helsinki/MAKA,2026-02-27,POINT (25.078780099385746 60.23780277987161)
Puurekisteri_piste.24406,24406,K-44107,KONTULANKAARI,,Katu,LEHTIKUUSI,Larix,sp.,10 - 20 cm,,Helsinki/MAKA,2026-02-27,POINT (25.07868695513219 60.237839689378674)
Puurekisteri_piste.24407,24407,K-44108,KONTULANKAARI,,Katu,LEHTIKUUSI,Larix,sp.,10 - 20 cm,,Helsinki/MAKA,2026-02-27,POINT (25.078604411269538 60.23786635439744)
Puurekisteri_piste.24408,24408,K-44109,KONTULANKAARI,,Katu,LEHTIKUUSI,Larix,sp.,10 - 20 cm,,Helsinki/MAKA,2026-02-27,POINT (25.078504936813818 60.237900758232215)
Puurekisteri_piste.24411,24411,K-44112,KONTULANKAARI,,Katu,LEHTIKUUSI,Larix,sp.,10 - 20 cm,,Helsinki/MAKA,2026-02-27,POINT (25.07823536011085 60.23799702409981)
Puurekisteri_piste.24412,24412,P-34023-185,,LENININPUISTO,Puisto,RAUDUSKOIVU,Betula,pendula,10 - 20 cm,,Helsinki/MAKA,2026-02-27,POINT (24.943937052048092 60.18965644519688)
Puurekisteri_piste.24413,24413,P-34023-186,,LENININPUISTO,Puisto,RAUDUSKOIVU,Betula,pendula,0 - 10 cm,,Helsinki/MAKA,2026-02-27,POINT (24.94394470670139 60.18965100589456)
Puurekisteri_piste.24414,24414,P-34023-187,,LENININPUISTO,Puisto,RAUDUSKOIVU,Betula,pendula,0 - 10 cm,,Helsinki/MAKA,2026-02-27,POINT (24.94393881987486 60.18962260891296)
Puurekisteri_piste.24415,24415,P-34023-188,,LENININPUISTO,Puisto,RAUDUSKOIVU,Betula,pendula,30 - 50 cm,,Helsinki/MAKA,2026-02-27,POINT (24.943872074988935 60.1895299708074)
Puurekisteri_piste.24417,24417,P-34023-190,,LENININPUISTO,Puisto,HIESKOIVU,Betula,pubescens,20 - 30 cm,,Helsinki/MAKA,2026-02-27,POINT (24.94412103250154 60.18942291745827)
Puurekisteri_piste.24418,24418,P-34023-191,,LENININPUISTO,Puisto,RAUDUSKOIVU,Betula,pendula,30 - 50 cm,,Helsinki/MAKA,2026-02-27,POINT (24.944126594737035 60.18951469743892)
Puurekisteri_piste.24419,24419,P-34023-192,,LENININPUISTO,Puisto,RAUDUSKOIVU,Betula,pendula,30 - 50 cm,,Helsinki/MAKA,2026-02-27,POINT (24.94425046298666 60.18952920814685)
Puurekisteri_piste.24420,24420,P-34023-193,,LENININPUISTO,Puisto,RAUDUSKOIVU,Betula,pendula,30 - 50 cm,,Helsinki/MAKA,2026-02-27,POINT (24.94425081167282 60.18953962366875)
Puurekisteri_piste.24421,24421,P-34023-194,,LENININPUISTO,Puisto,HIESKOIVU,Betula,pubescens,20 - 30 cm,,Helsinki/MAKA,2026-02-27,POINT (24.944188861080733 60.18960569258363)
Puurekisteri_piste.24423,24423,P-34023-196,,LENININPUISTO,Puisto,KUUSI,Picea,sp.,30 - 50 cm,,Helsinki/MAKA,2026-02-27,POINT (24.944334994056863 60.18960252357543)
Puurekisteri_piste.24424,24424,P-45095-1,,KUNINKAANKARTANONSAARI,Puisto,METSÄVAAHTERA,Acer,platanoides,30 - 50 cm,,Helsinki/MAKA,2026-02-27,POINT (24.98103527144362 60.21724701956111)
Puurekisteri_piste.24988,24988,P-34023-154,,LENININPUISTO,Puisto,RAUDUSKOIVU,Betula,pendula,20 - 30 cm,,Helsinki/MAKA,2026-02-27,POINT (24.94359854120715 60.189354957490046)
Puurekisteri_piste.24989,24989,P-34023-155,,LENININPUISTO,Puisto,KOTIPIHLAJA,Sorbus,aucuparia,20 - 30 cm,,Helsinki/MAKA,2026-02-27,POINT (24.943667528831384 60.18935692438179)
Puurekisteri_piste.24990,24990,P-34023-156,,LENININPUISTO,Puisto,SEMBRAMÄNTY,Pinus,cembra,20 - 30 cm,,Helsinki/MAKA,2026-02-27,POINT (24.943584340891874 60.18940192750114)
Puurekisteri_piste.24991,24991,P-34023-157,,LENININPUISTO,Puisto,SEMBRAMÄNTY,Pinus,cembra,20 - 30 cm,,Helsinki/MAKA,2026-02-27,POINT (24.943571083969246 60.189411608369674)
Puurekisteri_piste.24992,24992,P-34023-158,,LENININPUISTO,Puisto,SEMBRAMÄNTY,Pinus,cembra,10 - 20 cm,,Helsinki/MAKA,2026-02-27,POINT (24.94357019427395 60.18943346426405)
Puurekisteri_piste.24993,24993,P-34023-159,,LENININPUISTO,Puisto,JALOPÄHKINÄ,Juglans,sp.,20 - 30 cm,,Helsinki/MAKA,2026-02-27,POINT (24.943579245727726 60.18943616650188)
Puurekisteri_piste.24994,24994,P-34023-160,,LENININPUISTO,Puisto,SEMBRAMÄNTY,Pinus,cembra,20 - 30 cm,,Helsinki/MAKA,2026-02-27,POINT (24.943570277051467 60.18944527432848)
Puurekisteri_piste.24995,24995,K-43867,ISÄNNÄNPOLKU,,Katu,VENÄJÄNOMENAPUU,Malus,x robusta,0 - 10 cm,,Helsinki/MAKA,2026-02-27,POINT (25.081572691323313 60.238938025316976)
Puurekisteri_piste.24996,24996,K-43868,ISÄNNÄNPOLKU,,Katu,VENÄJÄNOMENAPUU,Malus,x robusta,0 - 10 cm,,Helsinki/MAKA,2026-02-27,POINT (25.081497321634565 60.23899214773815)
Puurekisteri_piste.24997,24997,K-43869,ISÄNNÄNPOLKU,,Katu,VENÄJÄNOMENAPUU,Malus,x robusta,0 - 10 cm,,Helsinki/MAKA,2026-02-27,POINT (25.08142493795683 60.23906628132854)
Puurekisteri_piste.24998,24998,K-43870,ISÄNNÄNPOLKU,,Katu,VENÄJÄNOMENAPUU,Malus,x robusta,0 - 10 cm,,Helsinki/MAKA,2026-02-27,POINT (25.081360900050566 60.239112222456725)
Puurekisteri_piste.24999,24999,K-43871,ISÄNNÄNPOLKU,,Katu,VENÄJÄNOMENAPUU,Malus,x robusta,0 - 10 cm,,Helsinki/MAKA,2026-02-27,POINT (25.081268352794353 60.23919750969553)
Puurekisteri_piste.25000,25000,K-43872,ISÄNNÄNPOLKU,,Katu,VENÄJÄNOMENAPUU,Malus,x robusta,0 - 10 cm,,Helsinki/MAKA,2026-02-27,POINT (25.081036276365662 60.23939551529163)
Puurekisteri_piste.25001,25001,K-43873,ISÄNNÄNPOLKU,,Katu,VENÄJÄNOMENAPUU,Malus,x robusta,0 - 10 cm,,Helsinki/MAKA,2026-02-27,POINT (25.080970471163738 60.239449446345716)
Puurekisteri_piste.25002,25002,K-43874,ISÄNNÄNPOLKU,,Katu,VENÄJÄNOMENAPUU,Malus,x robusta,0 - 10 cm,,Helsinki/MAKA,2026-02-27,POINT (25.080903245270783 60.23950822571926)
Puurekisteri_piste.24178,24178,P-43011-22,,KAPPELIESPLANADI,Puisto,PUISTOLEHMUS,Tilia,x vulgaris,70 cm -,,Helsinki/MAKA,2026-02-27,POINT (24.950011546505202 60.16773408377788)
Puurekisteri_piste.24179,24179,P-43011-23,,KAPPELIESPLANADI,Puisto,METSÄVAAHTERA,Acer,platanoides,10 - 20 cm,,Helsinki/MAKA,2026-02-27,POINT (24.94985942026025 60.1676097552404)
Puurekisteri_piste.24183,24183,P-43011-27,,KAPPELIESPLANADI,Puisto,PUISTOLEHMUS,Tilia,x vulgaris,30 - 50 cm,,Helsinki/MAKA,2026-02-27,POINT (24.950625202361607 60.167819407475605)
Puurekisteri_piste.24184,24184,P-33020-39,,TOKOINRANTA,Puisto,RUOTSINPIHLAJA,Sorbus,intermedia,20 - 30 cm,,Helsinki/MAKA,2026-02-27,POINT (24.947369173193877 60.17999923337864)
Puurekisteri_piste.24185,24185,P-33020-40,,TOKOINRANTA,Puisto,METSÄVAAHTERA,Acer,platanoides,50 - 70 cm,,Helsinki/MAKA,2026-02-27,POINT (24.947490026227367 60.18014500037136)
Puurekisteri_piste.24186,24186,P-33020-49,,TOKOINRANTA,Puisto,LEHTIKUUSI,Larix,sp.,30 - 50 cm,,Helsinki/MAKA,2026-02-27,POINT (24.947116010562375 60.18047677735095)
Puurekisteri_piste.24187,24187,P-33020-50,,TOKOINRANTA,Puisto,METSÄVAAHTERA,Acer,platanoides,50 - 70 cm,,Helsinki/MAKA,2026-02-27,POINT (24.946953831502103 60.180542789029055)
Puurekisteri_piste.24188,24188,P-33020-51,,TOKOINRANTA,Puisto,KYNÄJALAVA,Ulmus,laevis,50 - 70 cm,,Helsinki/MAKA,2026-02-27,POINT (24.94671774005777 60.180571938208914)
Puurekisteri_piste.24189,24189,P-33020-52,,TOKOINRANTA,Puisto,KYNÄJALAVA,Ulmus,laevis,30 - 50 cm,,Helsinki/MAKA,2026-02-27,POINT (24.946474254794914 60.180552849686116)
Puurekisteri_piste.24190,24190,P-33045-631,,SIBELIUKSEN PUISTO (A),Puisto,RAUDUSKOIVU,Betula,pendula,0 - 10 cm,,Helsinki/MAKA,2026-02-27,POINT (24.915449759672672 60.180808272420535)
Puurekisteri_piste.24191,24191,P-33045-632,,SIBELIUKSEN PUISTO (A),Puisto,RAUDUSKOIVU,Betula,pendula,0 - 10 cm,,Helsinki/MAKA,2026-02-27,POINT (24.915430427424806 60.1807718836843)
Puurekisteri_piste.24192,24192,P-33045-633,,SIBELIUKSEN PUISTO (A),Puisto,PAJU,Salix,sp.,20 - 30 cm,,Helsinki/MAKA,2026-02-27,POINT (24.915525506178234 60.18076840909974)
Puurekisteri_piste.24193,24193,P-33045-634,,SIBELIUKSEN PUISTO (A),Puisto,METSÄVAAHTERA,Acer,platanoides,20 - 30 cm,,Helsinki/MAKA,2026-02-27,POINT (24.915526045423572 60.18075503118112)
Puurekisteri_piste.24194,24194,P-33045-635,,SIBELIUKSEN PUISTO (A),Puisto,PAJU,Salix,sp.,10 - 20 cm,,Helsinki/MAKA,2026-02-27,POINT (24.91553692812844 60.18070780963369)
Puurekisteri_piste.24195,24195,P-33045-636,,SIBELIUKSEN PUISTO (A),Puisto,METSÄMÄNTY,Pinus,sylvestris,30 - 50 cm,,Helsinki/MAKA,2026-02-27,POINT (24.91554435942008 60.1806717472898)
Puurekisteri_piste.24196,24196,P-33045-637,,SIBELIUKSEN PUISTO (A),Puisto,METSÄMÄNTY,Pinus,sylvestris,30 - 50 cm,,Helsinki/MAKA,2026-02-27,POINT (24.915512803271245 60.18065047838704)
Puurekisteri_piste.24197,24197,P-33045-638,,SIBELIUKSEN PUISTO (A),Puisto,METSÄMÄNTY,Pinus,sylvestris,50 - 70 cm,,Helsinki/MAKA,2026-02-27,POINT (24.915397126088774 60.18065825009011)
Puurekisteri_piste.24198,24198,P-33045-639,,SIBELIUKSEN PUISTO (A),Puisto,RAUDUSKOIVU,Betula,pendula,50 - 70 cm,,Helsinki/MAKA,2026-02-27,POINT (24.915251315516315 60.18066237075138)
Puurekisteri_piste.24199,24199,P-33045-640,,SIBELIUKSEN PUISTO (A),Puisto,RAUDUSKOIVU,Betula,pendula,30 - 50 cm,,Helsinki/MAKA,2026-02-27,POINT (24.915157830302228 60.180529599805034)
Puurekisteri_piste.24200,24200,P-34020-42,,ALPPIPUISTO,Puisto,METSÄVAAHTERA,Acer,platanoides,0 - 10 cm,,Helsinki/MAKA,2026-02-27,POINT (24.936080072311334 60.18880729913398)
Puurekisteri_piste.24204,24204,P-34065-100,,VALPURINPUISTO,Puisto,METSÄMÄNTY,Pinus,sylvestris,30 - 50 cm,,Helsinki/MAKA,2026-02-27,POINT (24.8996027974167 60.193052473937456)
Puurekisteri_piste.24206,24206,P-32031-83,,SINEBRYCHOFFIN PUISTO,Puisto,METSÄVAAHTERA,Acer,platanoides,10 - 20 cm,,Helsinki/MAKA,2026-02-27,POINT (24.932830577067797 60.16099869718757)
Puurekisteri_piste.24209,24209,P-32031-86,,SINEBRYCHOFFIN PUISTO,Puisto,METSÄVAAHTERA,Acer,platanoides,10 - 20 cm,,Helsinki/MAKA,2026-02-27,POINT (24.93292308342602 60.16091299922337)
Puurekisteri_piste.24210,24210,P-44004-46,,PENGERPUISTO,Puisto,VUORIJALAVA,Ulmus,glabra,50 - 70 cm,,Helsinki/MAKA,2026-02-27,POINT (24.957027134476363 60.18559004184276)
Puurekisteri_piste.24212,24212,K-43243,GUSTAV PAULIGIN KATU,,Katu,PUISTOLEHMUS,Tilia,x vulgaris,0 - 10 cm,,Helsinki/MAKA,2026-02-27,POINT (25.153348356932938 60.203087797168614)
Puurekisteri_piste.24213,24213,K-43244,GUSTAV PAULIGIN KATU,,Katu,PUISTOLEHMUS,Tilia,x vulgaris,0 - 10 cm,,Helsinki/MAKA,2026-02-27,POINT (25.15329459845948 60.20318626112631)
Puurekisteri_piste.24214,24214,K-43245,GUSTAV PAULIGIN KATU,,Katu,PUISTOLEHMUS,Tilia,x vulgaris,0 - 10 cm,,Helsinki/MAKA,2026-02-27,POINT (25.15327552968448 60.20321806725838)
Puurekisteri_piste.24215,24215,K-43246,GUSTAV PAULIGIN KATU,,Katu,PUISTOLEHMUS,Tilia,x vulgaris,0 - 10 cm,,Helsinki/MAKA,2026-02-27,POINT (25.153215753767512 60.203332607581785)
Puurekisteri_piste.24218,24218,K-43249,GUSTAV PAULIGIN KATU,,Katu,PUISTOLEHMUS,Tilia,x vulgaris,0 - 10 cm,,Helsinki/MAKA,2026-02-27,POINT (25.152836781428043 60.204080557726535)
Puurekisteri_piste.24220,24220,K-40359,LAAJASALONTIE,,Katu,KOTIPIHLAJA,Sorbus,aucuparia,0 - 10 cm,,Helsinki/MAKA,2026-02-27,POINT (25.04836532382254 60.161464471208866)
Puurekisteri_piste.24221,24221,K-40360,LAAJASALONTIE,,Katu,KOTIPIHLAJA,Sorbus,aucuparia,0 - 10 cm,,Helsinki/MAKA,2026-02-27,POINT (25.04830552087292 60.1615073413134)
Puurekisteri_piste.24223,24223,K-40362,LAAJASALONTIE,,Katu,KOTIPIHLAJA,Sorbus,aucuparia,0 - 10 cm,,Helsinki/MAKA,2026-02-27,POINT (25.047509198069356 60.16230834919105)
Puurekisteri_piste.24425,24425,P-45095-98,,KUNINKAANKARTANONSAARI,Puisto,POPPELI/HAAPA,Populus,sp.,30 - 50 cm,,Helsinki/MAKA,2026-02-27,POINT (24.983457901769583 60.21648137919082)
Puurekisteri_piste.24426,24426,K-39433,KALLVIKINTIE,,Katu,PUISTOLEHMUS,Tilia,x vulgaris,0 - 10 cm,,Helsinki/MAKA,2026-02-27,POINT (25.13580352702361 60.20823227717801)
Puurekisteri_piste.9245,9245,P-33054-180,,HESPERIAN ESPLANADI,Puisto,DOUGLASKUUSI,Pseudotsuga,menziesii,50 - 70 cm,,Helsinki/MAKA,2026-02-27,POINT (24.914708097454213 60.17625570535334)
Puurekisteri_piste.9247,9247,K-7598,MANNERHEIMINTIE,,Katu,PUISTOLEHMUS,Tilia,x vulgaris,10 - 20 cm,,Helsinki/MAKA,2026-02-27,POINT (24.94256989938292 60.16709470139554)
Puurekisteri_piste.9248,9248,K-7599,MANNERHEIMINTIE,,Katu,PUISTOLEHMUS,Tilia,x vulgaris,10 - 20 cm,,Helsinki/MAKA,2026-02-27,POINT (24.94246907713675 60.1671609560412)
Puurekisteri_piste.9249,9249,P-33016-415,,KAISANIEMENPUISTO,Puisto,HIESKOIVU,Betula,pubescens,30 - 50 cm,,Helsinki/MAKA,2026-02-27,POINT (24.944533693860823 60.17381661895486)
Puurekisteri_piste.9251,9251,P-33016-417,,KAISANIEMENPUISTO,Puisto,HIESKOIVU,Betula,pubescens,30 - 50 cm,,Helsinki/MAKA,2026-02-27,POINT (24.944825012018416 60.173826465803224)
Puurekisteri_piste.9254,9254,K-6810,HIETALAHDENRANTA,,Katu,PUISTOLEHMUS,Tilia,x vulgaris,10 - 20 cm,,Helsinki/MAKA,2026-02-27,POINT (24.925047342964607 60.16102310804671)
Puurekisteri_piste.9256,9256,K-9680,OULUNKYLÄNTIE,,Katu,METSÄVAAHTERA,Acer,platanoides,20 - 30 cm,,Helsinki/MAKA,2026-02-27,POINT (24.962230088280496 60.22027626071913)
Puurekisteri_piste.9257,9257,K-9681,OULUNKYLÄNTIE,,Katu,METSÄVAAHTERA,Acer,platanoides,20 - 30 cm,,Helsinki/MAKA,2026-02-27,POINT (24.9621336418463 60.22019120542428)
Puurekisteri_piste.9258,9258,K-9682,OULUNKYLÄNTIE,,Katu,METSÄVAAHTERA,Acer,platanoides,20 - 30 cm,,Helsinki/MAKA,2026-02-27,POINT (24.962034675957128 60.22011072823046)
Puurekisteri_piste.9260,9260,K-7566,BULEVARDI,,Katu,METSÄVAAHTERA,Acer,platanoides,20 - 30 cm,,Helsinki/MAKA,2026-02-27,POINT (24.9417671631627 60.16605486010094)
Puurekisteri_piste.9261,9261,K-7567,BULEVARDI,,Katu,METSÄVAAHTERA,Acer,platanoides,10 - 20 cm,,Helsinki/MAKA,2026-02-27,POINT (24.94188066061099 60.16609576944108)
Puurekisteri_piste.9263,9263,K-7790,ISOKAARI,,Katu,OMENAPUU,Malus,sp.,10 - 20 cm,,Helsinki/MAKA,2026-02-27,POINT (24.86560808159205 60.156608836730946)
Puurekisteri_piste.9265,9265,K-9077,HERNESAARENRANTA,,Katu,PUISTOLEHMUS,Tilia,x vulgaris,10 - 20 cm,,Helsinki/MAKA,2026-02-27,POINT (24.93123014207089 60.15358937386453)
Puurekisteri_piste.9266,9266,K-9336,POHJOLANKATU,,Katu,PUISTOLEHMUS,Tilia,x vulgaris,30 - 50 cm,,Helsinki/MAKA,2026-02-27,POINT (24.945994394190542 60.214361439016926)
Puurekisteri_piste.9270,9270,P-43001-276,,LAIVASTOPUISTO,Puisto,LEHMUS,Tilia,sp.,10 - 20 cm,,Helsinki/MAKA,2026-02-27,POINT (24.979088838555647 60.167256336711176)
Puurekisteri_piste.9272,9272,K-5740,KAISANIEMENRANTA,,Katu,PUISTOLEHMUS,Tilia,x vulgaris,30 - 50 cm,,Helsinki/MAKA,2026-02-27,POINT (24.94687776207332 60.17607974608413)
Puurekisteri_piste.9273,9273,K-5741,KAISANIEMENRANTA,,Katu,PUISTOLEHMUS,Tilia,x vulgaris,30 - 50 cm,,Helsinki/MAKA,2026-02-27,POINT (24.946750404090206 60.17610553044758)
Puurekisteri_piste.9274,9274,K-5742,KAISANIEMENRANTA,,Katu,PUISTOLEHMUS,Tilia,x vulgaris,30 - 50 cm,,Helsinki/MAKA,2026-02-27,POINT (24.94661853285062 60.17612009641775)
Puurekisteri_piste.9275,9275,K-697,RAUTATIELÄISENKATU,,Katu,PYLVÄSHAAPA,Populus,tremula,0 - 10 cm,,Helsinki/MAKA,2026-02-27,POINT (24.937653371578122 60.20147499099061)
Puurekisteri_piste.9146,9146,P-34019-33,,ALPPIPUISTO (ETELÄ),Puisto,OMENAPUU,Malus,sp.,10 - 20 cm,,Helsinki/MAKA,2026-02-27,POINT (24.942520800488627 60.18704406466898)
Puurekisteri_piste.9147,9147,P-34019-34,,ALPPIPUISTO (ETELÄ),Puisto,KOTIPIHLAJA,Sorbus,aucuparia,10 - 20 cm,,Helsinki/MAKA,2026-02-27,POINT (24.94248439037021 60.18700534582246)
Puurekisteri_piste.8954,8954,P-33016-82,,KAISANIEMENPUISTO,Puisto,METSÄVAAHTERA,Acer,platanoides,30 - 50 cm,,Helsinki/MAKA,2026-02-27,POINT (24.942711703050282 60.173285169893624)
Puurekisteri_piste.8958,8958,P-32030-27,,TELAKANPUISTIKKO,Puisto,VUORIJALAVA,Ulmus,glabra,70 cm -,,Helsinki/MAKA,2026-02-27,POINT (24.93256078215799 60.15968050974747)
Puurekisteri_piste.24225,24225,K-40364,LAAJASALONTIE,,Katu,KOTIPIHLAJA,Sorbus,aucuparia,0 - 10 cm,,Helsinki/MAKA,2026-02-27,POINT (25.047466035317612 60.16237049998455)
Puurekisteri_piste.8952,8952,P-53003-711,,TULLISAAREN KARTANO,Puisto,RAUDUSKOIVU,Betula,pendula,30 - 50 cm,,Helsinki/MAKA,2026-02-27,POINT (25.03094213743367 60.18033801681707)
Puurekisteri_piste.24642,24642,K-39917,TYYNYLAAVANTIE,,Katu,PUISTOLEHMUS,Tilia,x vulgaris,0 - 10 cm,,Helsinki/MAKA,2026-02-27,POINT (25.1372721001017 60.20700547362241)
Puurekisteri_piste.24643,24643,K-39918,TYYNYLAAVANTIE,,Katu,PUISTOLEHMUS,Tilia,x vulgaris,0 - 10 cm,,Helsinki/MAKA,2026-02-27,POINT (25.137453753548566 60.20701352387311)
Puurekisteri_piste.24644,24644,K-39919,TYYNYLAAVANTIE,,Katu,PUISTOLEHMUS,Tilia,x vulgaris,10 - 20 cm,,Helsinki/MAKA,2026-02-27,POINT (25.137843828773946 60.20704142721629)
Puurekisteri_piste.24646,24646,K-39921,TYYNYLAAVANTIE,,Katu,PUISTOLEHMUS,Tilia,x vulgaris,0 - 10 cm,,Helsinki/MAKA,2026-02-27,POINT (25.138105802879174 60.20706002566219)
Puurekisteri_piste.25126,25126,P-33046-237,,SIBELIUKSEN PUISTO (B),Puisto,HIESKOIVU,Betula,pubescens,20 - 30 cm,,Helsinki/MAKA,2026-02-27,POINT (24.91761964350166 60.182012261742834)
Puurekisteri_piste.25130,25130,P-33046-241,,SIBELIUKSEN PUISTO (B),Puisto,HIESKOIVU,Betula,pubescens,20 - 30 cm,,Helsinki/MAKA,2026-02-27,POINT (24.917592353650196 60.1821944114308)
Puurekisteri_piste.25131,25131,P-33046-242,,SIBELIUKSEN PUISTO (B),Puisto,HIESKOIVU,Betula,pubescens,50 - 70 cm,,Helsinki/MAKA,2026-02-27,POINT (24.91766920601244 60.182293823991586)
Puurekisteri_piste.25132,25132,P-33046-243,,SIBELIUKSEN PUISTO (B),Puisto,METSÄVAAHTERA,Acer,platanoides,20 - 30 cm,,Helsinki/MAKA,2026-02-27,POINT (24.91756755349204 60.18226171385677)
Puurekisteri_piste.25133,25133,P-99101-288,,SUOMENLINNA,Puisto,METSÄVAAHTERA,Acer,platanoides,50 - 70 cm,,Helsinki/MAKA,2026-02-27,POINT (24.984727715080123 60.14224301229907)
Puurekisteri_piste.25134,25134,P-99101-289,,SUOMENLINNA,Puisto,LEHTOSAARNI,Fraxinus,excelsior,50 - 70 cm,,Helsinki/MAKA,2026-02-27,POINT (24.98499886808507 60.14222203993851)
Puurekisteri_piste.25135,25135,P-99101-290,,SUOMENLINNA,Puisto,METSÄVAAHTERA,Acer,platanoides,50 - 70 cm,,Helsinki/MAKA,2026-02-27,POINT (24.985066407374635 60.14220397733219)
Puurekisteri_piste.25138,25138,P-99101-293,,SUOMENLINNA,Puisto,KOTIPIHLAJA,Sorbus,aucuparia,30 - 50 cm,,Helsinki/MAKA,2026-02-27,POINT (24.98531562909166 60.142341058478856)
Puurekisteri_piste.25139,25139,P-99101-294,,SUOMENLINNA,Puisto,METSÄVAAHTERA,Acer,platanoides,30 - 50 cm,,Helsinki/MAKA,2026-02-27,POINT (24.985193247392928 60.14240126645172)
Puurekisteri_piste.25140,25140,P-99101-295,,SUOMENLINNA,Puisto,METSÄVAAHTERA,Acer,platanoides,50 - 70 cm,,Helsinki/MAKA,2026-02-27,POINT (24.98525925500976 60.142424729639785)
Puurekisteri_piste.25142,25142,P-99101-297,,SUOMENLINNA,Puisto,LEHTOSAARNI,Fraxinus,excelsior,70 cm -,,Helsinki/MAKA,2026-02-27,POINT (24.98571974426136 60.14274968027532)
Puurekisteri_piste.25143,25143,P-99101-298,,SUOMENLINNA,Puisto,LEHTOSAARNI,Fraxinus,excelsior,50 - 70 cm,,Helsinki/MAKA,2026-02-27,POINT (24.98576863873345 60.142696086715624)
Puurekisteri_piste.25144,25144,P-99101-299,,SUOMENLINNA,Puisto,LEHTOSAARNI,Fraxinus,excelsior,30 - 50 cm,,Helsinki/MAKA,2026-02-27,POINT (24.985815449258222 60.142541933864166)
Puurekisteri_piste.25146,25146,P-99101-301,,SUOMENLINNA,Puisto,LEHTOSAARNI,Fraxinus,excelsior,20 - 30 cm,,Helsinki/MAKA,2026-02-27,POINT (24.985845424446474 60.14245169677321)
Puurekisteri_piste.25148,25148,K-43250,GUSTAV PAULIGIN KATU,,Katu,PUISTOLEHMUS,Tilia,x vulgaris,0 - 10 cm,,Helsinki/MAKA,2026-02-27,POINT (25.152778587882395 60.20418979961519)
Puurekisteri_piste.25149,25149,K-43251,GUSTAV PAULIGIN KATU,,Katu,PUISTOLEHMUS,Tilia,x vulgaris,0 - 10 cm,,Helsinki/MAKA,2026-02-27,POINT (25.15272665129082 60.20429140150488)
Puurekisteri_piste.25150,25150,K-43252,GUSTAV PAULIGIN KATU,,Katu,PUISTOLEHMUS,Tilia,x vulgaris,0 - 10 cm,,Helsinki/MAKA,2026-02-27,POINT (25.152482144950543 60.20439531468185)
Puurekisteri_piste.25151,25151,K-43253,GUSTAV PAULIGIN KATU,,Katu,PUISTOLEHMUS,Tilia,x vulgaris,0 - 10 cm,,Helsinki/MAKA,2026-02-27,POINT (25.152620294034318 60.204091796691635)
Puurekisteri_piste.25152,25152,K-43254,GUSTAV PAULIGIN KATU,,Katu,PUISTOLEHMUS,Tilia,x vulgaris,0 - 10 cm,,Helsinki/MAKA,2026-02-27,POINT (25.152672362157546 60.20398328360697)
Puurekisteri_piste.25153,25153,K-43255,GUSTAV PAULIGIN KATU,,Katu,PUISTOLEHMUS,Tilia,x vulgaris,0 - 10 cm,,Helsinki/MAKA,2026-02-27,POINT (25.152724641933172 60.20387925779869)
Puurekisteri_piste.25155,25155,K-43257,GUSTAV PAULIGIN KATU,,Katu,PUISTOLEHMUS,Tilia,x vulgaris,0 - 10 cm,,Helsinki/MAKA,2026-02-27,POINT (25.152828851948907 60.20367291203344)
Puurekisteri_piste.25156,25156,K-43258,GUSTAV PAULIGIN KATU,,Katu,PUISTOLEHMUS,Tilia,x vulgaris,0 - 10 cm,,Helsinki/MAKA,2026-02-27,POINT (25.15287556757117 60.20357266553627)
Puurekisteri_piste.25157,25157,K-43259,GUSTAV PAULIGIN KATU,,Katu,PUISTOLEHMUS,Tilia,x vulgaris,0 - 10 cm,,Helsinki/MAKA,2026-02-27,POINT (25.15293575904381 60.203465663921754)
Puurekisteri_piste.25160,25160,K-43262,GUSTAV PAULIGIN KATU,,Katu,PUISTOLEHMUS,Tilia,x vulgaris,0 - 10 cm,,Helsinki/MAKA,2026-02-27,POINT (25.153173339427383 60.2029957479483)
Puurekisteri_piste.24893,24893,P-44050-45,,HELMIN PUISTO,Puisto,METSÄVAAHTERA,Acer,platanoides,30 - 50 cm,,Helsinki/MAKA,2026-02-27,POINT (24.96290461409444 60.197420626238085)
Puurekisteri_piste.24894,24894,P-44050-46,,HELMIN PUISTO,Puisto,PIHTA,Abies,sp.,10 - 20 cm,,Helsinki/MAKA,2026-02-27,POINT (24.963186955463843 60.19754824377593)
Puurekisteri_piste.24896,24896,P-99101-173,,SUOMENLINNA,Puisto,PUISTOLEHMUS,Tilia,x vulgaris,10 - 20 cm,,Helsinki/MAKA,2026-02-27,POINT (24.987964882138474 60.147345729746206)
Puurekisteri_piste.24897,24897,P-99101-174,,SUOMENLINNA,Puisto,PUISTOLEHMUS,Tilia,x vulgaris,10 - 20 cm,,Helsinki/MAKA,2026-02-27,POINT (24.988061352037988 60.14732072659643)
Puurekisteri_piste.24898,24898,P-99101-175,,SUOMENLINNA,Puisto,PUISTOLEHMUS,Tilia,x vulgaris,70 cm -,,Helsinki/MAKA,2026-02-27,POINT (24.987471613955467 60.147376281073434)
Puurekisteri_piste.24900,24900,P-44050-21,,HELMIN PUISTO,Puisto,HOPEAKUUSI,Picea,pungens,10 - 20 cm,,Helsinki/MAKA,2026-02-27,POINT (24.963665676498252 60.19737599138449)
Puurekisteri_piste.24901,24901,P-44050-22,,HELMIN PUISTO,Puisto,HOPEAKUUSI,Picea,pungens,10 - 20 cm,,Helsinki/MAKA,2026-02-27,POINT (24.9637192136839 60.197398694806104)
Puurekisteri_piste.24902,24902,P-44050-23,,HELMIN PUISTO,Puisto,VUORIJALAVA,Ulmus,glabra,20 - 30 cm,,Helsinki/MAKA,2026-02-27,POINT (24.963776233799713 60.1976768102493)
Puurekisteri_piste.24903,24903,P-44050-24,,HELMIN PUISTO,Puisto,VUORIJALAVA,Ulmus,glabra,20 - 30 cm,,Helsinki/MAKA,2026-02-27,POINT (24.963738491310274 60.19769797638123)
Puurekisteri_piste.24904,24904,P-44050-25,,HELMIN PUISTO,Puisto,VUORIJALAVA,Ulmus,glabra,30 - 50 cm,,Helsinki/MAKA,2026-02-27,POINT (24.96368501419068 60.197721498034525)
Puurekisteri_piste.24906,24906,P-33045-415,,SIBELIUKSEN PUISTO (A),Puisto,METSÄVAAHTERA,Acer,platanoides,20 - 30 cm,,Helsinki/MAKA,2026-02-27,POINT (24.91491998913043 60.1824123714371)
Puurekisteri_piste.24907,24907,P-33045-416,,SIBELIUKSEN PUISTO (A),Puisto,METSÄVAAHTERA,Acer,platanoides,30 - 50 cm,,Helsinki/MAKA,2026-02-27,POINT (24.914948246548324 60.18237644750741)
Puurekisteri_piste.24908,24908,P-33045-417,,SIBELIUKSEN PUISTO (A),Puisto,METSÄVAAHTERA,Acer,platanoides,20 - 30 cm,,Helsinki/MAKA,2026-02-27,POINT (24.914904751661613 60.18237088051389)
Puurekisteri_piste.24909,24909,P-33045-418,,SIBELIUKSEN PUISTO (A),Puisto,METSÄVAAHTERA,Acer,platanoides,20 - 30 cm,,Helsinki/MAKA,2026-02-27,POINT (24.914847754929166 60.18240175367415)
Puurekisteri_piste.24963,24963,K-43787,KARPALOPOLKU,,Katu,METSÄTAMMI,Quercus,robur,10 - 20 cm,,Helsinki/MAKA,2026-02-27,POINT (25.07261740555283 60.229341456338155)
Puurekisteri_piste.24966,24966,P-33049-246,,LINNANKOSKENKADUN PUISTO,Puisto,RAUDUSKOIVU,Betula,pendula,50 - 70 cm,,Helsinki/MAKA,2026-02-27,POINT (24.91076583176062 60.18474380439522)
Puurekisteri_piste.24967,24967,P-33049-247,,LINNANKOSKENKADUN PUISTO,Puisto,METSÄKUUSI,Picea,abies,30 - 50 cm,,Helsinki/MAKA,2026-02-27,POINT (24.910726264261257 60.184686486706404)
Puurekisteri_piste.24969,24969,P-33049-249,,LINNANKOSKENKADUN PUISTO,Puisto,METSÄTAMMI,Quercus,robur,50 - 70 cm,,Helsinki/MAKA,2026-02-27,POINT (24.910966578138538 60.18471479438212)
Puurekisteri_piste.24970,24970,P-33049-250,,LINNANKOSKENKADUN PUISTO,Puisto,METSÄTAMMI,Quercus,robur,20 - 30 cm,,Helsinki/MAKA,2026-02-27,POINT (24.910987468793426 60.18462772163051)
Puurekisteri_piste.24973,24973,P-34020-165,,ALPPIPUISTO,Puisto,METSÄVAAHTERA,Acer,platanoides,30 - 50 cm,,Helsinki/MAKA,2026-02-27,POINT (24.936124590318627 60.19024050396186)
Puurekisteri_piste.24975,24975,P-34020-44,,ALPPIPUISTO,Puisto,RAUDUSKOIVU,Betula,pendula,10 - 20 cm,,Helsinki/MAKA,2026-02-27,POINT (24.93602552530886 60.18883628642545)
Puurekisteri_piste.24977,24977,P-33049-16,,LINNANKOSKENKADUN PUISTO,Puisto,METSÄVAAHTERA,Acer,platanoides,20 - 30 cm,,Helsinki/MAKA,2026-02-27,POINT (24.911546718649227 60.18340479854046)
Puurekisteri_piste.24980,24980,K-39502,MARIELUNDIN PUISTOTIE,,Katu,PUISTOLEHMUS,Tilia,x vulgaris,10 - 20 cm,2005,Helsinki/MAKA,2026-02-27,POINT (25.15031745111703 60.21862271989124)
Puurekisteri_piste.24981,24981,K-39504,MARIELUNDIN PUISTOTIE,,Katu,PUISTOLEHMUS,Tilia,x vulgaris,10 - 20 cm,2005,Helsinki/MAKA,2026-02-27,POINT (25.14996148644053 60.218669827710386)
Puurekisteri_piste.24983,24983,P-34023-149,,LENININPUISTO,Puisto,METSÄVAAHTERA,Acer,platanoides,30 - 50 cm,,Helsinki/MAKA,2026-02-27,POINT (24.94408744811564 60.189029566840645)
Puurekisteri_piste.24984,24984,P-34023-150,,LENININPUISTO,Puisto,METSÄVAAHTERA,Acer,platanoides,30 - 50 cm,,Helsinki/MAKA,2026-02-27,POINT (24.943992807078345 60.189062245743564)
Puurekisteri_piste.24985,24985,P-34023-151,,LENININPUISTO,Puisto,METSÄVAAHTERA,Acer,platanoides,30 - 50 cm,,Helsinki/MAKA,2026-02-27,POINT (24.94389564664643 60.18910243252416)
Puurekisteri_piste.24986,24986,P-34023-152,,LENININPUISTO,Puisto,RAUDUSKOIVU,Betula,pendula,20 - 30 cm,,Helsinki/MAKA,2026-02-27,POINT (24.943764569728042 60.18930259523966)
Puurekisteri_piste.24987,24987,P-34023-153,,LENININPUISTO,Puisto,RAUDUSKOIVU,Betula,pendula,30 - 50 cm,,Helsinki/MAKA,2026-02-27,POINT (24.94362114945399 60.189297078187046)
Puurekisteri_piste.24869,24869,P-33045-175,,SIBELIUKSEN PUISTO (A),Puisto,MÄNTY,Pinus,sp.,10 - 20 cm,,Helsinki/MAKA,2026-02-27,POINT (24.91242416343306 60.182009570225325)
Puurekisteri_piste.24870,24870,P-33045-176,,SIBELIUKSEN PUISTO (A),Puisto,MÄNTY,Pinus,sp.,10 - 20 cm,,Helsinki/MAKA,2026-02-27,POINT (24.91245092843835 60.181990828432646)
Puurekisteri_piste.24871,24871,P-33045-177,,SIBELIUKSEN PUISTO (A),Puisto,MÄNTY,Pinus,sp.,20 - 30 cm,,Helsinki/MAKA,2026-02-27,POINT (24.912456786076053 60.18197541752469)
Puurekisteri_piste.24872,24872,P-33045-178,,SIBELIUKSEN PUISTO (A),Puisto,METSÄVAAHTERA,Acer,platanoides,20 - 30 cm,,Helsinki/MAKA,2026-02-27,POINT (24.912541863492926 60.18202478044976)
Puurekisteri_piste.24873,24873,P-33045-179,,SIBELIUKSEN PUISTO (A),Puisto,RAUDUSKOIVU,Betula,pendula,50 - 70 cm,,Helsinki/MAKA,2026-02-27,POINT (24.9125640101838 60.18208309470991)
Puurekisteri_piste.24874,24874,K-39350,KALKKIHIEKANTIE,,Katu,VUORIJALAVA,Ulmus,glabra,10 - 20 cm,,Helsinki/MAKA,2026-02-27,POINT (25.142089098689183 60.201224678181)
Puurekisteri_piste.24875,24875,K-39351,KALKKIHIEKANTIE,,Katu,VUORIJALAVA,Ulmus,glabra,10 - 20 cm,,Helsinki/MAKA,2026-02-27,POINT (25.141791122745076 60.20077963992124)
Puurekisteri_piste.24876,24876,K-39352,KALKKIHIEKANTIE,,Katu,VUORIJALAVA,Ulmus,glabra,10 - 20 cm,,Helsinki/MAKA,2026-02-27,POINT (25.141739601580554 60.20070603834614)
Puurekisteri_piste.24877,24877,K-39353,KALKKIHIEKANTIE,,Katu,VUORIJALAVA,Ulmus,glabra,10 - 20 cm,,Helsinki/MAKA,2026-02-27,POINT (25.141624108652024 60.20050365759732)
Puurekisteri_piste.24878,24878,K-39354,KALKKIHIEKANTIE,,Katu,VUORIJALAVA,Ulmus,glabra,10 - 20 cm,,Helsinki/MAKA,2026-02-27,POINT (25.14156243961053 60.20042235407197)
Puurekisteri_piste.24879,24879,K-39355,KALKKIHIEKANTIE,,Katu,VUORIJALAVA,Ulmus,glabra,10 - 20 cm,,Helsinki/MAKA,2026-02-27,POINT (25.141525082343083 60.20033670186818)
Puurekisteri_piste.24880,24880,K-39356,KALKKIHIEKANTIE,,Katu,VUORIJALAVA,Ulmus,glabra,0 - 10 cm,,Helsinki/MAKA,2026-02-27,POINT (25.14147693809822 60.20025564504517)
Puurekisteri_piste.24881,24881,K-39357,KALKKIHIEKANTIE,,Katu,VUORIJALAVA,Ulmus,glabra,10 - 20 cm,,Helsinki/MAKA,2026-02-27,POINT (25.14142427033867 60.200172172385656)
Puurekisteri_piste.24882,24882,K-39358,KALKKIHIEKANTIE,,Katu,VUORIJALAVA,Ulmus,glabra,10 - 20 cm,,Helsinki/MAKA,2026-02-27,POINT (25.141374479784535 60.20008752812894)
Puurekisteri_piste.24883,24883,K-39234,IILUODONPIHA,,Katu,PUISTOLEHMUS,Tilia,x vulgaris,0 - 10 cm,,Helsinki/MAKA,2026-02-27,POINT (25.14628947093599 60.2037918129069)
Puurekisteri_piste.24884,24884,K-39235,IILUODONTIE,,Katu,METSÄTAMMI,Quercus,robur,0 - 10 cm,,Helsinki/MAKA,2026-02-27,POINT (25.145040726281394 60.20627004481817)
Puurekisteri_piste.24885,24885,K-39236,IILUODONTIE,,Katu,METSÄTAMMI,Quercus,robur,0 - 10 cm,,Helsinki/MAKA,2026-02-27,POINT (25.145111864842946 60.206229984252275)
Puurekisteri_piste.24886,24886,K-39237,IILUODONTIE,,Katu,METSÄTAMMI,Quercus,robur,0 - 10 cm,,Helsinki/MAKA,2026-02-27,POINT (25.145016176276677 60.20621363154837)
Puurekisteri_piste.24887,24887,K-39238,IILUODONTIE,,Katu,METSÄVAAHTERA,Acer,platanoides,0 - 10 cm,,Helsinki/MAKA,2026-02-27,POINT (25.14504751179462 60.20589055656178)
Puurekisteri_piste.24889,24889,K-39084,HALKAISIJANTIE,,Katu,PUISTOLEHMUS,Tilia,x vulgaris,10 - 20 cm,,Helsinki/MAKA,2026-02-27,POINT (25.127424522684326 60.20267157082449)
Puurekisteri_piste.24890,24890,P-44050-42,,HELMIN PUISTO,Puisto,METSÄVAAHTERA,Acer,platanoides,30 - 50 cm,,Helsinki/MAKA,2026-02-27,POINT (24.962926104088105 60.19750841854241)
Puurekisteri_piste.24891,24891,P-44050-43,,HELMIN PUISTO,Puisto,METSÄVAAHTERA,Acer,platanoides,30 - 50 cm,,Helsinki/MAKA,2026-02-27,POINT (24.96291322310401 60.197465853361734)
Puurekisteri_piste.24892,24892,P-44050-44,,HELMIN PUISTO,Puisto,METSÄVAAHTERA,Acer,platanoides,30 - 50 cm,,Helsinki/MAKA,2026-02-27,POINT (24.962904637379385 60.197438718177445)
Puurekisteri_piste.9868,9868,P-53003-1167,,TULLISAAREN KARTANO,Puisto,METSÄVAAHTERA,Acer,platanoides,30 - 50 cm,,Helsinki/MAKA,2026-02-27,POINT (25.03408760109873 60.18083685368184)
Puurekisteri_piste.24647,24647,K-39922,TYYNYLAAVANTIE,,Katu,PUISTOLEHMUS,Tilia,x vulgaris,0 - 10 cm,,Helsinki/MAKA,2026-02-27,POINT (25.138238035745214 60.207066809553694)
Puurekisteri_piste.24648,24648,K-39923,TYYNYLAAVANTIE,,Katu,PUISTOLEHMUS,Tilia,x vulgaris,0 - 10 cm,,Helsinki/MAKA,2026-02-27,POINT (25.138725204781412 60.20710532138462)
Puurekisteri_piste.24649,24649,K-39924,TYYNYLAAVANTIE,,Katu,PUISTOLEHMUS,Tilia,x vulgaris,0 - 10 cm,,Helsinki/MAKA,2026-02-27,POINT (25.138821172425285 60.20710947172356)
Puurekisteri_piste.24650,24650,K-39925,TYYNYLAAVANTIE,,Katu,PUISTOLEHMUS,Tilia,x vulgaris,0 - 10 cm,,Helsinki/MAKA,2026-02-27,POINT (25.13926989521223 60.20714265959043)
Puurekisteri_piste.24651,24651,K-39926,TYYNYLAAVANTIE,,Katu,PUISTOLEHMUS,Tilia,x vulgaris,0 - 10 cm,,Helsinki/MAKA,2026-02-27,POINT (25.13937308068541 60.20714742590429)
Puurekisteri_piste.24652,24652,K-39343,KAIVONKATSOJANTIE,,Katu,HEVOSKASTANJA,Aesculus,hippocastanum,10 - 20 cm,,Helsinki/MAKA,2026-02-27,POINT (25.13587865875401 60.20516564684193)
Puurekisteri_piste.24653,24653,K-39344,KALKKIHIEKANTIE,,Katu,VUORIJALAVA,Ulmus,glabra,10 - 20 cm,,Helsinki/MAKA,2026-02-27,POINT (25.142822746334616 60.2019953296379)
Puurekisteri_piste.24654,24654,K-39345,KALKKIHIEKANTIE,,Katu,VUORIJALAVA,Ulmus,glabra,10 - 20 cm,,Helsinki/MAKA,2026-02-27,POINT (25.142747534328567 60.20193864176913)
Puurekisteri_piste.24655,24655,K-39346,KALKKIHIEKANTIE,,Katu,VUORIJALAVA,Ulmus,glabra,10 - 20 cm,,Helsinki/MAKA,2026-02-27,POINT (25.142666934785094 60.20185844750959)
Puurekisteri_piste.24354,24354,P-43067-43,,TERVASAARI,Puisto,RAUDUSKOIVU,Betula,pendula,10 - 20 cm,,Helsinki/MAKA,2026-02-27,POINT (24.96779538942692 60.17441294211162)
Puurekisteri_piste.24355,24355,P-43067-44,,TERVASAARI,Puisto,RAUDUSKOIVU,Betula,pendula,30 - 50 cm,,Helsinki/MAKA,2026-02-27,POINT (24.967807848172047 60.174398424574456)
Puurekisteri_piste.24356,24356,P-33020-22,,TOKOINRANTA,Puisto,PUISTOLEHMUS,Tilia,x vulgaris,20 - 30 cm,,Helsinki/MAKA,2026-02-27,POINT (24.947056175427505 60.179147387824734)
Puurekisteri_piste.24357,24357,P-33020-23,,TOKOINRANTA,Puisto,PUISTOLEHMUS,Tilia,x vulgaris,20 - 30 cm,,Helsinki/MAKA,2026-02-27,POINT (24.947118580156754 60.17919840453167)
Puurekisteri_piste.24358,24358,P-33020-24,,TOKOINRANTA,Puisto,PUISTOLEHMUS,Tilia,x vulgaris,20 - 30 cm,,Helsinki/MAKA,2026-02-27,POINT (24.947225744591126 60.17922908042973)
Puurekisteri_piste.24359,24359,P-33045-436,,SIBELIUKSEN PUISTO (A),Puisto,METSÄKUUSI,Picea,abies,30 - 50 cm,,Helsinki/MAKA,2026-02-27,POINT (24.913820321735066 60.18260421036031)
Puurekisteri_piste.24360,24360,K-43773,KARPALOPOLKU,,Katu,METSÄTAMMI,Quercus,robur,10 - 20 cm,,Helsinki/MAKA,2026-02-27,POINT (25.07240435125701 60.22943450444573)
Puurekisteri_piste.24361,24361,K-43774,KARPALOPOLKU,,Katu,METSÄTAMMI,Quercus,robur,10 - 20 cm,,Helsinki/MAKA,2026-02-27,POINT (25.07243558164588 60.22947584473611)
Puurekisteri_piste.24362,24362,P-45095-15,,KUNINKAANKARTANONSAARI,Puisto,METSÄVAAHTERA,Acer,platanoides,10 - 20 cm,,Helsinki/MAKA,2026-02-27,POINT (24.980674428491653 60.217244488630904)
Puurekisteri_piste.24363,24363,P-34023-184,,LENININPUISTO,Puisto,KOTIPIHLAJA,Sorbus,aucuparia,0 - 10 cm,,Helsinki/MAKA,2026-02-27,POINT (24.943892273037292 60.18972981604303)
Puurekisteri_piste.24365,24365,K-27228,LINNANRAKENTAJANTIE,,Katu,PUISTOLEHMUS,Tilia,x vulgaris,10 - 20 cm,,Helsinki/MAKA,2026-02-27,POINT (25.03523841172821 60.193070908135205)
Puurekisteri_piste.24366,24366,K-27230,LINNANRAKENTAJANTIE,,Katu,PUISTOLEHMUS,Tilia,x vulgaris,10 - 20 cm,,Helsinki/MAKA,2026-02-27,POINT (25.035331679001196 60.193091650214384)
Puurekisteri_piste.24367,24367,K-27232,LINNANRAKENTAJANTIE,,Katu,PUISTOLEHMUS,Tilia,x vulgaris,10 - 20 cm,,Helsinki/MAKA,2026-02-27,POINT (25.036296770317858 60.192828014696865)
Puurekisteri_piste.25102,25102,P-33046-161,,SIBELIUKSEN PUISTO (B),Puisto,METSÄVAAHTERA,Acer,platanoides,20 - 30 cm,,Helsinki/MAKA,2026-02-27,POINT (24.915887547097114 60.181579193737505)
Puurekisteri_piste.25103,25103,P-33046-162,,SIBELIUKSEN PUISTO (B),Puisto,PIHLAJA,Sorbus,sp.,30 - 50 cm,,Helsinki/MAKA,2026-02-27,POINT (24.915804374280274 60.181577882538086)
Puurekisteri_piste.25104,25104,P-33046-163,,SIBELIUKSEN PUISTO (B),Puisto,METSÄLEHMUS,Tilia,cordata,70 cm -,,Helsinki/MAKA,2026-02-27,POINT (24.9156073848329 60.18158267206331)
Puurekisteri_piste.25105,25105,P-33046-164,,SIBELIUKSEN PUISTO (B),Puisto,KOTIPIHLAJA,Sorbus,aucuparia,10 - 20 cm,,Helsinki/MAKA,2026-02-27,POINT (24.9158919298108 60.1815429998218)
Puurekisteri_piste.25106,25106,P-33046-165,,SIBELIUKSEN PUISTO (B),Puisto,KOTIPIHLAJA,Sorbus,aucuparia,10 - 20 cm,,Helsinki/MAKA,2026-02-27,POINT (24.91594358679245 60.18152730300989)
Puurekisteri_piste.25107,25107,P-33046-166,,SIBELIUKSEN PUISTO (B),Puisto,METSÄMÄNTY,Pinus,sylvestris,30 - 50 cm,,Helsinki/MAKA,2026-02-27,POINT (24.915968105955184 60.18149154588201)
Puurekisteri_piste.25108,25108,P-33046-167,,SIBELIUKSEN PUISTO (B),Puisto,HIESKOIVU,Betula,pubescens,30 - 50 cm,,Helsinki/MAKA,2026-02-27,POINT (24.91593397178576 60.18141784831584)
Puurekisteri_piste.25109,25109,P-33046-168,,SIBELIUKSEN PUISTO (B),Puisto,KOTIPIHLAJA,Sorbus,aucuparia,10 - 20 cm,,Helsinki/MAKA,2026-02-27,POINT (24.916019768477504 60.18143529423871)
Puurekisteri_piste.25110,25110,P-33046-169,,SIBELIUKSEN PUISTO (B),Puisto,RAUDUSKOIVU,Betula,pendula,50 - 70 cm,,Helsinki/MAKA,2026-02-27,POINT (24.916049542385977 60.18138558291565)
Puurekisteri_piste.25111,25111,K-40368,LAAJASALONTIE,,Katu,KOTIPIHLAJA,Sorbus,aucuparia,0 - 10 cm,,Helsinki/MAKA,2026-02-27,POINT (25.047266837830716 60.162600639165895)
Puurekisteri_piste.25112,25112,K-40369,LAAJASALONTIE,,Katu,KOTIPIHLAJA,Sorbus,aucuparia,0 - 10 cm,,Helsinki/MAKA,2026-02-27,POINT (25.04699389738923 60.16376205694006)
Puurekisteri_piste.25116,25116,K-40373,LAAJASALONTIE,,Katu,KOTIPIHLAJA,Sorbus,aucuparia,0 - 10 cm,,Helsinki/MAKA,2026-02-27,POINT (25.048685463376064 60.16487452808425)
Puurekisteri_piste.25117,25117,K-40374,LAAJASALONTIE,,Katu,KOTIPIHLAJA,Sorbus,aucuparia,0 - 10 cm,,Helsinki/MAKA,2026-02-27,POINT (25.048757355909633 60.16492849021755)
Puurekisteri_piste.25118,25118,P-33046-229,,SIBELIUKSEN PUISTO (B),Puisto,HIESKOIVU,Betula,pubescens,30 - 50 cm,,Helsinki/MAKA,2026-02-27,POINT (24.917811176833386 60.18199806436417)
Puurekisteri_piste.25119,25119,P-33046-230,,SIBELIUKSEN PUISTO (B),Puisto,HIESKOIVU,Betula,pubescens,20 - 30 cm,,Helsinki/MAKA,2026-02-27,POINT (24.9178703701859 60.18202029410541)
Puurekisteri_piste.25121,25121,P-33046-232,,SIBELIUKSEN PUISTO (B),Puisto,HIESKOIVU,Betula,pubescens,20 - 30 cm,,Helsinki/MAKA,2026-02-27,POINT (24.917904156860953 60.18195793147096)
Puurekisteri_piste.25122,25122,P-33046-233,,SIBELIUKSEN PUISTO (B),Puisto,HIESKOIVU,Betula,pubescens,30 - 50 cm,,Helsinki/MAKA,2026-02-27,POINT (24.917808083061054 60.181933848600224)
Puurekisteri_piste.25123,25123,P-33046-234,,SIBELIUKSEN PUISTO (B),Puisto,RAUDUSKOIVU,Betula,pendula,50 - 70 cm,,Helsinki/MAKA,2026-02-27,POINT (24.91782420076029 60.18191285533834)
Puurekisteri_piste.25124,25124,P-33046-235,,SIBELIUKSEN PUISTO (B),Puisto,HIESKOIVU,Betula,pubescens,20 - 30 cm,,Helsinki/MAKA,2026-02-27,POINT (24.917751051417735 60.182003620215625)
Puurekisteri_piste.25061,25061,K-44021,LÄNSIMÄENTIE,,Katu,METSÄVAAHTERA,Acer,platanoides,10 - 20 cm,,Helsinki/MAKA,2026-02-27,POINT (25.10878905399267 60.2418725150939)
Puurekisteri_piste.25062,25062,K-44022,LÄNSIMÄENTIE,,Katu,METSÄVAAHTERA,Acer,platanoides,10 - 20 cm,,Helsinki/MAKA,2026-02-27,POINT (25.10875544382934 60.241835494880526)
Puurekisteri_piste.25063,25063,K-44023,LÄNSIMÄENTIE,,Katu,METSÄVAAHTERA,Acer,platanoides,10 - 20 cm,,Helsinki/MAKA,2026-02-27,POINT (25.108717851328496 60.241796595493135)
Puurekisteri_piste.25065,25065,K-39642,LEIKOSAARENTIE,,Katu,PUISTOLEHMUS,Tilia,x vulgaris,10 - 20 cm,,Helsinki/MAKA,2026-02-27,POINT (25.13755922949183 60.20263976534298)
Puurekisteri_piste.25066,25066,K-39643,LEIKOSAARENTIE,,Katu,PUISTOLEHMUS,Tilia,x vulgaris,10 - 20 cm,,Helsinki/MAKA,2026-02-27,POINT (25.137666793874775 60.2026544884181)
Puurekisteri_piste.25067,25067,K-39644,LEIKOSAARENTIE,,Katu,PUISTOLEHMUS,Tilia,x vulgaris,10 - 20 cm,,Helsinki/MAKA,2026-02-27,POINT (25.137797858832556 60.202678238010094)
Puurekisteri_piste.25068,25068,K-39645,LEIKOSAARENTIE,,Katu,PUISTOLEHMUS,Tilia,x vulgaris,10 - 20 cm,,Helsinki/MAKA,2026-02-27,POINT (25.13793553917247 60.20269345007964)
Puurekisteri_piste.25070,25070,K-39647,LEIKOSAARENTIE,,Katu,PUISTOLEHMUS,Tilia,x vulgaris,10 - 20 cm,,Helsinki/MAKA,2026-02-27,POINT (25.1386046582287 60.20277088625251)
Puurekisteri_piste.25071,25071,K-39648,LEIKOSAARENTIE,,Katu,PUISTOLEHMUS,Tilia,x vulgaris,10 - 20 cm,,Helsinki/MAKA,2026-02-27,POINT (25.138732753549228 60.20278171533208)
Puurekisteri_piste.9156,9156,P-34019-117,,ALPPIPUISTO (ETELÄ),Puisto,KOTIPIHLAJA,Sorbus,aucuparia,0 - 10 cm,,Helsinki/MAKA,2026-02-27,POINT (24.94038984337324 60.18687667011859)
Puurekisteri_piste.9157,9157,P-34019-118,,ALPPIPUISTO (ETELÄ),Puisto,VUORIJALAVA,Ulmus,glabra,20 - 30 cm,,Helsinki/MAKA,2026-02-27,POINT (24.940182296556433 60.186962172771594)
Puurekisteri_piste.9158,9158,P-34019-119,,ALPPIPUISTO (ETELÄ),Puisto,RAUDUSKOIVU,Betula,pendula,20 - 30 cm,,Helsinki/MAKA,2026-02-27,POINT (24.940091308403716 60.187070903164454)
Puurekisteri_piste.9161,9161,P-43001-214,,LAIVASTOPUISTO,Puisto,KOTIPIHLAJA,Sorbus,aucuparia,0 - 10 cm,,Helsinki/MAKA,2026-02-27,POINT (24.977829274993322 60.1688181490664)
Puurekisteri_piste.9163,9163,K-7171,ITÄMERENKATU,,Katu,PUISTOLEHMUS,Tilia,x vulgaris,10 - 20 cm,,Helsinki/MAKA,2026-02-27,POINT (24.91025281894441 60.16329156660165)
Puurekisteri_piste.9164,9164,K-8118,TAITEENTEKIJÄNTIE,,Katu,RAUDUSKOIVU,Betula,pendula,20 - 30 cm,,Helsinki/MAKA,2026-02-27,POINT (24.86358134583166 60.208669715940594)
Puurekisteri_piste.9165,9165,K-8119,TAITEENTEKIJÄNTIE,,Katu,RAUDUSKOIVU,Betula,pendula,0 - 10 cm,,Helsinki/MAKA,2026-02-27,POINT (24.863410018492292 60.20866883438894)
Puurekisteri_piste.9167,9167,K-944,RATAPIHANTIE,,Katu,VUORIJALAVA,Ulmus,glabra,10 - 20 cm,,Helsinki/MAKA,2026-02-27,POINT (24.935651275535005 60.19681140338925)
Puurekisteri_piste.9168,9168,K-9147,MÄKELÄNKATU,,Katu,PUISTOLEHMUS,Tilia,x vulgaris,10 - 20 cm,,Helsinki/MAKA,2026-02-27,POINT (24.94551380777742 60.20928179479647)
Puurekisteri_piste.9170,9170,K-9149,MÄKELÄNKATU,,Katu,PUISTOLEHMUS,Tilia,x vulgaris,10 - 20 cm,,Helsinki/MAKA,2026-02-27,POINT (24.94547873669508 60.209410147821956)
Puurekisteri_piste.9171,9171,P-32008-125,,URSININKALLIO,Puisto,DOUGLASKUUSI,Pseudotsuga,menziesii,30 - 50 cm,,Helsinki/MAKA,2026-02-27,POINT (24.942660623359252 60.15403611028935)
Puurekisteri_piste.9172,9172,P-32008-126,,URSININKALLIO,Puisto,DOUGLASKUUSI,Pseudotsuga,menziesii,30 - 50 cm,,Helsinki/MAKA,2026-02-27,POINT (24.94255979439966 60.15396197269805)
Puurekisteri_piste.9173,9173,P-32008-127,,URSININKALLIO,Puisto,DOUGLASKUUSI,Pseudotsuga,menziesii,10 - 20 cm,,Helsinki/MAKA,2026-02-27,POINT (24.942653958191016 60.15395042192366)
Puurekisteri_piste.9174,9174,P-32008-128,,URSININKALLIO,Puisto,DOUGLASKUUSI,Pseudotsuga,menziesii,20 - 30 cm,,Helsinki/MAKA,2026-02-27,POINT (24.942711795746888 60.15397101070378)
Puurekisteri_piste.9175,9175,P-32008-129,,URSININKALLIO,Puisto,PUISTOLEHMUS,Tilia,x vulgaris,20 - 30 cm,,Helsinki/MAKA,2026-02-27,POINT (24.94292926368427 60.1541229215164)
Puurekisteri_piste.9176,9176,P-32008-130,,URSININKALLIO,Puisto,ISOLEHTILEHMUS,Tilia,platyphyllos,30 - 50 cm,,Helsinki/MAKA,2026-02-27,POINT (24.94309449444298 60.15414843560545)
Puurekisteri_piste.9177,9177,P-32008-131,,URSININKALLIO,Puisto,ISOLEHTILEHMUS,Tilia,platyphyllos,50 - 70 cm,,Helsinki/MAKA,2026-02-27,POINT (24.943276251832028 60.154178889379004)
Puurekisteri_piste.9179,9179,P-44017-213,,KATRI VALAN PUISTO,Puisto,VUORIJALAVA,Ulmus,glabra,20 - 30 cm,,Helsinki/MAKA,2026-02-27,POINT (24.96341470456271 60.1859876917373)
Puurekisteri_piste.9180,9180,P-42003-102,,MYLLYRINNE,Puisto,METSÄVAAHTERA,Acer,platanoides,10 - 20 cm,,Helsinki/MAKA,2026-02-27,POINT (24.959862357963207 60.15988623948856)
Puurekisteri_piste.9181,9181,P-42003-103,,MYLLYRINNE,Puisto,METSÄVAAHTERA,Acer,platanoides,30 - 50 cm,,Helsinki/MAKA,2026-02-27,POINT (24.959842322179927 60.15989814763298)
Puurekisteri_piste.9182,9182,P-53004-447,,STANSVIKINKARTANO,Puisto,METSÄTAMMI,Quercus,robur,10 - 20 cm,,Helsinki/MAKA,2026-02-27,POINT (25.02886908075092 60.163817906945944)
Puurekisteri_piste.9183,9183,P-43001-248,,LAIVASTOPUISTO,Puisto,KOTIPIHLAJA,Sorbus,aucuparia,0 - 10 cm,,Helsinki/MAKA,2026-02-27,POINT (24.97916258032168 60.16817377833995)
Puurekisteri_piste.9184,9184,P-43001-249,,LAIVASTOPUISTO,Puisto,TUOMI/KIRSIKKA,Prunus,sp.,10 - 20 cm,,Helsinki/MAKA,2026-02-27,POINT (24.9792553609083 60.16808201026522)
Puurekisteri_piste.9185,9185,P-43001-250,,LAIVASTOPUISTO,Puisto,TUOMI/KIRSIKKA,Prunus,sp.,0 - 10 cm,,Helsinki/MAKA,2026-02-27,POINT (24.979335949885495 60.16799914029881)
Puurekisteri_piste.25392,25392,K-39447,KALLVIKINTIE,,Katu,PUISTOLEHMUS,Tilia,x vulgaris,0 - 10 cm,,Helsinki/MAKA,2026-02-27,POINT (25.134933877869308 60.20690093964887)
Puurekisteri_piste.9186,9186,P-43001-251,,LAIVASTOPUISTO,Puisto,TERVALEPPÄ,Alnus,glutinosa,10 - 20 cm,,Helsinki/MAKA,2026-02-27,POINT (24.979733401120257 60.167768572939)
Puurekisteri_piste.9188,9188,P-43001-253,,LAIVASTOPUISTO,Puisto,PURPPURATUOMI,Prunus,padus,10 - 20 cm,,Helsinki/MAKA,2026-02-27,POINT (24.97950153324842 60.16777850418864)
Puurekisteri_piste.9189,9189,P-34019-127,,ALPPIPUISTO (ETELÄ),Puisto,METSÄVAAHTERA,Acer,platanoides,10 - 20 cm,,Helsinki/MAKA,2026-02-27,POINT (24.940159748281598 60.18709545401054)
Puurekisteri_piste.9190,9190,P-44017-205,,KATRI VALAN PUISTO,Puisto,METSÄVAAHTERA,Acer,platanoides,20 - 30 cm,,Helsinki/MAKA,2026-02-27,POINT (24.963951840518096 60.18573951593751)
Puurekisteri_piste.9191,9191,P-32031-186,,SINEBRYCHOFFIN PUISTO,Puisto,KOTIPIHLAJA,Sorbus,aucuparia,0 - 10 cm,,Helsinki/MAKA,2026-02-27,POINT (24.9341392293063 60.161938428881555)
Puurekisteri_piste.9193,9193,P-32031-188,,SINEBRYCHOFFIN PUISTO,Puisto,HEVOSKASTANJA,Aesculus,hippocastanum,10 - 20 cm,,Helsinki/MAKA,2026-02-27,POINT (24.933732698207027 60.16191787233473)
Puurekisteri_piste.9194,9194,K-7167,ITÄMERENKATU,,Katu,PUISTOLEHMUS,Tilia,x vulgaris,10 - 20 cm,,Helsinki/MAKA,2026-02-27,POINT (24.91090098340257 60.16331369487993)
Puurekisteri_piste.9195,9195,K-7168,ITÄMERENKATU,,Katu,PUISTOLEHMUS,Tilia,x vulgaris,10 - 20 cm,,Helsinki/MAKA,2026-02-27,POINT (24.910712423676422 60.16330533390439)
Puurekisteri_piste.9196,9196,P-32041-5,,NEITSYTPUISTO,Puisto,PUISTOLEHMUS,Tilia,x vulgaris,30 - 50 cm,,Helsinki/MAKA,2026-02-27,POINT (24.949878448340066 60.15864844151142)
Puurekisteri_piste.9197,9197,P-32041-6,,NEITSYTPUISTO,Puisto,PUISTOLEHMUS,Tilia,x vulgaris,30 - 50 cm,,Helsinki/MAKA,2026-02-27,POINT (24.949809494100066 60.15863309721999)
Puurekisteri_piste.24910,24910,P-33045-419,,SIBELIUKSEN PUISTO (A),Puisto,METSÄVAAHTERA,Acer,platanoides,20 - 30 cm,,Helsinki/MAKA,2026-02-27,POINT (24.914816255922165 60.182423166041)
Puurekisteri_piste.24912,24912,P-33045-421,,SIBELIUKSEN PUISTO (A),Puisto,METSÄLEHMUS,Tilia,cordata,70 cm -,,Helsinki/MAKA,2026-02-27,POINT (24.915014297506247 60.182104041864044)
Puurekisteri_piste.24913,24913,P-33045-422,,SIBELIUKSEN PUISTO (A),Puisto,METSÄVAAHTERA,Acer,platanoides,30 - 50 cm,,Helsinki/MAKA,2026-02-27,POINT (24.914950346547954 60.182172973834646)
Puurekisteri_piste.24914,24914,P-33045-423,,SIBELIUKSEN PUISTO (A),Puisto,METSÄVAAHTERA,Acer,platanoides,30 - 50 cm,,Helsinki/MAKA,2026-02-27,POINT (24.914831822884754 60.18227977766348)
Puurekisteri_piste.24915,24915,K-39783,RAMSINNIEMENTIE,,Katu,TERVALEPPÄ,Alnus,glutinosa,10 - 20 cm,,Helsinki/MAKA,2026-02-27,POINT (25.11595693146683 60.197639437210135)
Puurekisteri_piste.24916,24916,K-39784,RAMSINNIEMENTIE,,Katu,TERVALEPPÄ,Alnus,glutinosa,10 - 20 cm,,Helsinki/MAKA,2026-02-27,POINT (25.11576125473185 60.19762832660075)
Puurekisteri_piste.24917,24917,K-39785,RAMSINNIEMENTIE,,Katu,TERVALEPPÄ,Alnus,glutinosa,10 - 20 cm,,Helsinki/MAKA,2026-02-27,POINT (25.11561065037183 60.197617328949974)
Puurekisteri_piste.24919,24919,K-39787,RAMSINNIEMENTIE,,Katu,TERVALEPPÄ,Alnus,glutinosa,10 - 20 cm,,Helsinki/MAKA,2026-02-27,POINT (25.115321554535033 60.197600969815085)
Puurekisteri_piste.24921,24921,K-39789,RAMSINNIEMENTIE,,Katu,TERVALEPPÄ,Alnus,glutinosa,10 - 20 cm,,Helsinki/MAKA,2026-02-27,POINT (25.11475509553131 60.19753996019603)
Puurekisteri_piste.24933,24933,P-99101-177,,SUOMENLINNA,Puisto,METSÄVAAHTERA,Acer,platanoides,30 - 50 cm,,Helsinki/MAKA,2026-02-27,POINT (24.987610822942855 60.147272829638304)
Puurekisteri_piste.24934,24934,P-99101-178,,SUOMENLINNA,Puisto,METSÄVAAHTERA,Acer,platanoides,50 - 70 cm,,Helsinki/MAKA,2026-02-27,POINT (24.987628933026997 60.14738867857483)
Puurekisteri_piste.24936,24936,P-99101-180,,SUOMENLINNA,Puisto,METSÄVAAHTERA,Acer,platanoides,50 - 70 cm,,Helsinki/MAKA,2026-02-27,POINT (24.987850899234772 60.14722783305132)
Puurekisteri_piste.24938,24938,P-99101-182,,SUOMENLINNA,Puisto,PUISTOLEHMUS,Tilia,x vulgaris,50 - 70 cm,,Helsinki/MAKA,2026-02-27,POINT (24.987929157708933 60.14718152948319)
Puurekisteri_piste.24939,24939,P-99101-183,,SUOMENLINNA,Puisto,PUISTOLEHMUS,Tilia,x vulgaris,70 cm -,,Helsinki/MAKA,2026-02-27,POINT (24.987710311258702 60.1470428491202)
Puurekisteri_piste.24944,24944,P-99101-188,,SUOMENLINNA,Puisto,PUISTOLEHMUS,Tilia,x vulgaris,70 cm -,,Helsinki/MAKA,2026-02-27,POINT (24.98667376596951 60.1473404867839)
Puurekisteri_piste.24945,24945,P-99101-189,,SUOMENLINNA,Puisto,PUISTOLEHMUS,Tilia,x vulgaris,50 - 70 cm,,Helsinki/MAKA,2026-02-27,POINT (24.986586657195513 60.14730038860219)
Puurekisteri_piste.24946,24946,P-99101-190,,SUOMENLINNA,Puisto,PUISTOLEHMUS,Tilia,x vulgaris,70 cm -,,Helsinki/MAKA,2026-02-27,POINT (24.98645883138076 60.14733980193758)
Puurekisteri_piste.24947,24947,P-99101-191,,SUOMENLINNA,Puisto,PUISTOLEHMUS,Tilia,x vulgaris,50 - 70 cm,,Helsinki/MAKA,2026-02-27,POINT (24.986358210906854 60.147375130982354)
Puurekisteri_piste.24948,24948,K-39489,MARIELUNDIN PUISTOTIE,,Katu,PUISTOLEHMUS,Tilia,x vulgaris,10 - 20 cm,2005,Helsinki/MAKA,2026-02-27,POINT (25.150287601646145 60.218559226358394)
Puurekisteri_piste.24949,24949,K-39490,MARIELUNDIN PUISTOTIE,,Katu,PUISTOLEHMUS,Tilia,x vulgaris,10 - 20 cm,2005,Helsinki/MAKA,2026-02-27,POINT (25.150447671869248 60.21854117808556)
Puurekisteri_piste.24950,24950,K-39491,MARIELUNDIN PUISTOTIE,,Katu,PUISTOLEHMUS,Tilia,x vulgaris,10 - 20 cm,2005,Helsinki/MAKA,2026-02-27,POINT (25.150607908500454 60.21852115477342)
Puurekisteri_piste.24951,24951,K-43775,KARPALOPOLKU,,Katu,METSÄTAMMI,Quercus,robur,10 - 20 cm,,Helsinki/MAKA,2026-02-27,POINT (25.072440325561917 60.22952610082838)
Puurekisteri_piste.24952,24952,K-43776,KARPALOPOLKU,,Katu,METSÄTAMMI,Quercus,robur,0 - 10 cm,,Helsinki/MAKA,2026-02-27,POINT (25.072496341732368 60.22942488543434)
Puurekisteri_piste.24953,24953,K-43777,KARPALOPOLKU,,Katu,METSÄTAMMI,Quercus,robur,10 - 20 cm,,Helsinki/MAKA,2026-02-27,POINT (25.072527938563454 60.22946739206647)
Puurekisteri_piste.24954,24954,K-43778,KARPALOPOLKU,,Katu,METSÄTAMMI,Quercus,robur,10 - 20 cm,,Helsinki/MAKA,2026-02-27,POINT (25.07254709492807 60.229512336243786)
Puurekisteri_piste.24956,24956,K-43780,KARPALOPOLKU,,Katu,METSÄTAMMI,Quercus,robur,10 - 20 cm,,Helsinki/MAKA,2026-02-27,POINT (25.072573510798435 60.22941016742156)
Puurekisteri_piste.24957,24957,K-43781,KARPALOPOLKU,,Katu,METSÄTAMMI,Quercus,robur,10 - 20 cm,,Helsinki/MAKA,2026-02-27,POINT (25.07261521388661 60.229452752210484)
Puurekisteri_piste.24958,24958,K-43782,KARPALOPOLKU,,Katu,METSÄTAMMI,Quercus,robur,10 - 20 cm,,Helsinki/MAKA,2026-02-27,POINT (25.0726424943848 60.22949840510208)
Puurekisteri_piste.24959,24959,K-43783,KARPALOPOLKU,,Katu,METSÄTAMMI,Quercus,robur,10 - 20 cm,,Helsinki/MAKA,2026-02-27,POINT (25.072376066388408 60.22909338671841)
Puurekisteri_piste.24960,24960,K-43784,KARPALOPOLKU,,Katu,METSÄTAMMI,Quercus,robur,10 - 20 cm,,Helsinki/MAKA,2026-02-27,POINT (25.072411814109675 60.22913606813746)
Puurekisteri_piste.24961,24961,K-43785,KARPALOPOLKU,,Katu,METSÄTAMMI,Quercus,robur,10 - 20 cm,,Helsinki/MAKA,2026-02-27,POINT (25.072454591904208 60.22917703619874)
Puurekisteri_piste.24962,24962,K-43786,KARPALOPOLKU,,Katu,METSÄTAMMI,Quercus,robur,10 - 20 cm,,Helsinki/MAKA,2026-02-27,POINT (25.072502816381412 60.22922508848505)
Puurekisteri_piste.9199,9199,P-32041-8,,NEITSYTPUISTO,Puisto,PUISTOLEHMUS,Tilia,x vulgaris,30 - 50 cm,,Helsinki/MAKA,2026-02-27,POINT (24.94965398375995 60.158602412407646)
Puurekisteri_piste.9204,9204,P-43001-299,,LAIVASTOPUISTO,Puisto,METSÄTAMMI,Quercus,robur,10 - 20 cm,,Helsinki/MAKA,2026-02-27,POINT (24.978407982243056 60.16700421306263)
Puurekisteri_piste.9207,9207,P-43001-227,,LAIVASTOPUISTO,Puisto,SEMBRAMÄNTY,Pinus,cembra,0 - 10 cm,,Helsinki/MAKA,2026-02-27,POINT (24.978182363739243 60.16860010101524)
Puurekisteri_piste.9209,9209,P-43067-146,,TERVASAARI,Puisto,RAUDUSKOIVU,Betula,pendula,20 - 30 cm,,Helsinki/MAKA,2026-02-27,POINT (24.970016537208245 60.17411487522009)
Puurekisteri_piste.9210,9210,P-43067-147,,TERVASAARI,Puisto,METSÄHAAPA,Populus,tremula,20 - 30 cm,,Helsinki/MAKA,2026-02-27,POINT (24.970008575468174 60.17411686263537)
Puurekisteri_piste.9211,9211,P-43067-148,,TERVASAARI,Puisto,RAUDUSKOIVU,Betula,pendula,10 - 20 cm,,Helsinki/MAKA,2026-02-27,POINT (24.96993685970521 60.174098363371165)
Puurekisteri_piste.9212,9212,P-43067-149,,TERVASAARI,Puisto,RAUDUSKOIVU,Betula,pendula,10 - 20 cm,,Helsinki/MAKA,2026-02-27,POINT (24.96993420004278 60.174094394576336)
Puurekisteri_piste.9213,9213,P-43067-150,,TERVASAARI,Puisto,RAUDUSKOIVU,Betula,pendula,30 - 50 cm,,Helsinki/MAKA,2026-02-27,POINT (24.96995541967143 60.17408049197121)
Puurekisteri_piste.9214,9214,P-33016-54,,KAISANIEMENPUISTO,Puisto,METSÄLEHMUS,Tilia,cordata,70 cm -,,Helsinki/MAKA,2026-02-27,POINT (24.94245223555453 60.174354238708744)
Puurekisteri_piste.9215,9215,P-33016-55,,KAISANIEMENPUISTO,Puisto,METSÄVAAHTERA,Acer,platanoides,50 - 70 cm,,Helsinki/MAKA,2026-02-27,POINT (24.942460481612724 60.1742949337916)
Puurekisteri_piste.9219,9219,K-4425,ALEKSIS KIVEN KATU,,Katu,PUISTOLEHMUS,Tilia,x vulgaris,30 - 50 cm,,Helsinki/MAKA,2026-02-27,POINT (24.946606865095998 60.19190129827025)
Puurekisteri_piste.9220,9220,K-6303,HIETANIEMENKATU,,Katu,RAUDUSKOIVU,Betula,pendula,10 - 20 cm,,Helsinki/MAKA,2026-02-27,POINT (24.917961855464668 60.17053683165086)
Puurekisteri_piste.9221,9221,K-9003,MERISATAMANRANTA,,Katu,PUISTOLEHMUS,Tilia,x vulgaris,30 - 50 cm,,Helsinki/MAKA,2026-02-27,POINT (24.944764810920244 60.154576229613504)
Puurekisteri_piste.9222,9222,P-43067-197,,TERVASAARI,Puisto,KOTIPIHLAJA,Sorbus,aucuparia,0 - 10 cm,,Helsinki/MAKA,2026-02-27,POINT (24.969529498774012 60.17335981710196)
Puurekisteri_piste.9223,9223,P-42003-116,,MYLLYRINNE,Puisto,RUOTSINPIHLAJA,Sorbus,intermedia,10 - 20 cm,,Helsinki/MAKA,2026-02-27,POINT (24.959654653822433 60.15999307518881)
Puurekisteri_piste.9225,9225,P-44017-137,,KATRI VALAN PUISTO,Puisto,RUOTSINPIHLAJA,Sorbus,intermedia,20 - 30 cm,,Helsinki/MAKA,2026-02-27,POINT (24.96390493460798 60.18682090888574)
Puurekisteri_piste.9229,9229,P-53003-808,,TULLISAAREN KARTANO,Puisto,RAUDUSKOIVU,Betula,pendula,30 - 50 cm,,Helsinki/MAKA,2026-02-27,POINT (25.029965730511375 60.18032722881369)
Puurekisteri_piste.9232,9232,P-34019-103,,ALPPIPUISTO (ETELÄ),Puisto,KOTIPIHLAJA,Sorbus,aucuparia,10 - 20 cm,,Helsinki/MAKA,2026-02-27,POINT (24.941025664300838 60.18690140570597)
Puurekisteri_piste.9233,9233,P-34019-104,,ALPPIPUISTO (ETELÄ),Puisto,KOTIPIHLAJA,Sorbus,aucuparia,30 - 50 cm,,Helsinki/MAKA,2026-02-27,POINT (24.9410090760758 60.18681983977484)
Puurekisteri_piste.9234,9234,P-34019-105,,ALPPIPUISTO (ETELÄ),Puisto,RAUDUSKOIVU,Betula,pendula,30 - 50 cm,,Helsinki/MAKA,2026-02-27,POINT (24.940947882833484 60.18681243378357)
Puurekisteri_piste.9236,9236,P-53003-1941,,TULLISAAREN KARTANO,Puisto,METSÄMÄNTY,Pinus,sylvestris,20 - 30 cm,,Helsinki/MAKA,2026-02-27,POINT (25.02411683131495 60.17723180181627)
Puurekisteri_piste.9237,9237,P-42005-981,,KAIVOPUISTO,Puisto,TERVALEPPÄ,Alnus,glutinosa,30 - 50 cm,,Helsinki/MAKA,2026-02-27,POINT (24.954481829074997 60.1568011086267)
Puurekisteri_piste.9238,9238,P-43002-9,,MERIKASARMINPUISTO,Puisto,,Aesculus,sp.,10 - 20 cm,,Helsinki/MAKA,2026-02-27,POINT (24.973882898280234 60.167859204721715)
Puurekisteri_piste.9239,9239,P-43002-10,,MERIKASARMINPUISTO,Puisto,METSÄTAMMI,Quercus,robur,20 - 30 cm,,Helsinki/MAKA,2026-02-27,POINT (24.974518090953477 60.167721345129415)
Puurekisteri_piste.9240,9240,P-43002-11,,MERIKASARMINPUISTO,Puisto,METSÄTAMMI,Quercus,robur,10 - 20 cm,,Helsinki/MAKA,2026-02-27,POINT (24.97455625824945 60.16767489210975)
Puurekisteri_piste.9241,9241,P-43002-12,,MERIKASARMINPUISTO,Puisto,METSÄTAMMI,Quercus,robur,10 - 20 cm,,Helsinki/MAKA,2026-02-27,POINT (24.974602269690873 60.16762951022134)
Puurekisteri_piste.9242,9242,P-32040-58,,JOHANNEKSEN PUISTO,Puisto,OKAKUUSI,Picea,pungens,0 - 10 cm,,Helsinki/MAKA,2026-02-27,POINT (24.944434856541037 60.16196998013866)
Puurekisteri_piste.9243,9243,P-32040-59,,JOHANNEKSEN PUISTO,Puisto,KUUSI,Picea,sp.,0 - 10 cm,,Helsinki/MAKA,2026-02-27,POINT (24.944438033659 60.1619977770882)
Puurekisteri_piste.9244,9244,P-33054-179,,HESPERIAN ESPLANADI,Puisto,VUORIJALAVA,Ulmus,glabra,50 - 70 cm,,Helsinki/MAKA,2026-02-27,POINT (24.914543592980284 60.17628420445797)
Puurekisteri_piste.9871,9871,P-33054-98,,HESPERIAN ESPLANADI,Puisto,VUORIJALAVA,Ulmus,glabra,50 - 70 cm,,Helsinki/MAKA,2026-02-27,POINT (24.918187638761754 60.17667952738214)
Puurekisteri_piste.9872,9872,P-33054-99,,HESPERIAN ESPLANADI,Puisto,VUORIJALAVA,Ulmus,glabra,50 - 70 cm,,Helsinki/MAKA,2026-02-27,POINT (24.91802914034288 60.17666114026172)
Puurekisteri_piste.9150,9150,P-34019-184,,ALPPIPUISTO (ETELÄ),Puisto,METSÄHAAPA,Populus,tremula,10 - 20 cm,,Helsinki/MAKA,2026-02-27,POINT (24.93952960634822 60.18709492435356)
Puurekisteri_piste.9151,9151,P-44017-272,,KATRI VALAN PUISTO,Puisto,METSÄMÄNTY,Pinus,sylvestris,10 - 20 cm,,Helsinki/MAKA,2026-02-27,POINT (24.965714870013596 60.186550640537334)
Puurekisteri_piste.9152,9152,P-44017-273,,KATRI VALAN PUISTO,Puisto,METSÄMÄNTY,Pinus,sylvestris,10 - 20 cm,,Helsinki/MAKA,2026-02-27,POINT (24.965782678754376 60.18655391318487)
Puurekisteri_piste.9153,9153,P-44017-274,,KATRI VALAN PUISTO,Puisto,METSÄMÄNTY,Pinus,sylvestris,10 - 20 cm,,Helsinki/MAKA,2026-02-27,POINT (24.965731453812705 60.18658441616609)
Puurekisteri_piste.9155,9155,P-44017-276,,KATRI VALAN PUISTO,Puisto,KOTIPIHLAJA,Sorbus,aucuparia,10 - 20 cm,,Helsinki/MAKA,2026-02-27,POINT (24.965776174286088 60.18663383604606)
Puurekisteri_piste.24656,24656,K-39347,KALKKIHIEKANTIE,,Katu,VUORIJALAVA,Ulmus,glabra,10 - 20 cm,,Helsinki/MAKA,2026-02-27,POINT (25.142332894879065 60.20149523613247)
Puurekisteri_piste.24657,24657,K-39348,KALKKIHIEKANTIE,,Katu,VUORIJALAVA,Ulmus,glabra,0 - 10 cm,,Helsinki/MAKA,2026-02-27,POINT (25.142266427232457 60.20142480112103)
Puurekisteri_piste.24659,24659,P-42001-51,,TÄHTITORNIN VUORI,Puisto,LEHTOSAARNI,Fraxinus,excelsior,50 - 70 cm,,Helsinki/MAKA,2026-02-27,POINT (24.950934869360687 60.16109066420794)
Puurekisteri_piste.24661,24661,P-53004-130,,STANSVIKINKARTANO,Puisto,METSÄVAAHTERA,Acer,platanoides,30 - 50 cm,,Helsinki/MAKA,2026-02-27,POINT (25.03040644643284 60.16421388833862)
Puurekisteri_piste.24666,24666,P-33065-25,,VÄINÄMÖISENPUISTIKKO,Puisto,KUUSI,Picea,sp.,30 - 50 cm,,Helsinki/MAKA,2026-02-27,POINT (24.916872926370495 60.1711479710497)
Puurekisteri_piste.24667,24667,P-33065-26,,VÄINÄMÖISENPUISTIKKO,Puisto,KUUSI,Picea,sp.,30 - 50 cm,,Helsinki/MAKA,2026-02-27,POINT (24.916939845428644 60.17116300976661)
Puurekisteri_piste.24668,24668,P-33065-27,,VÄINÄMÖISENPUISTIKKO,Puisto,METSÄTAMMI,Quercus,robur,10 - 20 cm,,Helsinki/MAKA,2026-02-27,POINT (24.91729413785879 60.171102544731745)
Puurekisteri_piste.24669,24669,P-33065-28,,VÄINÄMÖISENPUISTIKKO,Puisto,METSÄTAMMI,Quercus,robur,10 - 20 cm,,Helsinki/MAKA,2026-02-27,POINT (24.917321027202014 60.17120453452966)
Puurekisteri_piste.24670,24670,P-33065-29,,VÄINÄMÖISENPUISTIKKO,Puisto,METSÄTAMMI,Quercus,robur,30 - 50 cm,,Helsinki/MAKA,2026-02-27,POINT (24.917689328528365 60.17119888140039)
Puurekisteri_piste.24671,24671,P-33065-30,,VÄINÄMÖISENPUISTIKKO,Puisto,METSÄTAMMI,Quercus,robur,50 - 70 cm,,Helsinki/MAKA,2026-02-27,POINT (24.9175513967589 60.17115698431474)
Puurekisteri_piste.24672,24672,P-33065-31,,VÄINÄMÖISENPUISTIKKO,Puisto,METSÄTAMMI,Quercus,robur,30 - 50 cm,,Helsinki/MAKA,2026-02-27,POINT (24.917697840309494 60.17109767697844)
Puurekisteri_piste.24674,24674,P-33065-33,,VÄINÄMÖISENPUISTIKKO,Puisto,METSÄTAMMI,Quercus,robur,30 - 50 cm,,Helsinki/MAKA,2026-02-27,POINT (24.918331787915417 60.17091646245036)
Puurekisteri_piste.24675,24675,P-33065-34,,VÄINÄMÖISENPUISTIKKO,Puisto,METSÄTAMMI,Quercus,robur,30 - 50 cm,,Helsinki/MAKA,2026-02-27,POINT (24.91848673184363 60.17085621294605)
Puurekisteri_piste.24676,24676,P-33065-35,,VÄINÄMÖISENPUISTIKKO,Puisto,METSÄTAMMI,Quercus,robur,30 - 50 cm,,Helsinki/MAKA,2026-02-27,POINT (24.918497119547578 60.17092870386021)
Puurekisteri_piste.24677,24677,P-33049-71,,LINNANKOSKENKADUN PUISTO,Puisto,METSÄVAAHTERA,Acer,platanoides,20 - 30 cm,,Helsinki/MAKA,2026-02-27,POINT (24.91096998059317 60.18339226928971)
Puurekisteri_piste.24680,24680,P-33049-74,,LINNANKOSKENKADUN PUISTO,Puisto,RAUDUSKOIVU,Betula,pendula,50 - 70 cm,,Helsinki/MAKA,2026-02-27,POINT (24.911164863314948 60.18340085452134)
Puurekisteri_piste.24681,24681,P-33049-75,,LINNANKOSKENKADUN PUISTO,Puisto,METSÄVAAHTERA,Acer,platanoides,10 - 20 cm,,Helsinki/MAKA,2026-02-27,POINT (24.911129068096773 60.18333483037087)
Puurekisteri_piste.24682,24682,P-33049-76,,LINNANKOSKENKADUN PUISTO,Puisto,METSÄVAAHTERA,Acer,platanoides,10 - 20 cm,,Helsinki/MAKA,2026-02-27,POINT (24.91117005887738 60.183318542139986)
Puurekisteri_piste.24683,24683,P-33049-77,,LINNANKOSKENKADUN PUISTO,Puisto,METSÄVAAHTERA,Acer,platanoides,10 - 20 cm,,Helsinki/MAKA,2026-02-27,POINT (24.911125669450467 60.18331054191065)
Puurekisteri_piste.24684,24684,P-33049-78,,LINNANKOSKENKADUN PUISTO,Puisto,METSÄVAAHTERA,Acer,platanoides,20 - 30 cm,,Helsinki/MAKA,2026-02-27,POINT (24.911148342708913 60.18329266773681)
Puurekisteri_piste.24685,24685,P-33049-79,,LINNANKOSKENKADUN PUISTO,Puisto,METSÄVAAHTERA,Acer,platanoides,20 - 30 cm,,Helsinki/MAKA,2026-02-27,POINT (24.911024318172228 60.18329036556438)
Puurekisteri_piste.24687,24687,P-33049-81,,LINNANKOSKENKADUN PUISTO,Puisto,METSÄVAAHTERA,Acer,platanoides,10 - 20 cm,,Helsinki/MAKA,2026-02-27,POINT (24.911071562594294 60.18322404038477)
Puurekisteri_piste.24688,24688,P-33049-82,,LINNANKOSKENKADUN PUISTO,Puisto,METSÄVAAHTERA,Acer,platanoides,30 - 50 cm,,Helsinki/MAKA,2026-02-27,POINT (24.91107913183054 60.18317841062711)
Puurekisteri_piste.24690,24690,P-33049-84,,LINNANKOSKENKADUN PUISTO,Puisto,RAUDUSKOIVU,Betula,pendula,30 - 50 cm,,Helsinki/MAKA,2026-02-27,POINT (24.91100997316014 60.18320705169069)
Puurekisteri_piste.24691,24691,P-33049-85,,LINNANKOSKENKADUN PUISTO,Puisto,METSÄVAAHTERA,Acer,platanoides,20 - 30 cm,,Helsinki/MAKA,2026-02-27,POINT (24.910992835151237 60.183225064744875)
Puurekisteri_piste.24693,24693,P-34042-26,,VAUHTIPUISTO,Puisto,TUOMI,Prunus,padus,20 - 30 cm,,Helsinki/MAKA,2026-02-27,POINT (24.933972671088817 60.18730444086808)
Puurekisteri_piste.24694,24694,P-34042-27,,VAUHTIPUISTO,Puisto,METSÄVAAHTERA,Acer,platanoides,10 - 20 cm,,Helsinki/MAKA,2026-02-27,POINT (24.93404128155693 60.187338594615376)
Puurekisteri_piste.24695,24695,P-34042-28,,VAUHTIPUISTO,Puisto,METSÄVAAHTERA,Acer,platanoides,0 - 10 cm,,Helsinki/MAKA,2026-02-27,POINT (24.934109960373736 60.18734551663875)
Puurekisteri_piste.24696,24696,P-34042-29,,VAUHTIPUISTO,Puisto,LEHTOSAARNI,Fraxinus,excelsior,30 - 50 cm,,Helsinki/MAKA,2026-02-27,POINT (24.934217263445596 60.18735876772725)
Puurekisteri_piste.9647,9647,K-6657,MALMINKATU,,Katu,VUORIJALAVA,Ulmus,glabra,20 - 30 cm,,Helsinki/MAKA,2026-02-27,POINT (24.926721099708615 60.1680325093108)
Puurekisteri_piste.9648,9648,K-6658,MANNERHEIMINTIE,,Katu,PUISTOLEHMUS,Tilia,x vulgaris,50 - 70 cm,,Helsinki/MAKA,2026-02-27,POINT (24.933463166033818 60.17321186736695)
Puurekisteri_piste.9649,9649,K-6659,MANNERHEIMINTIE,,Katu,PUISTOLEHMUS,Tilia,x vulgaris,50 - 70 cm,,Helsinki/MAKA,2026-02-27,POINT (24.93351609544901 60.173122198718794)
Puurekisteri_piste.9652,9652,P-53003-1580,,TULLISAAREN KARTANO,Puisto,METSÄMÄNTY,Pinus,sylvestris,30 - 50 cm,,Helsinki/MAKA,2026-02-27,POINT (25.035491568471866 60.1810822281926)
Puurekisteri_piste.9654,9654,P-54037-726,,HERTTONIEMENKARTANO,Puisto,VAAHTERA,Acer,sp.,30 - 50 cm,,Helsinki/MAKA,2026-02-27,POINT (25.04481546553046 60.18771724117735)
Puurekisteri_piste.9655,9655,P-53003-1098,,TULLISAAREN KARTANO,Puisto,METSÄMÄNTY,Pinus,sylvestris,30 - 50 cm,,Helsinki/MAKA,2026-02-27,POINT (25.033206984216264 60.18130994553495)
Puurekisteri_piste.9656,9656,P-53003-1099,,TULLISAAREN KARTANO,Puisto,METSÄVAAHTERA,Acer,platanoides,30 - 50 cm,,Helsinki/MAKA,2026-02-27,POINT (25.033050912340173 60.18128619374487)
Puurekisteri_piste.9660,9660,P-43001-220,,LAIVASTOPUISTO,Puisto,TUOMI/KIRSIKKA,Prunus,sp.,10 - 20 cm,,Helsinki/MAKA,2026-02-27,POINT (24.977937664387287 60.16868437510916)
Puurekisteri_piste.9661,9661,P-43001-221,,LAIVASTOPUISTO,Puisto,TUOMI/KIRSIKKA,Prunus,sp.,0 - 10 cm,,Helsinki/MAKA,2026-02-27,POINT (24.977948410218143 60.16865512074013)
Puurekisteri_piste.51038,51038,P-44017-302,,KATRI VALAN PUISTO,Puisto,MARJAOMENAPUU,Malus,baccata,0 - 10 cm,,Helsinki/MAKA,2026-02-27,POINT (24.963480914819954 60.18697246566012)
Puurekisteri_piste.9669,9669,P-33016-138,,KAISANIEMENPUISTO,Puisto,PUISTOLEHMUS,Tilia,x vulgaris,50 - 70 cm,,Helsinki/MAKA,2026-02-27,POINT (24.942774470486622 60.17438175109488)
Puurekisteri_piste.9673,9673,K-9158,MÄKELÄNKATU,,Katu,METSÄVAAHTERA,Acer,platanoides,0 - 10 cm,,Helsinki/MAKA,2026-02-27,POINT (24.945035765979913 60.209102270389316)
Puurekisteri_piste.9676,9676,K-9816,OULUNKYLÄNTIE,,Katu,METSÄVAAHTERA,Acer,platanoides,20 - 30 cm,,Helsinki/MAKA,2026-02-27,POINT (24.96772651192394 60.22685472481864)
Puurekisteri_piste.9679,9679,K-666,RATAMESTARINKATU,,Katu,PUISTOLEHMUS,Tilia,x vulgaris,10 - 20 cm,,Helsinki/MAKA,2026-02-27,POINT (24.93932367575105 60.200423670041374)
Puurekisteri_piste.9680,9680,K-7085,SELKÄMERENKATU,,Katu,PUISTOLEHMUS,Tilia,x vulgaris,10 - 20 cm,,Helsinki/MAKA,2026-02-27,POINT (24.915480676330173 60.16221671534463)
Puurekisteri_piste.9681,9681,K-7086,SELKÄMERENKATU,,Katu,PUISTOLEHMUS,Tilia,x vulgaris,10 - 20 cm,,Helsinki/MAKA,2026-02-27,POINT (24.91546427340726 60.16231050700051)
Puurekisteri_piste.9684,9684,P-32031-182,,SINEBRYCHOFFIN PUISTO,Puisto,SERBIANKUUSI,Picea,omorika,10 - 20 cm,,Helsinki/MAKA,2026-02-27,POINT (24.93415563191615 60.16163703168861)
Puurekisteri_piste.9686,9686,P-32031-184,,SINEBRYCHOFFIN PUISTO,Puisto,SERBIANKUUSI,Picea,omorika,10 - 20 cm,,Helsinki/MAKA,2026-02-27,POINT (24.93421182625836 60.16165762433171)
Puurekisteri_piste.9687,9687,P-32031-185,,SINEBRYCHOFFIN PUISTO,Puisto,METSÄVAAHTERA,Acer,platanoides,30 - 50 cm,,Helsinki/MAKA,2026-02-27,POINT (24.93447293759637 60.16169384952117)
Puurekisteri_piste.9689,9689,K-9167,MÄKELÄNKATU,,Katu,METSÄVAAHTERA,Acer,platanoides,30 - 50 cm,,Helsinki/MAKA,2026-02-27,POINT (24.945284709842166 60.20896967745891)
Puurekisteri_piste.9690,9690,K-9168,MÄKELÄNKATU,,Katu,METSÄVAAHTERA,Acer,platanoides,30 - 50 cm,,Helsinki/MAKA,2026-02-27,POINT (24.94523733786569 60.20904911745448)
Puurekisteri_piste.9692,9692,P-53003-1134,,TULLISAAREN KARTANO,Puisto,DOUGLASKUUSI,Pseudotsuga,menziesii,50 - 70 cm,,Helsinki/MAKA,2026-02-27,POINT (25.03273021211471 60.18090683502121)
Puurekisteri_piste.9693,9693,P-53003-1135,,TULLISAAREN KARTANO,Puisto,METSÄMÄNTY,Pinus,sylvestris,30 - 50 cm,,Helsinki/MAKA,2026-02-27,POINT (25.032675426270238 60.18091330678294)
Puurekisteri_piste.9697,9697,P-53003-1139,,TULLISAAREN KARTANO,Puisto,METSÄVAAHTERA,Acer,platanoides,30 - 50 cm,,Helsinki/MAKA,2026-02-27,POINT (25.03253195370371 60.180885749868956)
Puurekisteri_piste.24747,24747,P-33045-348,,SIBELIUKSEN PUISTO (A),Puisto,RAUDUSKOIVU,Betula,pendula,50 - 70 cm,,Helsinki/MAKA,2026-02-27,POINT (24.914703585335175 60.183217832118615)
Puurekisteri_piste.24748,24748,P-33045-349,,SIBELIUKSEN PUISTO (A),Puisto,RAUDUSKOIVU,Betula,pendula,20 - 30 cm,,Helsinki/MAKA,2026-02-27,POINT (24.9147180397042 60.18324503848072)
Puurekisteri_piste.24749,24749,P-34065-166,,VALPURINPUISTO,Puisto,METSÄMÄNTY,Pinus,sylvestris,20 - 30 cm,,Helsinki/MAKA,2026-02-27,POINT (24.89892195502396 60.19417415676978)
Puurekisteri_piste.24750,24750,P-34065-167,,VALPURINPUISTO,Puisto,METSÄMÄNTY,Pinus,sylvestris,30 - 50 cm,,Helsinki/MAKA,2026-02-27,POINT (24.899020302770538 60.194205170591374)
Puurekisteri_piste.24752,24752,P-34065-169,,VALPURINPUISTO,Puisto,METSÄMÄNTY,Pinus,sylvestris,30 - 50 cm,,Helsinki/MAKA,2026-02-27,POINT (24.899177256036953 60.19410972291093)
Puurekisteri_piste.24753,24753,P-99093-2,,Luokka3 (koulutus),Puisto,PYLVÄSTAMMI,Quercus,robur,70 cm -,,Helsinki/MAKA,2026-02-27,POINT (25.047187769265655 60.17284690717177)
Puurekisteri_piste.24755,24755,P-34065-291,,VALPURINPUISTO,Puisto,METSÄMÄNTY,Pinus,sylvestris,30 - 50 cm,,Helsinki/MAKA,2026-02-27,POINT (24.901274449883157 60.193178938470616)
Puurekisteri_piste.24756,24756,P-99093-4,,Luokka3 (koulutus),Puisto,DOUGLASKUUSI,Pseudotsuga,menziesii,50 - 70 cm,,Helsinki/MAKA,2026-02-27,POINT (25.046240735930926 60.16754036115908)
Puurekisteri_piste.24757,24757,P-34065-292,,VALPURINPUISTO,Puisto,METSÄMÄNTY,Pinus,sylvestris,20 - 30 cm,,Helsinki/MAKA,2026-02-27,POINT (24.901191027342847 60.19332729471869)
Puurekisteri_piste.24758,24758,P-34065-293,,VALPURINPUISTO,Puisto,METSÄMÄNTY,Pinus,sylvestris,30 - 50 cm,,Helsinki/MAKA,2026-02-27,POINT (24.90120747822941 60.19326568650827)
Puurekisteri_piste.24759,24759,P-34065-294,,VALPURINPUISTO,Puisto,METSÄMÄNTY,Pinus,sylvestris,50 - 70 cm,,Helsinki/MAKA,2026-02-27,POINT (24.90127465400567 60.19325705335925)
Puurekisteri_piste.24761,24761,P-33049-117,,LINNANKOSKENKADUN PUISTO,Puisto,TERVALEPPÄ,Alnus,glutinosa,20 - 30 cm,,Helsinki/MAKA,2026-02-27,POINT (24.910213017384365 60.183513108522185)
Puurekisteri_piste.24762,24762,P-34042-147,,VAUHTIPUISTO,Puisto,METSÄVAAHTERA,Acer,platanoides,50 - 70 cm,,Helsinki/MAKA,2026-02-27,POINT (24.93429685341079 60.18578440436223)
Puurekisteri_piste.24763,24763,P-34042-148,,VAUHTIPUISTO,Puisto,METSÄVAAHTERA,Acer,platanoides,30 - 50 cm,,Helsinki/MAKA,2026-02-27,POINT (24.934152750125897 60.185905100265956)
Puurekisteri_piste.24764,24764,P-34042-149,,VAUHTIPUISTO,Puisto,PUISTOLEHMUS,Tilia,x vulgaris,50 - 70 cm,,Helsinki/MAKA,2026-02-27,POINT (24.93414173586018 60.18597614713398)
Puurekisteri_piste.24765,24765,P-34042-150,,VAUHTIPUISTO,Puisto,PUISTOLEHMUS,Tilia,x vulgaris,50 - 70 cm,,Helsinki/MAKA,2026-02-27,POINT (24.93421942243649 60.18599791216191)
Puurekisteri_piste.24766,24766,P-34042-166,,VAUHTIPUISTO,Puisto,PUISTOLEHMUS,Tilia,x vulgaris,20 - 30 cm,,Helsinki/MAKA,2026-02-27,POINT (24.934817645530376 60.186364799612285)
Puurekisteri_piste.24767,24767,P-34042-167,,VAUHTIPUISTO,Puisto,PUISTOLEHMUS,Tilia,x vulgaris,50 - 70 cm,,Helsinki/MAKA,2026-02-27,POINT (24.93477009838011 60.18645260888085)
Puurekisteri_piste.24768,24768,P-34042-168,,VAUHTIPUISTO,Puisto,PUISTOLEHMUS,Tilia,x vulgaris,70 cm -,,Helsinki/MAKA,2026-02-27,POINT (24.934830861845256 60.186476897861176)
Puurekisteri_piste.24769,24769,P-34042-169,,VAUHTIPUISTO,Puisto,PUISTOLEHMUS,Tilia,x vulgaris,70 cm -,,Helsinki/MAKA,2026-02-27,POINT (24.93482429494321 60.186513854187204)
Puurekisteri_piste.24771,24771,P-33049-119,,LINNANKOSKENKADUN PUISTO,Puisto,METSÄVAAHTERA,Acer,platanoides,20 - 30 cm,,Helsinki/MAKA,2026-02-27,POINT (24.910286987077622 60.18358634623833)
Puurekisteri_piste.24773,24773,P-33049-121,,LINNANKOSKENKADUN PUISTO,Puisto,TERVALEPPÄ,Alnus,glutinosa,20 - 30 cm,,Helsinki/MAKA,2026-02-27,POINT (24.910172394039133 60.1836024010566)
Puurekisteri_piste.24775,24775,P-33049-235,,LINNANKOSKENKADUN PUISTO,Puisto,METSÄVAAHTERA,Acer,platanoides,20 - 30 cm,,Helsinki/MAKA,2026-02-27,POINT (24.91059402553309 60.18424427903278)
Puurekisteri_piste.24776,24776,P-54109-13,,SISSELENPUISTO,Puisto,RUOTSINPIHLAJA,Sorbus,intermedia,0 - 10 cm,,Helsinki/MAKA,2026-02-27,POINT (25.037892587315742 60.191148744587935)
Puurekisteri_piste.24777,24777,P-54109-14,,SISSELENPUISTO,Puisto,RUOTSINPIHLAJA,Sorbus,intermedia,0 - 10 cm,,Helsinki/MAKA,2026-02-27,POINT (25.037943509343428 60.19112076076399)
Puurekisteri_piste.24778,24778,P-54109-15,,SISSELENPUISTO,Puisto,RUOTSINPIHLAJA,Sorbus,intermedia,0 - 10 cm,,Helsinki/MAKA,2026-02-27,POINT (25.037943010652867 60.19108434623919)
Puurekisteri_piste.24779,24779,P-54109-16,,SISSELENPUISTO,Puisto,RUOTSINPIHLAJA,Sorbus,intermedia,0 - 10 cm,,Helsinki/MAKA,2026-02-27,POINT (25.037886867969473 60.191241169352466)
Puurekisteri_piste.24780,24780,P-54109-17,,SISSELENPUISTO,Puisto,RUOTSINPIHLAJA,Sorbus,intermedia,0 - 10 cm,,Helsinki/MAKA,2026-02-27,POINT (25.037874110801898 60.19128079978291)
Puurekisteri_piste.24781,24781,P-54109-18,,SISSELENPUISTO,Puisto,RUOTSINPIHLAJA,Sorbus,intermedia,0 - 10 cm,,Helsinki/MAKA,2026-02-27,POINT (25.037867410854545 60.191319618397785)
Puurekisteri_piste.24783,24783,P-54109-20,,SISSELENPUISTO,Puisto,RUOTSINPIHLAJA,Sorbus,intermedia,0 - 10 cm,,Helsinki/MAKA,2026-02-27,POINT (25.037839334652034 60.19141491836817)
Puurekisteri_piste.24784,24784,P-54109-21,,SISSELENPUISTO,Puisto,MAKEDONIANMÄNTY,Pinus,peuce,0 - 10 cm,,Helsinki/MAKA,2026-02-27,POINT (25.037812577402516 60.19147759823679)
Puurekisteri_piste.24785,24785,P-54109-22,,SISSELENPUISTO,Puisto,MAKEDONIANMÄNTY,Pinus,peuce,0 - 10 cm,,Helsinki/MAKA,2026-02-27,POINT (25.037753269368576 60.19154355357566)
Puurekisteri_piste.24786,24786,P-54109-23,,SISSELENPUISTO,Puisto,VUORIJALAVA,Ulmus,glabra,0 - 10 cm,,Helsinki/MAKA,2026-02-27,POINT (25.037615209242908 60.1916019869137)
Puurekisteri_piste.24787,24787,P-54109-24,,SISSELENPUISTO,Puisto,VIRGINIANTUOMI,Prunus,virginiana,0 - 10 cm,,Helsinki/MAKA,2026-02-27,POINT (25.037510585723496 60.19162383215239)
Puurekisteri_piste.24789,24789,P-54109-26,,SISSELENPUISTO,Puisto,MAKEDONIANMÄNTY,Pinus,peuce,0 - 10 cm,,Helsinki/MAKA,2026-02-27,POINT (25.037532497144596 60.191673993197696)
Puurekisteri_piste.24790,24790,P-54109-27,,SISSELENPUISTO,Puisto,MAKEDONIANMÄNTY,Pinus,peuce,0 - 10 cm,,Helsinki/MAKA,2026-02-27,POINT (25.03765627034105 60.19164365534028)
Puurekisteri_piste.24791,24791,K-39392,KALLVIKINTIE,,Katu,PUISTOLEHMUS,Tilia,x vulgaris,0 - 10 cm,,Helsinki/MAKA,2026-02-27,POINT (25.135125745926775 60.207009769443175)
Puurekisteri_piste.24792,24792,K-39393,KALLVIKINTIE,,Katu,PUISTOLEHMUS,Tilia,x vulgaris,0 - 10 cm,,Helsinki/MAKA,2026-02-27,POINT (25.135135936859466 60.207051488202744)
Puurekisteri_piste.24796,24796,P-34020-392,,ALPPIPUISTO,Puisto,RAUDUSKOIVU,Betula,pendula,30 - 50 cm,,Helsinki/MAKA,2026-02-27,POINT (24.9369306244806 60.189777640591885)
Puurekisteri_piste.24849,24849,P-33046-320,,SIBELIUKSEN PUISTO (B),Puisto,KOTIPIHLAJA,Sorbus,aucuparia,30 - 50 cm,,Helsinki/MAKA,2026-02-27,POINT (24.91673632468319 60.18117143749819)
Puurekisteri_piste.24851,24851,P-33046-322,,SIBELIUKSEN PUISTO (B),Puisto,KOTIPIHLAJA,Sorbus,aucuparia,10 - 20 cm,,Helsinki/MAKA,2026-02-27,POINT (24.916628161044613 60.18106107435303)
Puurekisteri_piste.24852,24852,P-33046-323,,SIBELIUKSEN PUISTO (B),Puisto,METSÄMÄNTY,Pinus,sylvestris,50 - 70 cm,,Helsinki/MAKA,2026-02-27,POINT (24.9166760591768 60.18105555778368)
Puurekisteri_piste.24853,24853,P-33046-324,,SIBELIUKSEN PUISTO (B),Puisto,METSÄMÄNTY,Pinus,sylvestris,50 - 70 cm,,Helsinki/MAKA,2026-02-27,POINT (24.916674103272776 60.18106302323994)
Puurekisteri_piste.24854,24854,P-33046-325,,SIBELIUKSEN PUISTO (B),Puisto,HIESKOIVU,Betula,pubescens,30 - 50 cm,,Helsinki/MAKA,2026-02-27,POINT (24.916630131479998 60.1809331866919)
Puurekisteri_piste.24855,24855,P-33046-326,,SIBELIUKSEN PUISTO (B),Puisto,HIESKOIVU,Betula,pubescens,30 - 50 cm,,Helsinki/MAKA,2026-02-27,POINT (24.916651962528817 60.18093059064129)
Puurekisteri_piste.24856,24856,P-33046-327,,SIBELIUKSEN PUISTO (B),Puisto,KOTIPIHLAJA,Sorbus,aucuparia,10 - 20 cm,,Helsinki/MAKA,2026-02-27,POINT (24.91674938327364 60.18095591137748)
Puurekisteri_piste.24857,24857,P-33046-328,,SIBELIUKSEN PUISTO (B),Puisto,KOTIPIHLAJA,Sorbus,aucuparia,10 - 20 cm,,Helsinki/MAKA,2026-02-27,POINT (24.916715505016345 60.18088579935766)
Puurekisteri_piste.24859,24859,P-33046-330,,SIBELIUKSEN PUISTO (B),Puisto,METSÄVAAHTERA,Acer,platanoides,30 - 50 cm,,Helsinki/MAKA,2026-02-27,POINT (24.91694880659252 60.18082932765188)
Puurekisteri_piste.24860,24860,P-33046-331,,SIBELIUKSEN PUISTO (B),Puisto,KOTIPIHLAJA,Sorbus,aucuparia,10 - 20 cm,,Helsinki/MAKA,2026-02-27,POINT (24.916935764310427 60.18091047431619)
Puurekisteri_piste.24861,24861,P-33046-332,,SIBELIUKSEN PUISTO (B),Puisto,METSÄMÄNTY,Pinus,sylvestris,20 - 30 cm,,Helsinki/MAKA,2026-02-27,POINT (24.917144292879616 60.180945535438156)
Puurekisteri_piste.24862,24862,P-33046-333,,SIBELIUKSEN PUISTO (B),Puisto,METSÄMÄNTY,Pinus,sylvestris,20 - 30 cm,,Helsinki/MAKA,2026-02-27,POINT (24.91716156130065 60.18095202764542)
Puurekisteri_piste.24863,24863,P-34065-24,,VALPURINPUISTO,Puisto,PIHTA,Abies,sp.,20 - 30 cm,,Helsinki/MAKA,2026-02-27,POINT (24.902073849631265 60.192285973132456)
Puurekisteri_piste.24864,24864,P-34065-25,,VALPURINPUISTO,Puisto,PIHTA,Abies,sp.,30 - 50 cm,,Helsinki/MAKA,2026-02-27,POINT (24.902011834540573 60.19227438379281)
Puurekisteri_piste.24866,24866,P-33045-286,,SIBELIUKSEN PUISTO (A),Puisto,METSÄMÄNTY,Pinus,sylvestris,20 - 30 cm,,Helsinki/MAKA,2026-02-27,POINT (24.91315037674164 60.182563330227886)
Puurekisteri_piste.24867,24867,P-33045-287,,SIBELIUKSEN PUISTO (A),Puisto,METSÄMÄNTY,Pinus,sylvestris,10 - 20 cm,,Helsinki/MAKA,2026-02-27,POINT (24.91314282502474 60.18259464420555)
Puurekisteri_piste.24868,24868,P-33045-288,,SIBELIUKSEN PUISTO (A),Puisto,METSÄMÄNTY,Pinus,sylvestris,20 - 30 cm,,Helsinki/MAKA,2026-02-27,POINT (24.913089378546204 60.18261781384611)
Puurekisteri_piste.8960,8960,P-32030-29,,TELAKANPUISTIKKO,Puisto,TUOMI/KIRSIKKA,Prunus,sp.,10 - 20 cm,,Helsinki/MAKA,2026-02-27,POINT (24.932479391634097 60.15972324330653)
Puurekisteri_piste.8961,8961,P-33016-186,,KAISANIEMENPUISTO,Puisto,METSÄVAAHTERA,Acer,platanoides,50 - 70 cm,,Helsinki/MAKA,2026-02-27,POINT (24.941925320453954 60.17653376344937)
Puurekisteri_piste.8965,8965,P-53003-924,,TULLISAAREN KARTANO,Puisto,ISOLEHTILEHMUS,Tilia,platyphyllos,50 - 70 cm,,Helsinki/MAKA,2026-02-27,POINT (25.030253365499895 60.18071899856693)
Puurekisteri_piste.8966,8966,K-9285,TURSONTIE,,Katu,KOTIPIHLAJA,Sorbus,aucuparia,30 - 50 cm,,Helsinki/MAKA,2026-02-27,POINT (24.941604059499277 60.213597423091045)
Puurekisteri_piste.8967,8967,K-9500,KULLERVONKATU,,Katu,PUISTOLEHMUS,Tilia,x vulgaris,10 - 20 cm,,Helsinki/MAKA,2026-02-27,POINT (24.958367978323476 60.21550266356088)
Puurekisteri_piste.8969,8969,K-9502,KÄPYLÄNTIE,,Katu,PUISTOLEHMUS,Tilia,x vulgaris,20 - 30 cm,,Helsinki/MAKA,2026-02-27,POINT (24.95848004212258 60.21585518020119)
Puurekisteri_piste.8971,8971,P-42003-8,,MYLLYRINNE,Puisto,PUISTOLEHMUS,Tilia,x vulgaris,50 - 70 cm,,Helsinki/MAKA,2026-02-27,POINT (24.95591574735747 60.15997165586822)
Puurekisteri_piste.8972,8972,P-42003-9,,MYLLYRINNE,Puisto,PUISTOLEHMUS,Tilia,x vulgaris,50 - 70 cm,,Helsinki/MAKA,2026-02-27,POINT (24.95588892662621 60.15992827709552)
Puurekisteri_piste.8973,8973,K-5654,YRJÖ-KOSKISEN KATU,,Katu,METSÄVAAHTERA,Acer,platanoides,30 - 50 cm,,Helsinki/MAKA,2026-02-27,POINT (24.95300991113416 60.17311904461448)
Puurekisteri_piste.8974,8974,K-5962,LAIVASILLANKATU,,Katu,PUISTOLEHMUS,Tilia,x vulgaris,20 - 30 cm,,Helsinki/MAKA,2026-02-27,POINT (24.95544004615704 60.16009090799279)
Puurekisteri_piste.8975,8975,K-5964,LAIVASILLANKATU,,Katu,PUISTOLEHMUS,Tilia,x vulgaris,20 - 30 cm,,Helsinki/MAKA,2026-02-27,POINT (24.95538843006794 60.15998384570138)
Puurekisteri_piste.8976,8976,K-5965,LAIVASILLANKATU,,Katu,PUISTOLEHMUS,Tilia,x vulgaris,30 - 50 cm,,Helsinki/MAKA,2026-02-27,POINT (24.955395391776076 60.15992577338787)
Puurekisteri_piste.8977,8977,K-5967,LAIVASILLANKATU,,Katu,PUISTOLEHMUS,Tilia,x vulgaris,10 - 20 cm,,Helsinki/MAKA,2026-02-27,POINT (24.955269932347004 60.15980778050384)
Puurekisteri_piste.8978,8978,P-42005-899,,KAIVOPUISTO,Puisto,METSÄTAMMI,Quercus,robur,30 - 50 cm,,Helsinki/MAKA,2026-02-27,POINT (24.95489093326188 60.15697864343557)
Puurekisteri_piste.8979,8979,P-42005-900,,KAIVOPUISTO,Puisto,PUISTOLEHMUS,Tilia,x vulgaris,70 cm -,,Helsinki/MAKA,2026-02-27,POINT (24.954828392249023 60.15713127374901)
Puurekisteri_piste.8980,8980,P-42005-901,,KAIVOPUISTO,Puisto,PUISTOLEHMUS,Tilia,x vulgaris,50 - 70 cm,,Helsinki/MAKA,2026-02-27,POINT (24.954569677846212 60.15706283690582)
Puurekisteri_piste.8981,8981,K-9286,TURSONTIE,,Katu,RAUDUSKOIVU,Betula,pendula,30 - 50 cm,,Helsinki/MAKA,2026-02-27,POINT (24.94151924529887 60.21353649439544)
Puurekisteri_piste.8983,8983,K-9289,TURSONTIE,,Katu,RAUDUSKOIVU,Betula,pendula,20 - 30 cm,,Helsinki/MAKA,2026-02-27,POINT (24.9416501170657 60.213413063748355)
Puurekisteri_piste.8984,8984,K-888,ASEMAPÄÄLLIKÖNKATU,,Katu,PUISTOLEHMUS,Tilia,x vulgaris,20 - 30 cm,,Helsinki/MAKA,2026-02-27,POINT (24.94306152310812 60.19914420119251)
Puurekisteri_piste.9698,9698,K-3956,RUNEBERGINKATU,,Katu,PUISTOLEHMUS,Tilia,x vulgaris,20 - 30 cm,,Helsinki/MAKA,2026-02-27,POINT (24.924727804007986 60.18054660959454)
Puurekisteri_piste.9701,9701,K-396,VÄINÖ AUERIN KATU,,Katu,RUOTSINPIHLAJA,Sorbus,intermedia,10 - 20 cm,,Helsinki/MAKA,2026-02-27,POINT (24.963686308402703 60.20634069793972)
Puurekisteri_piste.9702,9702,P-42003-81,,MYLLYRINNE,Puisto,METSÄVAAHTERA,Acer,platanoides,20 - 30 cm,,Helsinki/MAKA,2026-02-27,POINT (24.959312563675894 60.159689785591056)
Puurekisteri_piste.9703,9703,P-42003-82,,MYLLYRINNE,Puisto,METSÄVAAHTERA,Acer,platanoides,20 - 30 cm,,Helsinki/MAKA,2026-02-27,POINT (24.959315412351867 60.159677407762445)
Puurekisteri_piste.9704,9704,P-33003-144,,VANHA KIRKKOPUISTO,Puisto,METSÄVAAHTERA,Acer,platanoides,0 - 10 cm,,Helsinki/MAKA,2026-02-27,POINT (24.941159650971574 60.16614502393366)
Puurekisteri_piste.9705,9705,P-33003-145,,VANHA KIRKKOPUISTO,Puisto,METSÄVAAHTERA,Acer,platanoides,0 - 10 cm,,Helsinki/MAKA,2026-02-27,POINT (24.940745310641528 60.16642403528224)
Puurekisteri_piste.9706,9706,P-32031-4,,SINEBRYCHOFFIN PUISTO,Puisto,PUISTOLEHMUS,Tilia,x vulgaris,10 - 20 cm,,Helsinki/MAKA,2026-02-27,POINT (24.932439619980194 60.16225453094986)
Puurekisteri_piste.9708,9708,P-43067-308,,TERVASAARI,Puisto,KOIVU,Betula,sp.,20 - 30 cm,,Helsinki/MAKA,2026-02-27,POINT (24.967539306036713 60.17324951562751)
Puurekisteri_piste.9709,9709,P-43067-309,,TERVASAARI,Puisto,KOIVU,Betula,sp.,30 - 50 cm,,Helsinki/MAKA,2026-02-27,POINT (24.967539319783196 60.17325915691705)
Puurekisteri_piste.24706,24706,P-34042-39,,VAUHTIPUISTO,Puisto,VUORIJALAVA,Ulmus,glabra,20 - 30 cm,,Helsinki/MAKA,2026-02-27,POINT (24.933975575810027 60.187063615123165)
Puurekisteri_piste.24709,24709,P-33049-87,,LINNANKOSKENKADUN PUISTO,Puisto,TERVALEPPÄ,Alnus,glutinosa,30 - 50 cm,,Helsinki/MAKA,2026-02-27,POINT (24.910806766366004 60.1831842819268)
Puurekisteri_piste.24713,24713,P-34020-298,,ALPPIPUISTO,Puisto,TERVALEPPÄ,Alnus,glutinosa,30 - 50 cm,,Helsinki/MAKA,2026-02-27,POINT (24.93499996006418 60.19243018445901)
Puurekisteri_piste.24714,24714,P-34020-299,,ALPPIPUISTO,Puisto,TERVALEPPÄ,Alnus,glutinosa,50 - 70 cm,,Helsinki/MAKA,2026-02-27,POINT (24.934837388929516 60.19242611382381)
Puurekisteri_piste.24715,24715,P-34020-300,,ALPPIPUISTO,Puisto,RAUDUSKOIVU,Betula,pendula,30 - 50 cm,,Helsinki/MAKA,2026-02-27,POINT (24.935054124519436 60.19237253523153)
Puurekisteri_piste.24716,24716,P-34020-301,,ALPPIPUISTO,Puisto,TERVALEPPÄ,Alnus,glutinosa,50 - 70 cm,,Helsinki/MAKA,2026-02-27,POINT (24.935010575258442 60.19229649982413)
Puurekisteri_piste.24717,24717,P-34020-302,,ALPPIPUISTO,Puisto,TERVALEPPÄ,Alnus,glutinosa,30 - 50 cm,,Helsinki/MAKA,2026-02-27,POINT (24.9349949641366 60.19227115480354)
Puurekisteri_piste.24718,24718,P-34020-303,,ALPPIPUISTO,Puisto,METSÄMÄNTY,Pinus,sylvestris,30 - 50 cm,,Helsinki/MAKA,2026-02-27,POINT (24.935169555873404 60.1922304870394)
Puurekisteri_piste.24719,24719,P-34020-304,,ALPPIPUISTO,Puisto,LEHTIKUUSI,Larix,sp.,10 - 20 cm,,Helsinki/MAKA,2026-02-27,POINT (24.935039526466298 60.192222056603306)
Puurekisteri_piste.24720,24720,P-33002-3,,KOLMIKULMA,Puisto,PUISTOLEHMUS,Tilia,x vulgaris,30 - 50 cm,,Helsinki/MAKA,2026-02-27,POINT (24.943805340505083 60.16499474284208)
Puurekisteri_piste.24721,24721,P-33002-4,,KOLMIKULMA,Puisto,PUISTOLEHMUS,Tilia,x vulgaris,70 cm -,,Helsinki/MAKA,2026-02-27,POINT (24.943777078632113 60.16507636551123)
Puurekisteri_piste.24722,24722,P-33002-5,,KOLMIKULMA,Puisto,PUISTOLEHMUS,Tilia,x vulgaris,50 - 70 cm,,Helsinki/MAKA,2026-02-27,POINT (24.943790098546753 60.16516464471756)
Puurekisteri_piste.24726,24726,P-33002-9,,KOLMIKULMA,Puisto,METSÄVAAHTERA,Acer,platanoides,50 - 70 cm,,Helsinki/MAKA,2026-02-27,POINT (24.943606772506445 60.16519122185718)
Puurekisteri_piste.24728,24728,K-39488,MARIELUNDIN PUISTOTIE,,Katu,PUISTOLEHMUS,Tilia,x vulgaris,10 - 20 cm,2005,Helsinki/MAKA,2026-02-27,POINT (25.15009510887898 60.218584420998326)
Puurekisteri_piste.24730,24730,K-39160,HARUSTIE,,Katu,HEVOSKASTANJA,Aesculus,hippocastanum,10 - 20 cm,,Helsinki/MAKA,2026-02-27,POINT (25.12357062495209 60.203394292789746)
Puurekisteri_piste.24731,24731,P-42001-154,,TÄHTITORNIN VUORI,Puisto,OKAKUUSI,Picea,pungens,20 - 30 cm,,Helsinki/MAKA,2026-02-27,POINT (24.950436515266848 60.16250482517284)
Puurekisteri_piste.24733,24733,P-42001-156,,TÄHTITORNIN VUORI,Puisto,SEMBRAMÄNTY,Pinus,cembra,50 - 70 cm,,Helsinki/MAKA,2026-02-27,POINT (24.95059290115003 60.16252866362232)
Puurekisteri_piste.24734,24734,P-34020-191,,ALPPIPUISTO,Puisto,METSÄHAAPA,Populus,tremula,20 - 30 cm,,Helsinki/MAKA,2026-02-27,POINT (24.93523619323769 60.19024163663567)
Puurekisteri_piste.24736,24736,P-34020-278,,ALPPIPUISTO,Puisto,KUJASALAVA,Salix,x rubens,50 - 70 cm,,Helsinki/MAKA,2026-02-27,POINT (24.934664018071963 60.192127286361455)
Puurekisteri_piste.24737,24737,P-34020-279,,ALPPIPUISTO,Puisto,HIESKOIVU,Betula,pubescens,30 - 50 cm,,Helsinki/MAKA,2026-02-27,POINT (24.93459422727814 60.192123614377515)
Puurekisteri_piste.24738,24738,P-34020-280,,ALPPIPUISTO,Puisto,KUJASALAVA,Salix,x rubens,50 - 70 cm,,Helsinki/MAKA,2026-02-27,POINT (24.934650075586756 60.19216326381723)
Puurekisteri_piste.24739,24739,P-34065-242,,VALPURINPUISTO,Puisto,METSÄMÄNTY,Pinus,sylvestris,30 - 50 cm,,Helsinki/MAKA,2026-02-27,POINT (24.900199684203102 60.19336507776597)
Puurekisteri_piste.24740,24740,K-26932,HITSAAJANKATU,,Katu,VUORIJALAVA,Ulmus,glabra,10 - 20 cm,1998,Helsinki/MAKA,2026-02-27,POINT (25.03333912872978 60.19263463073084)
Puurekisteri_piste.24742,24742,P-34020-133,,ALPPIPUISTO,Puisto,METSÄVAAHTERA,Acer,platanoides,10 - 20 cm,,Helsinki/MAKA,2026-02-27,POINT (24.935472953005622 60.18950510726726)
Puurekisteri_piste.24743,24743,K-26658,PETTER WETTERIN TIE,,Katu,VUORIJALAVA,Ulmus,glabra,10 - 20 cm,1998,Helsinki/MAKA,2026-02-27,POINT (25.031623974596968 60.19263634685094)
Puurekisteri_piste.24744,24744,K-26660,PETTER WETTERIN TIE,,Katu,VUORIJALAVA,Ulmus,glabra,10 - 20 cm,1998,Helsinki/MAKA,2026-02-27,POINT (25.03156370958474 60.192725791392924)
Puurekisteri_piste.24697,24697,P-34042-30,,VAUHTIPUISTO,Puisto,LEHTOSAARNI,Fraxinus,excelsior,20 - 30 cm,,Helsinki/MAKA,2026-02-27,POINT (24.934199142300255 60.18735204557269)
Puurekisteri_piste.24698,24698,P-34042-31,,VAUHTIPUISTO,Puisto,METSÄVAAHTERA,Acer,platanoides,30 - 50 cm,,Helsinki/MAKA,2026-02-27,POINT (24.93407116144763 60.187302572598455)
Puurekisteri_piste.24699,24699,P-34042-32,,VAUHTIPUISTO,Puisto,METSÄVAAHTERA,Acer,platanoides,0 - 10 cm,,Helsinki/MAKA,2026-02-27,POINT (24.933984451627325 60.1872616739585)
Puurekisteri_piste.24700,24700,P-34042-33,,VAUHTIPUISTO,Puisto,RAUDUSKOIVU,Betula,pendula,20 - 30 cm,,Helsinki/MAKA,2026-02-27,POINT (24.934043395862705 60.18724743438689)
Puurekisteri_piste.24703,24703,P-34042-36,,VAUHTIPUISTO,Puisto,MONGOLIANVAAHTERA,Acer,tataricum,20 - 30 cm,,Helsinki/MAKA,2026-02-27,POINT (24.93411712487766 60.18718533345907)
Puurekisteri_piste.24704,24704,P-34042-37,,VAUHTIPUISTO,Puisto,PUISTOLEHMUS,Tilia,x vulgaris,30 - 50 cm,,Helsinki/MAKA,2026-02-27,POINT (24.93408902015025 60.18711641339616)
Puurekisteri_piste.24705,24705,P-34042-38,,VAUHTIPUISTO,Puisto,METSÄVAAHTERA,Acer,platanoides,10 - 20 cm,,Helsinki/MAKA,2026-02-27,POINT (24.933975155738647 60.18707318015163)
Puurekisteri_piste.8996,8996,P-33016-221,,KAISANIEMENPUISTO,Puisto,RAUDUSKOIVU,Betula,pendula,50 - 70 cm,,Helsinki/MAKA,2026-02-27,POINT (24.943470193424762 60.176346514060306)
Puurekisteri_piste.8997,8997,P-33016-222,,KAISANIEMENPUISTO,Puisto,RAUDUSKOIVU,Betula,pendula,30 - 50 cm,,Helsinki/MAKA,2026-02-27,POINT (24.943528166102194 60.17629694681392)
Puurekisteri_piste.8998,8998,P-33016-331,,KAISANIEMENPUISTO,Puisto,METSÄVAAHTERA,Acer,platanoides,70 cm -,,Helsinki/MAKA,2026-02-27,POINT (24.949189204805414 60.17419442735858)
Puurekisteri_piste.8999,8999,P-33016-332,,KAISANIEMENPUISTO,Puisto,METSÄVAAHTERA,Acer,platanoides,70 cm -,,Helsinki/MAKA,2026-02-27,POINT (24.94940273184005 60.174201805517995)
Puurekisteri_piste.9001,9001,P-33016-334,,KAISANIEMENPUISTO,Puisto,PUISTOLEHMUS,Tilia,x vulgaris,50 - 70 cm,,Helsinki/MAKA,2026-02-27,POINT (24.949592723455435 60.17436072786875)
Puurekisteri_piste.9004,9004,P-53003-117,,TULLISAAREN KARTANO,Puisto,METSÄTAMMI,Quercus,robur,70 cm -,,Helsinki/MAKA,2026-02-27,POINT (25.03330411891421 60.177729468304435)
Puurekisteri_piste.9276,9276,K-8147,TAITEENTEKIJÄNTIE,,Katu,RAUDUSKOIVU,Betula,pendula,10 - 20 cm,,Helsinki/MAKA,2026-02-27,POINT (24.8590569690778 60.2078205171851)
Puurekisteri_piste.9279,9279,K-9032,MERIKATU,,Katu,METSÄVAAHTERA,Acer,platanoides,20 - 30 cm,,Helsinki/MAKA,2026-02-27,POINT (24.943277829890725 60.15517263545208)
Puurekisteri_piste.9280,9280,K-9033,MERIKATU,,Katu,METSÄVAAHTERA,Acer,platanoides,20 - 30 cm,,Helsinki/MAKA,2026-02-27,POINT (24.943426025378436 60.155189573396605)
Puurekisteri_piste.9842,9842,P-43067-248,,TERVASAARI,Puisto,LEPPÄ,Alnus,sp.,20 - 30 cm,,Helsinki/MAKA,2026-02-27,POINT (24.968824336309652 60.17365745147741)
Puurekisteri_piste.9843,9843,P-43067-249,,TERVASAARI,Puisto,RAUDUSKOIVU,Betula,pendula,20 - 30 cm,,Helsinki/MAKA,2026-02-27,POINT (24.96881698368026 60.17361529972779)
Puurekisteri_piste.9844,9844,P-43067-250,,TERVASAARI,Puisto,RAUDUSKOIVU,Betula,pendula,20 - 30 cm,,Helsinki/MAKA,2026-02-27,POINT (24.968855549966374 60.17356295594884)
Puurekisteri_piste.9845,9845,P-42005-897,,KAIVOPUISTO,Puisto,METSÄTAMMI,Quercus,robur,50 - 70 cm,,Helsinki/MAKA,2026-02-27,POINT (24.955205339917136 60.15705775565122)
Puurekisteri_piste.9846,9846,P-42005-898,,KAIVOPUISTO,Puisto,METSÄTAMMI,Quercus,robur,50 - 70 cm,,Helsinki/MAKA,2026-02-27,POINT (24.955029921907876 60.15700253026956)
Puurekisteri_piste.9847,9847,P-32001-15,,VUORIMIEHENPUISTIKKO,Puisto,VUORIJALAVA,Ulmus,glabra,70 cm -,,Helsinki/MAKA,2026-02-27,POINT (24.947731708482603 60.15943397571985)
Puurekisteri_piste.9848,9848,P-32001-16,,VUORIMIEHENPUISTIKKO,Puisto,VUORIJALAVA,Ulmus,glabra,70 cm -,,Helsinki/MAKA,2026-02-27,POINT (24.947847843390957 60.159451360453076)
Puurekisteri_piste.9849,9849,K-6589,ARKADIANKATU,,Katu,PUISTOLEHMUS,Tilia,x vulgaris,30 - 50 cm,,Helsinki/MAKA,2026-02-27,POINT (24.922124785808712 60.17139196396496)
Puurekisteri_piste.9850,9850,K-6681,RUNEBERGINKATU,,Katu,VUORIJALAVA,Ulmus,glabra,20 - 30 cm,,Helsinki/MAKA,2026-02-27,POINT (24.928360925806206 60.16871885661329)
Puurekisteri_piste.9851,9851,K-7148,ITÄMERENKATU,,Katu,PUISTOLEHMUS,Tilia,x vulgaris,10 - 20 cm,,Helsinki/MAKA,2026-02-27,POINT (24.91296834865454 60.16320810035333)
Puurekisteri_piste.9852,9852,K-7151,ITÄMERENKATU,,Katu,PUISTOLEHMUS,Tilia,x vulgaris,10 - 20 cm,,Helsinki/MAKA,2026-02-27,POINT (24.91198250712745 60.163170612870104)
Puurekisteri_piste.9853,9853,P-43067-263,,TERVASAARI,Puisto,METSÄVAAHTERA,Acer,platanoides,0 - 10 cm,,Helsinki/MAKA,2026-02-27,POINT (24.96809421429296 60.173472972347305)
Puurekisteri_piste.9854,9854,P-43067-264,,TERVASAARI,Puisto,METSÄVAAHTERA,Acer,platanoides,0 - 10 cm,,Helsinki/MAKA,2026-02-27,POINT (24.96805421026015 60.173458559734975)
Puurekisteri_piste.9855,9855,K-5138,SÖRNÄISTEN RANTATIE,,Katu,PUISTOLEHMUS,Tilia,x vulgaris,20 - 30 cm,,Helsinki/MAKA,2026-02-27,POINT (24.96114729810279 60.18141000217493)
Puurekisteri_piste.9857,9857,K-5559,POHJOISRANTA,,Katu,PUISTOLEHMUS,Tilia,x vulgaris,10 - 20 cm,,Helsinki/MAKA,2026-02-27,POINT (24.96013227106381 60.1704833013178)
Puurekisteri_piste.9858,9858,K-556,MÄKELÄNKATU,,Katu,PUISTOLEHMUS,Tilia,x vulgaris,30 - 50 cm,,Helsinki/MAKA,2026-02-27,POINT (24.94543905487044 60.203434952128276)
Puurekisteri_piste.9859,9859,K-5560,POHJOISRANTA,,Katu,PUISTOLEHMUS,Tilia,x vulgaris,10 - 20 cm,,Helsinki/MAKA,2026-02-27,POINT (24.960079413094107 60.17041842543356)
Puurekisteri_piste.9862,9862,K-5563,POHJOISRANTA,,Katu,PUISTOLEHMUS,Tilia,x vulgaris,10 - 20 cm,,Helsinki/MAKA,2026-02-27,POINT (24.959986388665193 60.17020618653169)
Puurekisteri_piste.24800,24800,K-39248,IILUODONTIE,,Katu,METSÄVAAHTERA,Acer,platanoides,0 - 10 cm,,Helsinki/MAKA,2026-02-27,POINT (25.14537511399485 60.20524889431533)
Puurekisteri_piste.24802,24802,K-40590,ABRAHAM WETTERIN TIE,,Katu,VUORIJALAVA,Ulmus,glabra,30 - 50 cm,,Helsinki/MAKA,2026-02-27,POINT (25.04137840686596 60.19246752345666)
Puurekisteri_piste.24803,24803,K-40591,ABRAHAM WETTERIN TIE,,Katu,VUORIJALAVA,Ulmus,glabra,20 - 30 cm,,Helsinki/MAKA,2026-02-27,POINT (25.041492525758564 60.19247181738528)
Puurekisteri_piste.24804,24804,K-40592,ABRAHAM WETTERIN TIE,,Katu,VUORIJALAVA,Ulmus,glabra,30 - 50 cm,,Helsinki/MAKA,2026-02-27,POINT (25.041629712279715 60.19247465411591)
Puurekisteri_piste.24805,24805,K-40593,ABRAHAM WETTERIN TIE,,Katu,VUORIJALAVA,Ulmus,glabra,10 - 20 cm,,Helsinki/MAKA,2026-02-27,POINT (25.041788026970536 60.19248779301482)
Puurekisteri_piste.24808,24808,K-40596,ABRAHAM WETTERIN TIE,,Katu,VUORIJALAVA,Ulmus,glabra,30 - 50 cm,,Helsinki/MAKA,2026-02-27,POINT (25.042217635214737 60.19250238853725)
Puurekisteri_piste.24809,24809,K-40597,ABRAHAM WETTERIN TIE,,Katu,VUORIJALAVA,Ulmus,glabra,30 - 50 cm,,Helsinki/MAKA,2026-02-27,POINT (25.04390496216193 60.19258071082847)
Puurekisteri_piste.24810,24810,K-40598,ABRAHAM WETTERIN TIE,,Katu,VUORIJALAVA,Ulmus,glabra,20 - 30 cm,,Helsinki/MAKA,2026-02-27,POINT (25.04377949779982 60.19257948111906)
Puurekisteri_piste.24811,24811,K-40599,ABRAHAM WETTERIN TIE,,Katu,VUORIJALAVA,Ulmus,glabra,30 - 50 cm,,Helsinki/MAKA,2026-02-27,POINT (25.043638525234226 60.19257665011988)
Puurekisteri_piste.24812,24812,K-40600,ABRAHAM WETTERIN TIE,,Katu,VUORIJALAVA,Ulmus,glabra,30 - 50 cm,,Helsinki/MAKA,2026-02-27,POINT (25.04348204113976 60.19257132025967)
Puurekisteri_piste.24813,24813,K-40601,ABRAHAM WETTERIN TIE,,Katu,VUORIJALAVA,Ulmus,glabra,10 - 20 cm,,Helsinki/MAKA,2026-02-27,POINT (25.043290371044037 60.19255641918194)
Puurekisteri_piste.24814,24814,K-40602,ABRAHAM WETTERIN TIE,,Katu,VUORIJALAVA,Ulmus,glabra,30 - 50 cm,,Helsinki/MAKA,2026-02-27,POINT (25.04314992867132 60.192550715072294)
Puurekisteri_piste.24815,24815,K-40603,ABRAHAM WETTERIN TIE,,Katu,VUORIJALAVA,Ulmus,glabra,50 - 70 cm,,Helsinki/MAKA,2026-02-27,POINT (25.042989829961588 60.1925427851288)
Puurekisteri_piste.24817,24817,K-40605,ABRAHAM WETTERIN TIE,,Katu,VUORIJALAVA,Ulmus,glabra,20 - 30 cm,,Helsinki/MAKA,2026-02-27,POINT (25.04481348538902 60.19268182261865)
Puurekisteri_piste.24818,24818,K-40606,ABRAHAM WETTERIN TIE,,Katu,VUORIJALAVA,Ulmus,glabra,20 - 30 cm,,Helsinki/MAKA,2026-02-27,POINT (25.0449478653256 60.192704853006916)
Puurekisteri_piste.24819,24819,K-40607,ABRAHAM WETTERIN TIE,,Katu,VUORIJALAVA,Ulmus,glabra,10 - 20 cm,,Helsinki/MAKA,2026-02-27,POINT (25.04506980999589 60.19272852320489)
Puurekisteri_piste.24820,24820,P-34065-176,,VALPURINPUISTO,Puisto,METSÄMÄNTY,Pinus,sylvestris,30 - 50 cm,,Helsinki/MAKA,2026-02-27,POINT (24.899203476325518 60.19399937506659)
Puurekisteri_piste.24822,24822,P-33049-166,,LINNANKOSKENKADUN PUISTO,Puisto,METSÄMÄNTY,Pinus,sylvestris,50 - 70 cm,,Helsinki/MAKA,2026-02-27,POINT (24.90997491861207 60.184216087046366)
Puurekisteri_piste.24823,24823,P-33049-168,,LINNANKOSKENKADUN PUISTO,Puisto,METSÄVAAHTERA,Acer,platanoides,20 - 30 cm,,Helsinki/MAKA,2026-02-27,POINT (24.909956853724285 60.184217435122164)
Puurekisteri_piste.24825,24825,P-33049-170,,LINNANKOSKENKADUN PUISTO,Puisto,METSÄVAAHTERA,Acer,platanoides,20 - 30 cm,,Helsinki/MAKA,2026-02-27,POINT (24.909925230705987 60.184248921548)
Puurekisteri_piste.24826,24826,P-34020-16,,ALPPIPUISTO,Puisto,TERVALEPPÄ,Alnus,glutinosa,50 - 70 cm,,Helsinki/MAKA,2026-02-27,POINT (24.9365568980602 60.18827951275733)
Puurekisteri_piste.24827,24827,P-34020-17,,ALPPIPUISTO,Puisto,METSÄMÄNTY,Pinus,sylvestris,50 - 70 cm,,Helsinki/MAKA,2026-02-27,POINT (24.93654991702631 60.18833635304293)
Puurekisteri_piste.24828,24828,P-34020-18,,ALPPIPUISTO,Puisto,METSÄVAAHTERA,Acer,platanoides,20 - 30 cm,,Helsinki/MAKA,2026-02-27,POINT (24.93609233646882 60.188298015719)
Puurekisteri_piste.24829,24829,P-34065-20,,VALPURINPUISTO,Puisto,PIHTA,Abies,sp.,30 - 50 cm,,Helsinki/MAKA,2026-02-27,POINT (24.90217290765271 60.19229370736852)
Puurekisteri_piste.24830,24830,P-34065-21,,VALPURINPUISTO,Puisto,PIHTA,Abies,sp.,30 - 50 cm,,Helsinki/MAKA,2026-02-27,POINT (24.902125533120085 60.19228812490688)
Puurekisteri_piste.24832,24832,P-34065-23,,VALPURINPUISTO,Puisto,PIHTA,Abies,sp.,30 - 50 cm,,Helsinki/MAKA,2026-02-27,POINT (24.902110913500366 60.19224480266114)
Puurekisteri_piste.24833,24833,P-33045-117,,SIBELIUKSEN PUISTO (A),Puisto,EUROOPANPYÖKKI,Fagus,sylvatica,20 - 30 cm,,Helsinki/MAKA,2026-02-27,POINT (24.91355596126424 60.18062300968568)
Puurekisteri_piste.24834,24834,P-33045-118,,SIBELIUKSEN PUISTO (A),Puisto,METSÄTAMMI,Quercus,robur,50 - 70 cm,,Helsinki/MAKA,2026-02-27,POINT (24.913626824863655 60.18069017707969)
Puurekisteri_piste.24835,24835,P-33045-119,,SIBELIUKSEN PUISTO (A),Puisto,VUORIJALAVA,Ulmus,glabra,70 cm -,,Helsinki/MAKA,2026-02-27,POINT (24.913052919142675 60.18054634656631)
Puurekisteri_piste.24837,24837,P-33045-121,,SIBELIUKSEN PUISTO (A),Puisto,MÄNTY,Pinus,sp.,20 - 30 cm,,Helsinki/MAKA,2026-02-27,POINT (24.913173048126417 60.180622988797595)
Puurekisteri_piste.24838,24838,P-33045-122,,SIBELIUKSEN PUISTO (A),Puisto,VUORIJALAVA,Ulmus,glabra,70 cm -,,Helsinki/MAKA,2026-02-27,POINT (24.91304942326284 60.18071382495321)
Puurekisteri_piste.24839,24839,P-33045-314,,SIBELIUKSEN PUISTO (A),Puisto,RAUDUSKOIVU,Betula,pendula,30 - 50 cm,,Helsinki/MAKA,2026-02-27,POINT (24.914164262100215 60.183224938315945)
Puurekisteri_piste.24840,24840,P-33045-315,,SIBELIUKSEN PUISTO (A),Puisto,RAUDUSKOIVU,Betula,pendula,20 - 30 cm,,Helsinki/MAKA,2026-02-27,POINT (24.914138932863562 60.18314639347804)
Puurekisteri_piste.24841,24841,P-33045-316,,SIBELIUKSEN PUISTO (A),Puisto,RAUDUSKOIVU,Betula,pendula,20 - 30 cm,,Helsinki/MAKA,2026-02-27,POINT (24.914179479641913 60.18316995852662)
Puurekisteri_piste.24842,24842,P-33045-317,,SIBELIUKSEN PUISTO (A),Puisto,RAUDUSKOIVU,Betula,pendula,20 - 30 cm,,Helsinki/MAKA,2026-02-27,POINT (24.9142498780883 60.1831870732058)
Puurekisteri_piste.24844,24844,P-33045-319,,SIBELIUKSEN PUISTO (A),Puisto,RAUDUSKOIVU,Betula,pendula,20 - 30 cm,,Helsinki/MAKA,2026-02-27,POINT (24.91439349577237 60.18319745898236)
Puurekisteri_piste.24845,24845,P-33045-505,,SIBELIUKSEN PUISTO (A),Puisto,METSÄMÄNTY,Pinus,sylvestris,30 - 50 cm,,Helsinki/MAKA,2026-02-27,POINT (24.914040333386193 60.181763141672576)
Puurekisteri_piste.24846,24846,P-33045-506,,SIBELIUKSEN PUISTO (A),Puisto,METSÄVAAHTERA,Acer,platanoides,20 - 30 cm,,Helsinki/MAKA,2026-02-27,POINT (24.914309176501916 60.18156234885876)
Puurekisteri_piste.24847,24847,P-33045-507,,SIBELIUKSEN PUISTO (A),Puisto,METSÄVAAHTERA,Acer,platanoides,30 - 50 cm,,Helsinki/MAKA,2026-02-27,POINT (24.914274136782822 60.1815313174698)
Puurekisteri_piste.24848,24848,P-33046-319,,SIBELIUKSEN PUISTO (B),Puisto,KOTIPIHLAJA,Sorbus,aucuparia,20 - 30 cm,,Helsinki/MAKA,2026-02-27,POINT (24.916688100358535 60.18117857701865)
Puurekisteri_piste.9864,9864,P-53003-113,,TULLISAAREN KARTANO,Puisto,METSÄTAMMI,Quercus,robur,30 - 50 cm,,Helsinki/MAKA,2026-02-27,POINT (25.0335242450066 60.177599416898985)
Puurekisteri_piste.9865,9865,P-53003-114,,TULLISAAREN KARTANO,Puisto,METSÄMÄNTY,Pinus,sylvestris,50 - 70 cm,,Helsinki/MAKA,2026-02-27,POINT (25.033537863055432 60.177613689538234)
Puurekisteri_piste.9866,9866,P-43067-287,,TERVASAARI,Puisto,VIRGINIANTUOMI,Prunus,virginiana,0 - 10 cm,,Helsinki/MAKA,2026-02-27,POINT (24.96725413402279 60.173735917501716)
Puurekisteri_piste.9604,9604,K-9799,OULUNKYLÄNTIE,,Katu,METSÄVAAHTERA,Acer,platanoides,10 - 20 cm,,Helsinki/MAKA,2026-02-27,POINT (24.967797702586843 60.226292669060236)
Puurekisteri_piste.9506,9506,K-7432,SIMONKATU,,Katu,METSÄVAAHTERA,Acer,platanoides,20 - 30 cm,,Helsinki/MAKA,2026-02-27,POINT (24.936678715530874 60.16947485012628)
Puurekisteri_piste.9605,9605,K-7924,HEIKKILÄNTIE,,Katu,HOPEASALAVA,Salix,alba,20 - 30 cm,,Helsinki/MAKA,2026-02-27,POINT (24.883125581281554 60.15589673846301)
Puurekisteri_piste.9610,9610,K-4116,HÄMEENTIE,,Katu,PUISTOLEHMUS,Tilia,x vulgaris,10 - 20 cm,,Helsinki/MAKA,2026-02-27,POINT (24.96377574334618 60.19452469914827)
Puurekisteri_piste.9611,9611,K-4318,ALEKSIS KIVEN KATU,,Katu,PUISTOLEHMUS,Tilia,x vulgaris,10 - 20 cm,,Helsinki/MAKA,2026-02-27,POINT (24.94115920713226 60.19418601899317)
Puurekisteri_piste.9612,9612,K-4319,ALEKSIS KIVEN KATU,,Katu,PUISTOLEHMUS,Tilia,x vulgaris,10 - 20 cm,,Helsinki/MAKA,2026-02-27,POINT (24.941028906609294 60.19423809583244)
Puurekisteri_piste.9618,9618,K-5736,KAISANIEMENRANTA,,Katu,PUISTOLEHMUS,Tilia,x vulgaris,50 - 70 cm,,Helsinki/MAKA,2026-02-27,POINT (24.947443789654944 60.17600756082742)
Puurekisteri_piste.9619,9619,K-5737,KAISANIEMENRANTA,,Katu,PUISTOLEHMUS,Tilia,x vulgaris,30 - 50 cm,,Helsinki/MAKA,2026-02-27,POINT (24.947306154704098 60.176023295449255)
Puurekisteri_piste.9626,9626,K-444,PIETARI KALMIN KATU,,Katu,RUOTSINPIHLAJA,Sorbus,intermedia,0 - 10 cm,,Helsinki/MAKA,2026-02-27,POINT (24.96496102627298 60.20509379064262)
Puurekisteri_piste.9627,9627,K-4446,KOTKANKATU,,Katu,RAUDUSKOIVU,Betula,pendula,10 - 20 cm,,Helsinki/MAKA,2026-02-27,POINT (24.943135056082205 60.19226381753303)
Puurekisteri_piste.9628,9628,K-450,PIETARI KALMIN KATU,,Katu,RUOTSINPIHLAJA,Sorbus,intermedia,10 - 20 cm,,Helsinki/MAKA,2026-02-27,POINT (24.96551119780051 60.20535406832545)
Puurekisteri_piste.9632,9632,K-4684,STURENKATU,,Katu,PUISTOLEHMUS,Tilia,x vulgaris,0 - 10 cm,,Helsinki/MAKA,2026-02-27,POINT (24.944413484619677 60.18760460433053)
Puurekisteri_piste.9633,9633,K-4690,STURENKATU,,Katu,PUISTOLEHMUS,Tilia,x vulgaris,10 - 20 cm,,Helsinki/MAKA,2026-02-27,POINT (24.945651733652266 60.18839869075983)
Puurekisteri_piste.9636,9636,K-9069,FREDRIKINTORI,,Katu,METSÄVAAHTERA,Acer,platanoides,20 - 30 cm,,Helsinki/MAKA,2026-02-27,POINT (24.94043642481204 60.161764495537085)
Puurekisteri_piste.9638,9638,K-9070,FREDRIKINTORI,,Katu,METSÄVAAHTERA,Acer,platanoides,20 - 30 cm,,Helsinki/MAKA,2026-02-27,POINT (24.940348209178204 60.16181127024802)
Puurekisteri_piste.9640,9640,K-3639,MECHELININKATU,,Katu,PUISTOLEHMUS,Tilia,x vulgaris,20 - 30 cm,,Helsinki/MAKA,2026-02-27,POINT (24.91729319256069 60.17765694002198)
Puurekisteri_piste.9641,9641,K-364,VÄINÖ AUERIN KATU,,Katu,SUOMENPIHLAJA,Sorbus,hybrida,10 - 20 cm,,Helsinki/MAKA,2026-02-27,POINT (24.964118161386423 60.20685107107384)
Puurekisteri_piste.9642,9642,K-7001,LAIVAPOJANAUKIO,,Katu,PUISTOLEHMUS,Tilia,x vulgaris,10 - 20 cm,,Helsinki/MAKA,2026-02-27,POINT (24.9134028623687 60.158531882538355)
Puurekisteri_piste.9472,9472,K-9005,MERISATAMANRANTA,,Katu,PUISTOLEHMUS,Tilia,x vulgaris,50 - 70 cm,,Helsinki/MAKA,2026-02-27,POINT (24.94507669293983 60.154624100696104)
Puurekisteri_piste.9473,9473,K-9007,MERISATAMANRANTA,,Katu,PUISTOLEHMUS,Tilia,x vulgaris,50 - 70 cm,,Helsinki/MAKA,2026-02-27,POINT (24.94541828048095 60.15466702903482)
Puurekisteri_piste.9474,9474,K-9008,MERISATAMANRANTA,,Katu,PUISTOLEHMUS,Tilia,x vulgaris,50 - 70 cm,,Helsinki/MAKA,2026-02-27,POINT (24.945588633060634 60.15469984678116)
Puurekisteri_piste.9475,9475,P-42005-989,,KAIVOPUISTO,Puisto,METSÄVAAHTERA,Acer,platanoides,50 - 70 cm,,Helsinki/MAKA,2026-02-27,POINT (24.954794097030614 60.156505462044755)
Puurekisteri_piste.9476,9476,P-53003-862,,TULLISAAREN KARTANO,Puisto,TERVALEPPÄ,Alnus,glutinosa,70 cm -,,Helsinki/MAKA,2026-02-27,POINT (25.029264628824638 60.18007036684619)
Puurekisteri_piste.9477,9477,P-53003-863,,TULLISAAREN KARTANO,Puisto,TERVALEPPÄ,Alnus,glutinosa,70 cm -,,Helsinki/MAKA,2026-02-27,POINT (25.02933277508637 60.18007537306157)
Puurekisteri_piste.9478,9478,P-53003-864,,TULLISAAREN KARTANO,Puisto,TERVALEPPÄ,Alnus,glutinosa,50 - 70 cm,,Helsinki/MAKA,2026-02-27,POINT (25.029299206517752 60.18015194218841)
Puurekisteri_piste.9481,9481,K-6325,HIETANIEMENKATU,,Katu,RAUDUSKOIVU,Betula,pendula,20 - 30 cm,,Helsinki/MAKA,2026-02-27,POINT (24.91529767586144 60.17135072440789)
Puurekisteri_piste.9487,9487,K-702,RAUTATIELÄISENKATU,,Katu,PYLVÄSHAAPA,Populus,tremula,0 - 10 cm,,Helsinki/MAKA,2026-02-27,POINT (24.937894483671204 60.201554839852164)
Puurekisteri_piste.9489,9489,K-7021,LAIVAPOJANKATU,,Katu,PUISTOLEHMUS,Tilia,x vulgaris,10 - 20 cm,,Helsinki/MAKA,2026-02-27,POINT (24.916705952491075 60.15973103636323)
Puurekisteri_piste.9490,9490,K-7022,LAIVAPOJANKATU,,Katu,PUISTOLEHMUS,Tilia,x vulgaris,10 - 20 cm,,Helsinki/MAKA,2026-02-27,POINT (24.91685036911214 60.15978381551509)
Puurekisteri_piste.9495,9495,P-43001-281,,LAIVASTOPUISTO,Puisto,VUORIJALAVA,Ulmus,glabra,10 - 20 cm,,Helsinki/MAKA,2026-02-27,POINT (24.979333491403857 60.16720001865703)
Puurekisteri_piste.9496,9496,P-43001-282,,LAIVASTOPUISTO,Puisto,METSÄVAAHTERA,Acer,platanoides,10 - 20 cm,,Helsinki/MAKA,2026-02-27,POINT (24.97933030176309 60.16717191470313)
Puurekisteri_piste.9497,9497,P-43001-283,,LAIVASTOPUISTO,Puisto,METSÄTAMMI,Quercus,robur,10 - 20 cm,,Helsinki/MAKA,2026-02-27,POINT (24.9792811214984 60.16716046601028)
Puurekisteri_piste.9498,9498,P-43001-284,,LAIVASTOPUISTO,Puisto,METSÄTAMMI,Quercus,robur,10 - 20 cm,,Helsinki/MAKA,2026-02-27,POINT (24.979264460114845 60.16720166479636)
Puurekisteri_piste.9499,9499,P-43001-285,,LAIVASTOPUISTO,Puisto,METSÄTAMMI,Quercus,robur,10 - 20 cm,,Helsinki/MAKA,2026-02-27,POINT (24.979209962808767 60.16714172557898)
Puurekisteri_piste.9500,9500,P-43001-286,,LAIVASTOPUISTO,Puisto,RAUDUSKOIVU,Betula,pendula,10 - 20 cm,,Helsinki/MAKA,2026-02-27,POINT (24.979196446432134 60.167187095603374)
Puurekisteri_piste.9502,9502,P-33054-108,,HESPERIAN ESPLANADI,Puisto,VUORIJALAVA,Ulmus,glabra,50 - 70 cm,,Helsinki/MAKA,2026-02-27,POINT (24.91866754947414 60.176670297833574)
Puurekisteri_piste.9503,9503,K-7429,SIMONKATU,,Katu,VUORIJALAVA,Ulmus,glabra,30 - 50 cm,,Helsinki/MAKA,2026-02-27,POINT (24.936599623177155 60.16935689951831)
Puurekisteri_piste.9505,9505,K-7431,SIMONKATU,,Katu,METSÄVAAHTERA,Acer,platanoides,30 - 50 cm,,Helsinki/MAKA,2026-02-27,POINT (24.936791393946375 60.16951700768946)
Puurekisteri_piste.9507,9507,K-7433,SIMONKATU,,Katu,METSÄVAAHTERA,Acer,platanoides,30 - 50 cm,,Helsinki/MAKA,2026-02-27,POINT (24.936562155714284 60.169437121188224)
Puurekisteri_piste.9508,9508,K-7434,SIMONKATU,,Katu,METSÄVAAHTERA,Acer,platanoides,20 - 30 cm,,Helsinki/MAKA,2026-02-27,POINT (24.93645004063754 60.16938599383607)
Puurekisteri_piste.9509,9509,K-7404,MANNERHEIMINTIE,,Katu,PUISTOLEHMUS,Tilia,x vulgaris,10 - 20 cm,,Helsinki/MAKA,2026-02-27,POINT (24.938944099621516 60.16932490505149)
Puurekisteri_piste.9510,9510,K-7405,MANNERHEIMINTIE,,Katu,PUISTOLEHMUS,Tilia,x vulgaris,10 - 20 cm,,Helsinki/MAKA,2026-02-27,POINT (24.938820935416707 60.16940632829253)
Puurekisteri_piste.9511,9511,K-6689,FREDRIKINKATU,,Katu,PUISTOLEHMUS,Tilia,x vulgaris,10 - 20 cm,,Helsinki/MAKA,2026-02-27,POINT (24.931772987753494 60.16792887326701)
Puurekisteri_piste.9512,9512,K-669,RATAMESTARINKATU,,Katu,PUISTOLEHMUS,Tilia,x vulgaris,10 - 20 cm,,Helsinki/MAKA,2026-02-27,POINT (24.939252741363006 60.20060740416867)
Puurekisteri_piste.9513,9513,K-6690,FREDRIKINKATU,,Katu,PUISTOLEHMUS,Tilia,x vulgaris,10 - 20 cm,,Helsinki/MAKA,2026-02-27,POINT (24.931861584411866 60.167859306945665)
Puurekisteri_piste.9514,9514,K-7373,MANNERHEIMINTIE,,Katu,PUISTOLEHMUS,Tilia,x vulgaris,10 - 20 cm,,Helsinki/MAKA,2026-02-27,POINT (24.940389364727398 60.16855560093918)
Puurekisteri_piste.9516,9516,K-7375,MANNERHEIMINTIE,,Katu,PUISTOLEHMUS,Tilia,x vulgaris,10 - 20 cm,,Helsinki/MAKA,2026-02-27,POINT (24.94012198573394 60.16873864761304)
Puurekisteri_piste.9517,9517,K-7119,ITÄMERENKATU,,Katu,PUISTOLEHMUS,Tilia,x vulgaris,10 - 20 cm,,Helsinki/MAKA,2026-02-27,POINT (24.915765963308328 60.16329789523297)
Puurekisteri_piste.9519,9519,K-7902,VATTUNIEMENKATU,,Katu,PUISTOLEHMUS,Tilia,x vulgaris,20 - 30 cm,,Helsinki/MAKA,2026-02-27,POINT (24.884893222746214 60.15338493657521)
Puurekisteri_piste.9520,9520,K-7903,VATTUNIEMENKATU,,Katu,PUISTOLEHMUS,Tilia,x vulgaris,20 - 30 cm,,Helsinki/MAKA,2026-02-27,POINT (24.884840752338224 60.153456635480936)
Puurekisteri_piste.9521,9521,K-9278,MÄKELÄNKATU,,Katu,METSÄVAAHTERA,Acer,platanoides,30 - 50 cm,,Helsinki/MAKA,2026-02-27,POINT (24.94332010767007 60.21304157139382)
Puurekisteri_piste.9522,9522,P-32031-105,,SINEBRYCHOFFIN PUISTO,Puisto,METSÄVAAHTERA,Acer,platanoides,20 - 30 cm,,Helsinki/MAKA,2026-02-27,POINT (24.93357715858911 60.1606462371315)
Puurekisteri_piste.9523,9523,P-32031-106,,SINEBRYCHOFFIN PUISTO,Puisto,METSÄVAAHTERA,Acer,platanoides,20 - 30 cm,,Helsinki/MAKA,2026-02-27,POINT (24.933606938094815 60.160735137662094)
Puurekisteri_piste.9283,9283,K-9036,MERIKATU,,Katu,METSÄVAAHTERA,Acer,platanoides,20 - 30 cm,,Helsinki/MAKA,2026-02-27,POINT (24.943892044546633 60.155248011510615)
Puurekisteri_piste.9284,9284,K-9037,MERIKATU,,Katu,METSÄVAAHTERA,Acer,platanoides,30 - 50 cm,,Helsinki/MAKA,2026-02-27,POINT (24.944040061223838 60.15526575658253)
Puurekisteri_piste.9286,9286,K-7413,SIMONAUKIO,,Katu,METSÄVAAHTERA,Acer,platanoides,30 - 50 cm,,Helsinki/MAKA,2026-02-27,POINT (24.937400975854352 60.16965219712905)
Puurekisteri_piste.9287,9287,K-7414,SIMONAUKIO,,Katu,METSÄVAAHTERA,Acer,platanoides,30 - 50 cm,,Helsinki/MAKA,2026-02-27,POINT (24.937286496017844 60.16961001204902)
Puurekisteri_piste.9289,9289,K-9497,KÄPYLÄNTIE,,Katu,PUISTOLEHMUS,Tilia,x vulgaris,20 - 30 cm,,Helsinki/MAKA,2026-02-27,POINT (24.958903326284823 60.215166386358405)
Puurekisteri_piste.9291,9291,K-9499,KÄPYLÄNTIE,,Katu,PUISTOLEHMUS,Tilia,x vulgaris,10 - 20 cm,,Helsinki/MAKA,2026-02-27,POINT (24.958444009116256 60.21542348003981)
Puurekisteri_piste.9293,9293,P-43001-156,,LAIVASTOPUISTO,Puisto,SEMBRAMÄNTY,Pinus,cembra,10 - 20 cm,,Helsinki/MAKA,2026-02-27,POINT (24.975870622921516 60.16875107570381)
Puurekisteri_piste.9294,9294,P-32041-4,,NEITSYTPUISTO,Puisto,PUISTOLEHMUS,Tilia,x vulgaris,50 - 70 cm,,Helsinki/MAKA,2026-02-27,POINT (24.950029557484587 60.158678394651176)
Puurekisteri_piste.9295,9295,K-7062,SELKÄMERENKATU,,Katu,PUISTOLEHMUS,Tilia,x vulgaris,10 - 20 cm,,Helsinki/MAKA,2026-02-27,POINT (24.915870220343766 60.160918626424866)
Puurekisteri_piste.9296,9296,K-7064,SELKÄMERENKATU,,Katu,PUISTOLEHMUS,Tilia,x vulgaris,10 - 20 cm,,Helsinki/MAKA,2026-02-27,POINT (24.917124579106417 60.16025314357565)
Puurekisteri_piste.9297,9297,P-33054-71,,HESPERIAN ESPLANADI,Puisto,METSÄTAMMI,Quercus,robur,30 - 50 cm,,Helsinki/MAKA,2026-02-27,POINT (24.925215494291983 60.177239286368426)
Puurekisteri_piste.9298,9298,P-32008-104,,URSININKALLIO,Puisto,PUISTOLEHMUS,Tilia,x vulgaris,30 - 50 cm,,Helsinki/MAKA,2026-02-27,POINT (24.94081491509643 60.15411467815098)
Puurekisteri_piste.9299,9299,P-53003-1077,,TULLISAAREN KARTANO,Puisto,METSÄMÄNTY,Pinus,sylvestris,20 - 30 cm,,Helsinki/MAKA,2026-02-27,POINT (25.03189217584283 60.18141449544999)
Puurekisteri_piste.9301,9301,P-44017-300,,KATRI VALAN PUISTO,Puisto,RUOTSINPIHLAJA,Sorbus,intermedia,20 - 30 cm,,Helsinki/MAKA,2026-02-27,POINT (24.96596143269548 60.18666599416303)
Puurekisteri_piste.9302,9302,K-9829,OULUNKYLÄNTIE,,Katu,METSÄVAAHTERA,Acer,platanoides,10 - 20 cm,,Helsinki/MAKA,2026-02-27,POINT (24.968136264463777 60.22582879683488)
Puurekisteri_piste.9303,9303,K-983,RATAMESTARINKATU,,Katu,PUISTOLEHMUS,Tilia,x vulgaris,10 - 20 cm,,Helsinki/MAKA,2026-02-27,POINT (24.941173614605912 60.19704599441601)
Puurekisteri_piste.9304,9304,P-53003-121,,TULLISAAREN KARTANO,Puisto,METSÄMÄNTY,Pinus,sylvestris,30 - 50 cm,,Helsinki/MAKA,2026-02-27,POINT (25.034302361457048 60.17754014289262)
Puurekisteri_piste.9305,9305,P-53003-973,,TULLISAAREN KARTANO,Puisto,ISOLEHTILEHMUS,Tilia,platyphyllos,30 - 50 cm,,Helsinki/MAKA,2026-02-27,POINT (25.031498776103767 60.1807418998938)
Puurekisteri_piste.9309,9309,P-33101-100,,LASTENLEHTO,Puisto,MUSTAMARJAORAPIHLAJA,Crataegus,douglasii,10 - 20 cm,,Helsinki/MAKA,2026-02-27,POINT (24.929214042760574 60.16649940888704)
Puurekisteri_piste.9311,9311,P-42005-1014,,KAIVOPUISTO,Puisto,RAUDUSKOIVU,Betula,pendula,30 - 50 cm,,Helsinki/MAKA,2026-02-27,POINT (24.955709263063852 60.15700646981941)
Puurekisteri_piste.25393,25393,K-39448,KALLVIKINTIE,,Katu,PUISTOLEHMUS,Tilia,x vulgaris,0 - 10 cm,,Helsinki/MAKA,2026-02-27,POINT (25.134947425339167 60.20682139641397)
Puurekisteri_piste.9312,9312,P-42005-1015,,KAIVOPUISTO,Puisto,VUORIJALAVA,Ulmus,glabra,50 - 70 cm,,Helsinki/MAKA,2026-02-27,POINT (24.955882736571144 60.15692306068716)
Puurekisteri_piste.9313,9313,P-42005-1016,,KAIVOPUISTO,Puisto,METSÄVAAHTERA,Acer,platanoides,30 - 50 cm,,Helsinki/MAKA,2026-02-27,POINT (24.955913824974527 60.15690345651718)
Puurekisteri_piste.9314,9314,P-34019-3,,ALPPIPUISTO (ETELÄ),Puisto,RAUDUSKOIVU,Betula,pendula,20 - 30 cm,,Helsinki/MAKA,2026-02-27,POINT (24.942221509123346 60.18745539284565)
Puurekisteri_piste.9315,9315,P-34019-4,,ALPPIPUISTO (ETELÄ),Puisto,RAUDUSKOIVU,Betula,pendula,30 - 50 cm,,Helsinki/MAKA,2026-02-27,POINT (24.9421589845158 60.18743727649637)
Puurekisteri_piste.9316,9316,P-34019-5,,ALPPIPUISTO (ETELÄ),Puisto,OMENAPUU,Malus,sp.,10 - 20 cm,,Helsinki/MAKA,2026-02-27,POINT (24.94219368559222 60.18739277846144)
Puurekisteri_piste.9317,9317,P-34019-6,,ALPPIPUISTO (ETELÄ),Puisto,OMENAPUU,Malus,sp.,10 - 20 cm,,Helsinki/MAKA,2026-02-27,POINT (24.942276376149913 60.187391941040836)
Puurekisteri_piste.9318,9318,P-34019-7,,ALPPIPUISTO (ETELÄ),Puisto,OMENAPUU,Malus,sp.,20 - 30 cm,,Helsinki/MAKA,2026-02-27,POINT (24.942444914529933 60.187414159580044)
Puurekisteri_piste.9319,9319,P-43067-165,,TERVASAARI,Puisto,RAUDUSKOIVU,Betula,pendula,20 - 30 cm,,Helsinki/MAKA,2026-02-27,POINT (24.96995924553794 60.173913146473815)
Puurekisteri_piste.9320,9320,P-43067-166,,TERVASAARI,Puisto,RAUDUSKOIVU,Betula,pendula,20 - 30 cm,,Helsinki/MAKA,2026-02-27,POINT (24.969960516024923 60.17390740897347)
Puurekisteri_piste.9321,9321,K-7164,ITÄMERENKATU,,Katu,PUISTOLEHMUS,Tilia,x vulgaris,10 - 20 cm,,Helsinki/MAKA,2026-02-27,POINT (24.91135158350962 60.16332862609737)
Puurekisteri_piste.9322,9322,P-53003-1916,,TULLISAAREN KARTANO,Puisto,RAUDUSKOIVU,Betula,pendula,10 - 20 cm,,Helsinki/MAKA,2026-02-27,POINT (25.023709632981042 60.17732854740885)
Puurekisteri_piste.9323,9323,P-43067-241,,TERVASAARI,Puisto,RAITA,Salix,caprea,20 - 30 cm,,Helsinki/MAKA,2026-02-27,POINT (24.96880620933085 60.17376452654499)
Puurekisteri_piste.9326,9326,P-43067-244,,TERVASAARI,Puisto,RAUDUSKOIVU,Betula,pendula,10 - 20 cm,,Helsinki/MAKA,2026-02-27,POINT (24.969016655424568 60.17371060506128)
Puurekisteri_piste.9328,9328,P-43067-163,,TERVASAARI,Puisto,RAUDUSKOIVU,Betula,pendula,10 - 20 cm,,Helsinki/MAKA,2026-02-27,POINT (24.970007007248668 60.17395674518005)
Puurekisteri_piste.9114,9114,K-7694,ISOKAARI,,Katu,OMENAPUU,Malus,sp.,20 - 30 cm,,Helsinki/MAKA,2026-02-27,POINT (24.859476673210548 60.16222130485543)
Puurekisteri_piste.9115,9115,K-7695,ISOKAARI,,Katu,OMENAPUU,Malus,sp.,20 - 30 cm,,Helsinki/MAKA,2026-02-27,POINT (24.85948377039823 60.16218163712895)
Puurekisteri_piste.9121,9121,K-762,RATAPIHANTIE,,Katu,VUORIJALAVA,Ulmus,glabra,10 - 20 cm,,Helsinki/MAKA,2026-02-27,POINT (24.933131082957722 60.20238190886011)
Puurekisteri_piste.9122,9122,P-44017-174,,KATRI VALAN PUISTO,Puisto,METSÄVAAHTERA,Acer,platanoides,10 - 20 cm,,Helsinki/MAKA,2026-02-27,POINT (24.96428997394987 60.18556728274839)
Puurekisteri_piste.9125,9125,P-43067-304,,TERVASAARI,Puisto,VUORIJALAVA,Ulmus,glabra,10 - 20 cm,,Helsinki/MAKA,2026-02-27,POINT (24.968148137365752 60.17337545492447)
Puurekisteri_piste.9126,9126,P-43067-305,,TERVASAARI,Puisto,VUORIJALAVA,Ulmus,glabra,10 - 20 cm,,Helsinki/MAKA,2026-02-27,POINT (24.968140443683073 60.17334224718152)
Puurekisteri_piste.9129,9129,P-53003-759,,TULLISAAREN KARTANO,Puisto,METSÄKUUSI,Picea,abies,50 - 70 cm,,Helsinki/MAKA,2026-02-27,POINT (25.030265319315458 60.180656242157966)
Puurekisteri_piste.9131,9131,P-53003-761,,TULLISAAREN KARTANO,Puisto,METSÄTAMMI,Quercus,robur,10 - 20 cm,,Helsinki/MAKA,2026-02-27,POINT (25.030303424647254 60.18058760951299)
Puurekisteri_piste.9133,9133,K-9126,HERNESAARENRANTA,,Katu,PUISTOLEHMUS,Tilia,x vulgaris,10 - 20 cm,,Helsinki/MAKA,2026-02-27,POINT (24.92731120870962 60.1496506174735)
Puurekisteri_piste.9134,9134,K-9127,HERNESAARENRANTA,,Katu,PUISTOLEHMUS,Tilia,x vulgaris,0 - 10 cm,,Helsinki/MAKA,2026-02-27,POINT (24.927222080993232 60.14956948474694)
Puurekisteri_piste.9137,9137,P-44017-203,,KATRI VALAN PUISTO,Puisto,METSÄVAAHTERA,Acer,platanoides,20 - 30 cm,,Helsinki/MAKA,2026-02-27,POINT (24.963953424353583 60.18568595974522)
Puurekisteri_piste.9138,9138,P-44017-204,,KATRI VALAN PUISTO,Puisto,METSÄVAAHTERA,Acer,platanoides,20 - 30 cm,,Helsinki/MAKA,2026-02-27,POINT (24.963888971261724 60.18571811420709)
Puurekisteri_piste.9139,9139,K-9246,MÄKELÄNKATU,,Katu,METSÄVAAHTERA,Acer,platanoides,20 - 30 cm,,Helsinki/MAKA,2026-02-27,POINT (24.94404376165607 60.211788587411625)
Puurekisteri_piste.9140,9140,K-9247,MÄKELÄNKATU,,Katu,METSÄVAAHTERA,Acer,platanoides,30 - 50 cm,,Helsinki/MAKA,2026-02-27,POINT (24.943847740469906 60.21183637031923)
Puurekisteri_piste.9141,9141,P-44017-152,,KATRI VALAN PUISTO,Puisto,METSÄVAAHTERA,Acer,platanoides,0 - 10 cm,,Helsinki/MAKA,2026-02-27,POINT (24.964891393802468 60.186496125658664)
Puurekisteri_piste.25029,25029,P-33049-236,,LINNANKOSKENKADUN PUISTO,Puisto,METSÄVAAHTERA,Acer,platanoides,10 - 20 cm,,Helsinki/MAKA,2026-02-27,POINT (24.910610582588944 60.18421453886304)
Puurekisteri_piste.25030,25030,P-33049-237,,LINNANKOSKENKADUN PUISTO,Puisto,METSÄVAAHTERA,Acer,platanoides,10 - 20 cm,,Helsinki/MAKA,2026-02-27,POINT (24.91062353603519 60.18420522325108)
Puurekisteri_piste.25031,25031,P-33049-133,,LINNANKOSKENKADUN PUISTO,Puisto,METSÄVAAHTERA,Acer,platanoides,50 - 70 cm,,Helsinki/MAKA,2026-02-27,POINT (24.910126657364895 60.18393237863638)
Puurekisteri_piste.25032,25032,P-33049-134,,LINNANKOSKENKADUN PUISTO,Puisto,METSÄVAAHTERA,Acer,platanoides,30 - 50 cm,,Helsinki/MAKA,2026-02-27,POINT (24.910088643445718 60.18394953087632)
Puurekisteri_piste.25033,25033,P-34042-25,,VAUHTIPUISTO,Puisto,METSÄVAAHTERA,Acer,platanoides,30 - 50 cm,,Helsinki/MAKA,2026-02-27,POINT (24.93396839522903 60.187332552691)
Puurekisteri_piste.25034,25034,P-99101-227,,SUOMENLINNA,Puisto,LEHTOSAARNI,Fraxinus,excelsior,20 - 30 cm,,Helsinki/MAKA,2026-02-27,POINT (24.98683740661513 60.14585356939787)
Puurekisteri_piste.9019,9019,K-759,RATAPIHANTIE,,Katu,VUORIJALAVA,Ulmus,glabra,10 - 20 cm,,Helsinki/MAKA,2026-02-27,POINT (24.933079054587683 60.20259741034768)
Puurekisteri_piste.9020,9020,K-7590,MANNERHEIMINTIE,,Katu,PUISTOLEHMUS,Tilia,x vulgaris,20 - 30 cm,,Helsinki/MAKA,2026-02-27,POINT (24.941956920691705 60.16731685138329)
Puurekisteri_piste.9021,9021,P-43067-143,,TERVASAARI,Puisto,METSÄVAAHTERA,Acer,platanoides,0 - 10 cm,,Helsinki/MAKA,2026-02-27,POINT (24.969786612431204 60.17420069395771)
Puurekisteri_piste.9022,9022,P-43067-144,,TERVASAARI,Puisto,METSÄVAAHTERA,Acer,platanoides,0 - 10 cm,,Helsinki/MAKA,2026-02-27,POINT (24.96983152073038 60.17419259321188)
Puurekisteri_piste.9026,9026,P-54037-693,,HERTTONIEMENKARTANO,Puisto,MÄNTY,Pinus,sp.,70 cm -,,Helsinki/MAKA,2026-02-27,POINT (25.045472877109862 60.18897708816483)
Puurekisteri_piste.9027,9027,P-54037-694,,HERTTONIEMENKARTANO,Puisto,MÄNTY,Pinus,sp.,30 - 50 cm,,Helsinki/MAKA,2026-02-27,POINT (25.045371842944366 60.18898002844605)
Puurekisteri_piste.9028,9028,P-54037-695,,HERTTONIEMENKARTANO,Puisto,MÄNTY,Pinus,sp.,50 - 70 cm,,Helsinki/MAKA,2026-02-27,POINT (25.0455836367805 60.188933323384056)
Puurekisteri_piste.9029,9029,P-53004-168,,STANSVIKINKARTANO,Puisto,METSÄVAAHTERA,Acer,platanoides,30 - 50 cm,,Helsinki/MAKA,2026-02-27,POINT (25.030290034917453 60.16300820824311)
Puurekisteri_piste.9030,9030,P-53004-169,,STANSVIKINKARTANO,Puisto,METSÄMÄNTY,Pinus,sylvestris,30 - 50 cm,,Helsinki/MAKA,2026-02-27,POINT (25.0303215423581 60.16301997757194)
Puurekisteri_piste.9031,9031,P-53004-170,,STANSVIKINKARTANO,Puisto,METSÄMÄNTY,Pinus,sylvestris,30 - 50 cm,,Helsinki/MAKA,2026-02-27,POINT (25.0302772548713 60.16306807634513)
Puurekisteri_piste.9032,9032,P-42001-443,,TÄHTITORNIN VUORI,Puisto,VUORIJALAVA,Ulmus,glabra,50 - 70 cm,,Helsinki/MAKA,2026-02-27,POINT (24.95559983190855 60.16195224614723)
Puurekisteri_piste.9524,9524,P-32031-107,,SINEBRYCHOFFIN PUISTO,Puisto,METSÄTAMMI,Quercus,robur,20 - 30 cm,,Helsinki/MAKA,2026-02-27,POINT (24.933701014806996 60.160873386337386)
Puurekisteri_piste.9529,9529,P-53003-1190,,TULLISAAREN KARTANO,Puisto,METSÄKUUSI,Picea,abies,30 - 50 cm,,Helsinki/MAKA,2026-02-27,POINT (25.033496812308034 60.18055237792159)
Puurekisteri_piste.9530,9530,P-43067-349,,TERVASAARI,Puisto,HIESKOIVU,Betula,pubescens,10 - 20 cm,,Helsinki/MAKA,2026-02-27,POINT (24.969653284634582 60.17282168694965)
Puurekisteri_piste.9531,9531,K-538,MÄKELÄNKATU,,Katu,PUISTOLEHMUS,Tilia,x vulgaris,20 - 30 cm,,Helsinki/MAKA,2026-02-27,POINT (24.94550002888104 60.204899168439276)
Puurekisteri_piste.9532,9532,K-5380,PITKÄNSILLANRANTA,,Katu,PUISTOLEHMUS,Tilia,x vulgaris,30 - 50 cm,,Helsinki/MAKA,2026-02-27,POINT (24.946184896883018 60.17754582077451)
Puurekisteri_piste.9533,9533,K-5381,PITKÄNSILLANRANTA,,Katu,PUISTOLEHMUS,Tilia,x vulgaris,30 - 50 cm,,Helsinki/MAKA,2026-02-27,POINT (24.946323248406415 60.177515995941214)
Puurekisteri_piste.9534,9534,K-3183,HUOPALAHDENTIE,,Katu,PUISTOLEHMUS,Tilia,x vulgaris,20 - 30 cm,,Helsinki/MAKA,2026-02-27,POINT (24.882977300586823 60.19993812523839)
Puurekisteri_piste.9535,9535,K-3184,HUOPALAHDENTIE,,Katu,PUISTOLEHMUS,Tilia,x vulgaris,20 - 30 cm,,Helsinki/MAKA,2026-02-27,POINT (24.88300026153144 60.19988302349037)
Puurekisteri_piste.9710,9710,P-42005-984,,KAIVOPUISTO,Puisto,TERVALEPPÄ,Alnus,glutinosa,30 - 50 cm,,Helsinki/MAKA,2026-02-27,POINT (24.954497559069427 60.156874299461876)
Puurekisteri_piste.9711,9711,P-42005-985,,KAIVOPUISTO,Puisto,TERVALEPPÄ,Alnus,glutinosa,50 - 70 cm,,Helsinki/MAKA,2026-02-27,POINT (24.95453447842494 60.15688764263577)
Puurekisteri_piste.9712,9712,P-42005-986,,KAIVOPUISTO,Puisto,TERVALEPPÄ,Alnus,glutinosa,30 - 50 cm,,Helsinki/MAKA,2026-02-27,POINT (24.954536080678995 60.15685416596713)
Puurekisteri_piste.9716,9716,K-7478,BULEVARDI,,Katu,METSÄVAAHTERA,Acer,platanoides,20 - 30 cm,,Helsinki/MAKA,2026-02-27,POINT (24.93500877522952 60.163542494063414)
Puurekisteri_piste.9717,9717,K-9024,MERISATAMANRANTA,,Katu,PUISTOLEHMUS,Tilia,x vulgaris,30 - 50 cm,,Helsinki/MAKA,2026-02-27,POINT (24.94831711770434 60.15512527388319)
Puurekisteri_piste.9718,9718,K-9025,MERISATAMANRANTA,,Katu,PUISTOLEHMUS,Tilia,x vulgaris,50 - 70 cm,,Helsinki/MAKA,2026-02-27,POINT (24.948493410319923 60.15514982932017)
Puurekisteri_piste.9719,9719,K-9026,MERISATAMANRANTA,,Katu,PUISTOLEHMUS,Tilia,x vulgaris,50 - 70 cm,,Helsinki/MAKA,2026-02-27,POINT (24.948668982215263 60.155173487146)
Puurekisteri_piste.9720,9720,K-9687,OULUNKYLÄNTIE,,Katu,METSÄVAAHTERA,Acer,platanoides,30 - 50 cm,,Helsinki/MAKA,2026-02-27,POINT (24.9618930571971 60.21968184449602)
Puurekisteri_piste.9724,9724,P-43067-310,,TERVASAARI,Puisto,KOIVU,Betula,sp.,30 - 50 cm,,Helsinki/MAKA,2026-02-27,POINT (24.96756672156888 60.173258343018006)
Puurekisteri_piste.9725,9725,P-43067-311,,TERVASAARI,Puisto,RAITA,Salix,caprea,20 - 30 cm,,Helsinki/MAKA,2026-02-27,POINT (24.967621923123556 60.173255351716215)
Puurekisteri_piste.9727,9727,P-43067-313,,TERVASAARI,Puisto,KOIVU,Betula,sp.,20 - 30 cm,,Helsinki/MAKA,2026-02-27,POINT (24.9678708915768 60.17320143453065)
Puurekisteri_piste.9728,9728,P-43067-314,,TERVASAARI,Puisto,RAUDUSKOIVU,Betula,pendula,20 - 30 cm,,Helsinki/MAKA,2026-02-27,POINT (24.967985275955783 60.17315929311715)
Puurekisteri_piste.9732,9732,K-384,VÄINÖ AUERIN KATU,,Katu,SUOMENPIHLAJA,Sorbus,hybrida,0 - 10 cm,,Helsinki/MAKA,2026-02-27,POINT (24.964285116822694 60.206688294368064)
Puurekisteri_piste.9007,9007,P-53003-120,,TULLISAAREN KARTANO,Puisto,RAUDUSKOIVU,Betula,pendula,20 - 30 cm,,Helsinki/MAKA,2026-02-27,POINT (25.034319079141362 60.17743409396353)
Puurekisteri_piste.9009,9009,K-7650,,,Katu,PUISTOLEHMUS,Tilia,x vulgaris,50 - 70 cm,,Helsinki/MAKA,2026-02-27,POINT (24.943681052051947 60.165301240533076)
Puurekisteri_piste.9010,9010,K-7652,,,Katu,METSÄVAAHTERA,Acer,platanoides,50 - 70 cm,,Helsinki/MAKA,2026-02-27,POINT (24.94366782388452 60.16518680729724)
Puurekisteri_piste.9012,9012,K-7654,,,Katu,PUISTOLEHMUS,Tilia,x vulgaris,30 - 50 cm,,Helsinki/MAKA,2026-02-27,POINT (24.943308699370682 60.16520230692669)
Puurekisteri_piste.9013,9013,P-34019-37,,ALPPIPUISTO (ETELÄ),Puisto,OMENAPUU,Malus,sp.,20 - 30 cm,,Helsinki/MAKA,2026-02-27,POINT (24.9423967070716 60.186955100344065)
Puurekisteri_piste.9014,9014,P-34019-38,,ALPPIPUISTO (ETELÄ),Puisto,RAUDUSKOIVU,Betula,pendula,10 - 20 cm,,Helsinki/MAKA,2026-02-27,POINT (24.942403301204813 60.18692461463081)
Puurekisteri_piste.9015,9015,P-34019-39,,ALPPIPUISTO (ETELÄ),Puisto,KOTIPIHLAJA,Sorbus,aucuparia,10 - 20 cm,,Helsinki/MAKA,2026-02-27,POINT (24.94230906647569 60.186969121579374)
Puurekisteri_piste.9281,9281,K-9034,MERIKATU,,Katu,METSÄVAAHTERA,Acer,platanoides,10 - 20 cm,,Helsinki/MAKA,2026-02-27,POINT (24.94359169040778 60.15521252162525)
Puurekisteri_piste.9282,9282,K-9035,MERIKATU,,Katu,METSÄVAAHTERA,Acer,platanoides,10 - 20 cm,,Helsinki/MAKA,2026-02-27,POINT (24.943718273015506 60.15521976961169)
Puurekisteri_piste.8985,8985,K-89,KORPPAANMÄENTIE,,Katu,TUOMI/KIRSIKKA,Prunus,sp.,10 - 20 cm,,Helsinki/MAKA,2026-02-27,POINT (24.891866889139003 60.20655396586664)
Puurekisteri_piste.8987,8987,K-891,ASEMAPÄÄLLIKÖNKATU,,Katu,PUISTOLEHMUS,Tilia,x vulgaris,20 - 30 cm,,Helsinki/MAKA,2026-02-27,POINT (24.943237107609807 60.199112488589876)
Puurekisteri_piste.8991,8991,K-9513,KÄPYLÄNTIE,,Katu,PUISTOLEHMUS,Tilia,x vulgaris,30 - 50 cm,,Helsinki/MAKA,2026-02-27,POINT (24.959189453697785 60.216277441808124)
Puurekisteri_piste.8992,8992,K-9514,KÄPYLÄNTIE,,Katu,PUISTOLEHMUS,Tilia,x vulgaris,20 - 30 cm,,Helsinki/MAKA,2026-02-27,POINT (24.959250693237873 60.21635227772434)
Puurekisteri_piste.8993,8993,K-9515,KÄPYLÄNTIE,,Katu,PUISTOLEHMUS,Tilia,x vulgaris,20 - 30 cm,,Helsinki/MAKA,2026-02-27,POINT (24.95931969590982 60.216432317015816)
Puurekisteri_piste.8995,8995,P-42005-902,,KAIVOPUISTO,Puisto,VUORIJALAVA,Ulmus,glabra,50 - 70 cm,,Helsinki/MAKA,2026-02-27,POINT (24.954393277693704 60.15698827264963)
Puurekisteri_piste.9053,9053,P-43067-281,,TERVASAARI,Puisto,RAUDUSKOIVU,Betula,pendula,30 - 50 cm,,Helsinki/MAKA,2026-02-27,POINT (24.968189808155415 60.173782460306896)
Puurekisteri_piste.9054,9054,P-43067-282,,TERVASAARI,Puisto,RAUDUSKOIVU,Betula,pendula,20 - 30 cm,,Helsinki/MAKA,2026-02-27,POINT (24.968123174246525 60.17378248421453)
Puurekisteri_piste.9055,9055,P-43067-283,,TERVASAARI,Puisto,RAUDUSKOIVU,Betula,pendula,20 - 30 cm,,Helsinki/MAKA,2026-02-27,POINT (24.968060875551647 60.17375800748231)
Puurekisteri_piste.9056,9056,P-43067-284,,TERVASAARI,Puisto,RAUDUSKOIVU,Betula,pendula,10 - 20 cm,,Helsinki/MAKA,2026-02-27,POINT (24.968011779166808 60.173798857401934)
Puurekisteri_piste.9057,9057,P-43067-285,,TERVASAARI,Puisto,RAUDUSKOIVU,Betula,pendula,20 - 30 cm,,Helsinki/MAKA,2026-02-27,POINT (24.96795602099484 60.17376621162778)
Puurekisteri_piste.9058,9058,P-43067-286,,TERVASAARI,Puisto,VIRGINIANTUOMI,Prunus,virginiana,0 - 10 cm,,Helsinki/MAKA,2026-02-27,POINT (24.967304375378248 60.17372942142059)
Puurekisteri_piste.9059,9059,P-43002-25,,MERIKASARMINPUISTO,Puisto,METSÄTAMMI,Quercus,robur,10 - 20 cm,,Helsinki/MAKA,2026-02-27,POINT (24.973605757045174 60.16730176616625)
Puurekisteri_piste.9060,9060,P-43002-26,,MERIKASARMINPUISTO,Puisto,METSÄTAMMI,Quercus,robur,10 - 20 cm,,Helsinki/MAKA,2026-02-27,POINT (24.973508639228164 60.16727540851721)
Puurekisteri_piste.9061,9061,P-43002-27,,MERIKASARMINPUISTO,Puisto,METSÄTAMMI,Quercus,robur,10 - 20 cm,,Helsinki/MAKA,2026-02-27,POINT (24.97341054046712 60.167250517752905)
Puurekisteri_piste.9062,9062,P-53003-429,,TULLISAAREN KARTANO,Puisto,METSÄVAAHTERA,Acer,platanoides,30 - 50 cm,,Helsinki/MAKA,2026-02-27,POINT (25.02793981641291 60.177998414176635)
Puurekisteri_piste.9067,9067,P-53003-1634,,TULLISAAREN KARTANO,Puisto,METSÄVAAHTERA,Acer,platanoides,20 - 30 cm,,Helsinki/MAKA,2026-02-27,POINT (25.0346761884668 60.181056194751356)
Puurekisteri_piste.9069,9069,P-44017-100,,KATRI VALAN PUISTO,Puisto,VUORIJALAVA,Ulmus,glabra,20 - 30 cm,,Helsinki/MAKA,2026-02-27,POINT (24.96369755786723 60.186030700442664)
Puurekisteri_piste.9070,9070,P-44017-101,,KATRI VALAN PUISTO,Puisto,VUORIJALAVA,Ulmus,glabra,30 - 50 cm,,Helsinki/MAKA,2026-02-27,POINT (24.96301325331752 60.187578255337776)
Puurekisteri_piste.9071,9071,P-44017-102,,KATRI VALAN PUISTO,Puisto,VUORIJALAVA,Ulmus,glabra,30 - 50 cm,,Helsinki/MAKA,2026-02-27,POINT (24.96291238698987 60.187590646563685)
Puurekisteri_piste.9072,9072,P-53003-685,,TULLISAAREN KARTANO,Puisto,VUORIVAAHTERA,Acer,pseudoplatanus,10 - 20 cm,,Helsinki/MAKA,2026-02-27,POINT (25.03117242799129 60.180139399284776)
Puurekisteri_piste.9077,9077,P-42008-47,,KAIVOPUISTO (USA),Puisto,JALAVA,Ulmus,sp.,30 - 50 cm,,Helsinki/MAKA,2026-02-27,POINT (24.96230394013408 60.15717891722659)
Puurekisteri_piste.9078,9078,P-43067-329,,TERVASAARI,Puisto,LEPPÄ,Alnus,sp.,0 - 10 cm,,Helsinki/MAKA,2026-02-27,POINT (24.96878142984418 60.172953207207144)
Puurekisteri_piste.9079,9079,K-7115,ITÄMERENKATU,,Katu,PUISTOLEHMUS,Tilia,x vulgaris,10 - 20 cm,,Helsinki/MAKA,2026-02-27,POINT (24.91664355309684 60.16351162701323)
Puurekisteri_piste.9080,9080,P-54037-69,,HERTTONIEMENKARTANO,Puisto,KUUSI,Picea,sp.,0 - 10 cm,,Helsinki/MAKA,2026-02-27,POINT (25.041561855100944 60.18886462646379)
Puurekisteri_piste.9083,9083,P-53003-392,,TULLISAAREN KARTANO,Puisto,TERVALEPPÄ,Alnus,glutinosa,70 cm -,,Helsinki/MAKA,2026-02-27,POINT (25.028143582427298 60.17858335981555)
Puurekisteri_piste.9812,9812,P-43067-106,,TERVASAARI,Puisto,RAUDUSKOIVU,Betula,pendula,10 - 20 cm,,Helsinki/MAKA,2026-02-27,POINT (24.969038586010903 60.1742920618065)
Puurekisteri_piste.9813,9813,P-43067-107,,TERVASAARI,Puisto,RAUDUSKOIVU,Betula,pendula,10 - 20 cm,,Helsinki/MAKA,2026-02-27,POINT (24.9690485111314 60.17431178774608)
Puurekisteri_piste.9815,9815,K-7305,GYLDENINTIE,,Katu,OMENAPUU,Malus,sp.,10 - 20 cm,,Helsinki/MAKA,2026-02-27,POINT (24.878770796991706 60.16306843928706)
Puurekisteri_piste.9816,9816,K-7311,GYLDENINTIE,,Katu,OMENAPUU,Malus,sp.,10 - 20 cm,,Helsinki/MAKA,2026-02-27,POINT (24.878625566052087 60.16270210989059)
Puurekisteri_piste.9817,9817,K-7934,HEIKKILÄNTIE,,Katu,HOPEASALAVA,Salix,alba,30 - 50 cm,,Helsinki/MAKA,2026-02-27,POINT (24.884304746592612 60.15657623092648)
Puurekisteri_piste.9818,9818,P-43067-251,,TERVASAARI,Puisto,VUORIJALAVA,Ulmus,glabra,0 - 10 cm,,Helsinki/MAKA,2026-02-27,POINT (24.96880367999801 60.17349774573217)
Puurekisteri_piste.9329,9329,P-43067-164,,TERVASAARI,Puisto,RAUDUSKOIVU,Betula,pendula,10 - 20 cm,,Helsinki/MAKA,2026-02-27,POINT (24.9699924028243 60.17395608913659)
Puurekisteri_piste.9332,9332,P-53003-765,,TULLISAAREN KARTANO,Puisto,ISOLEHTILEHMUS,Tilia,platyphyllos,20 - 30 cm,,Helsinki/MAKA,2026-02-27,POINT (25.03049296055486 60.18057479015968)
Puurekisteri_piste.9334,9334,P-53003-767,,TULLISAAREN KARTANO,Puisto,METSÄTAMMI,Quercus,robur,20 - 30 cm,,Helsinki/MAKA,2026-02-27,POINT (25.030608531851428 60.18036072786983)
Puurekisteri_piste.9339,9339,P-53003-1882,,TULLISAAREN KARTANO,Puisto,METSÄMÄNTY,Pinus,sylvestris,20 - 30 cm,,Helsinki/MAKA,2026-02-27,POINT (25.023753840707176 60.17762564404802)
Puurekisteri_piste.9340,9340,P-53003-1883,,TULLISAAREN KARTANO,Puisto,RAUDUSKOIVU,Betula,pendula,10 - 20 cm,,Helsinki/MAKA,2026-02-27,POINT (25.02365226959835 60.17763415984707)
Puurekisteri_piste.9341,9341,P-53003-1884,,TULLISAAREN KARTANO,Puisto,RAUDUSKOIVU,Betula,pendula,20 - 30 cm,,Helsinki/MAKA,2026-02-27,POINT (25.02362255044374 60.17765459285248)
Puurekisteri_piste.9342,9342,P-53003-1885,,TULLISAAREN KARTANO,Puisto,METSÄMÄNTY,Pinus,sylvestris,20 - 30 cm,,Helsinki/MAKA,2026-02-27,POINT (25.023677283043376 60.17765989601283)
Puurekisteri_piste.9343,9343,P-53003-1886,,TULLISAAREN KARTANO,Puisto,METSÄMÄNTY,Pinus,sylvestris,30 - 50 cm,,Helsinki/MAKA,2026-02-27,POINT (25.023726197571104 60.177670317819505)
Puurekisteri_piste.51703,51703,P-42006-2,,KAIVOPUISTO (ITÄ),Puisto,KATSURA,Cercidiphyllum,japonicum,0 - 10 cm,,Helsinki/MAKA,2026-02-27,POINT (24.961995153870728 60.155833430199216)
Puurekisteri_piste.9346,9346,K-9296,POHJOLANKATU,,Katu,PUISTOLEHMUS,Tilia,x vulgaris,30 - 50 cm,,Helsinki/MAKA,2026-02-27,POINT (24.943827898349717 60.213365580593575)
Puurekisteri_piste.9347,9347,K-9297,POHJOLANKATU,,Katu,PUISTOLEHMUS,Tilia,x vulgaris,20 - 30 cm,,Helsinki/MAKA,2026-02-27,POINT (24.943886378909355 60.21342211455654)
Puurekisteri_piste.9348,9348,P-42003-12,,MYLLYRINNE,Puisto,METSÄVAAHTERA,Acer,platanoides,10 - 20 cm,,Helsinki/MAKA,2026-02-27,POINT (24.955875465470452 60.15976007284037)
Puurekisteri_piste.9349,9349,P-42003-13,,MYLLYRINNE,Puisto,METSÄVAAHTERA,Acer,platanoides,20 - 30 cm,,Helsinki/MAKA,2026-02-27,POINT (24.955864292336482 60.15974394532777)
Puurekisteri_piste.9086,9086,K-7683,KATAJAHARJUNTIE,,Katu,METSÄMÄNTY,Pinus,sylvestris,50 - 70 cm,,Helsinki/MAKA,2026-02-27,POINT (24.85806062499182 60.165722820404476)
Puurekisteri_piste.9088,9088,K-7083,SELKÄMERENKATU,,Katu,PUISTOLEHMUS,Tilia,x vulgaris,10 - 20 cm,,Helsinki/MAKA,2026-02-27,POINT (24.915508436761264 60.16204609522402)
Puurekisteri_piste.9089,9089,K-7084,SELKÄMERENKATU,,Katu,PUISTOLEHMUS,Tilia,x vulgaris,10 - 20 cm,,Helsinki/MAKA,2026-02-27,POINT (24.91547888360428 60.16216394029181)
Puurekisteri_piste.9090,9090,K-7348,OTAVANTIE,,Katu,RAUDUSKOIVU,Betula,pendula,10 - 20 cm,,Helsinki/MAKA,2026-02-27,POINT (24.87955442788028 60.15870801545618)
Puurekisteri_piste.9091,9091,K-7349,OTAVANTIE,,Katu,RAUDUSKOIVU,Betula,pendula,10 - 20 cm,,Helsinki/MAKA,2026-02-27,POINT (24.87950409418416 60.15863862046562)
Puurekisteri_piste.9092,9092,K-735,RATAMESTARINKATU,,Katu,PUISTOLEHMUS,Tilia,x vulgaris,20 - 30 cm,,Helsinki/MAKA,2026-02-27,POINT (24.938174659800193 60.202190073796125)
Puurekisteri_piste.9093,9093,P-44017-217,,KATRI VALAN PUISTO,Puisto,Määrittelemättä,Määrittelemättä,Määrittelemättä,10 - 20 cm,,Helsinki/MAKA,2026-02-27,POINT (24.963557003341244 60.1860477928538)
Puurekisteri_piste.9094,9094,P-43067-265,,TERVASAARI,Puisto,METSÄVAAHTERA,Acer,platanoides,0 - 10 cm,,Helsinki/MAKA,2026-02-27,POINT (24.96795589676248 60.17345587268116)
Puurekisteri_piste.9095,9095,P-34019-139,,ALPPIPUISTO (ETELÄ),Puisto,PAPERIKOIVU,Betula,papyrifera,30 - 50 cm,,Helsinki/MAKA,2026-02-27,POINT (24.94093131966663 60.186435714864416)
Puurekisteri_piste.9096,9096,P-34019-140,,ALPPIPUISTO (ETELÄ),Puisto,PAPERIKOIVU,Betula,papyrifera,30 - 50 cm,,Helsinki/MAKA,2026-02-27,POINT (24.94085972351292 60.1864762726649)
Puurekisteri_piste.9097,9097,P-34019-141,,ALPPIPUISTO (ETELÄ),Puisto,RAUDUSKOIVU,Betula,pendula,30 - 50 cm,,Helsinki/MAKA,2026-02-27,POINT (24.940416727706193 60.18637095693057)
Puurekisteri_piste.9098,9098,P-32008-133,,URSININKALLIO,Puisto,ISOLEHTILEHMUS,Tilia,platyphyllos,30 - 50 cm,,Helsinki/MAKA,2026-02-27,POINT (24.943659585643093 60.15423485089545)
Puurekisteri_piste.9099,9099,P-32008-134,,URSININKALLIO,Puisto,ISOLEHTILEHMUS,Tilia,platyphyllos,50 - 70 cm,,Helsinki/MAKA,2026-02-27,POINT (24.943862821925627 60.15426777282728)
Puurekisteri_piste.9100,9100,P-42003-84,,MYLLYRINNE,Puisto,METSÄVAAHTERA,Acer,platanoides,30 - 50 cm,,Helsinki/MAKA,2026-02-27,POINT (24.95937367554412 60.15969643281019)
Puurekisteri_piste.9101,9101,K-6265,HIETANIEMENKATU,,Katu,RAUDUSKOIVU,Betula,pendula,20 - 30 cm,,Helsinki/MAKA,2026-02-27,POINT (24.917949961018287 60.17060387711567)
Puurekisteri_piste.25394,25394,K-39449,KALLVIKINTIE,,Katu,PUISTOLEHMUS,Tilia,x vulgaris,0 - 10 cm,,Helsinki/MAKA,2026-02-27,POINT (25.134979474036165 60.20673060413365)
Puurekisteri_piste.9102,9102,K-6266,HIETANIEMENKATU,,Katu,RAUDUSKOIVU,Betula,pendula,20 - 30 cm,,Helsinki/MAKA,2026-02-27,POINT (24.918078402047268 60.17056528570205)
Puurekisteri_piste.9103,9103,K-6267,HIETANIEMENKATU,,Katu,RAUDUSKOIVU,Betula,pendula,20 - 30 cm,,Helsinki/MAKA,2026-02-27,POINT (24.918200898297794 60.170525796532516)
Puurekisteri_piste.9104,9104,K-5595,RAUTATIENTORI,,Katu,PUISTOLEHMUS,Tilia,x vulgaris,10 - 20 cm,,Helsinki/MAKA,2026-02-27,POINT (24.943439283106525 60.171696026890416)
Puurekisteri_piste.9108,9108,K-2655,MUNKKINIEMEN PUISTOTIE,,Katu,RUOTSINPIHLAJA,Sorbus,intermedia,10 - 20 cm,,Helsinki/MAKA,2026-02-27,POINT (24.876823015447986 60.19830219525611)
Puurekisteri_piste.9110,9110,P-44017-284,,KATRI VALAN PUISTO,Puisto,METSÄVAAHTERA,Acer,platanoides,10 - 20 cm,,Helsinki/MAKA,2026-02-27,POINT (24.965630106032776 60.18624614785646)
Puurekisteri_piste.9111,9111,P-32008-113,,URSININKALLIO,Puisto,LEHTOSAARNI,Fraxinus,excelsior,20 - 30 cm,,Helsinki/MAKA,2026-02-27,POINT (24.94187947729056 60.154005752484096)
Puurekisteri_piste.9112,9112,K-7692,ISOKAARI,,Katu,OMENAPUU,Malus,sp.,10 - 20 cm,,Helsinki/MAKA,2026-02-27,POINT (24.859444639643964 60.162306017266346)
Puurekisteri_piste.9113,9113,K-7693,ISOKAARI,,Katu,OMENAPUU,Malus,sp.,20 - 30 cm,,Helsinki/MAKA,2026-02-27,POINT (24.859479478527323 60.162262323440565)
Puurekisteri_piste.9819,9819,P-43067-252,,TERVASAARI,Puisto,VUORIJALAVA,Ulmus,glabra,0 - 10 cm,,Helsinki/MAKA,2026-02-27,POINT (24.968730014995156 60.17348032894946)
Puurekisteri_piste.9820,9820,P-43067-253,,TERVASAARI,Puisto,RAUDUSKOIVU,Betula,pendula,30 - 50 cm,,Helsinki/MAKA,2026-02-27,POINT (24.968672337587865 60.17342765752701)
Puurekisteri_piste.9825,9825,P-43067-173,,TERVASAARI,Puisto,RAUDUSKOIVU,Betula,pendula,20 - 30 cm,,Helsinki/MAKA,2026-02-27,POINT (24.96982442960304 60.173846933565066)
Puurekisteri_piste.9826,9826,P-43067-174,,TERVASAARI,Puisto,RAUDUSKOIVU,Betula,pendula,20 - 30 cm,,Helsinki/MAKA,2026-02-27,POINT (24.969763312727217 60.173824588831906)
Puurekisteri_piste.9830,9830,P-33016-36,,KAISANIEMENPUISTO,Puisto,METSÄVAAHTERA,Acer,platanoides,30 - 50 cm,,Helsinki/MAKA,2026-02-27,POINT (24.942014449261166 60.17567661217739)
Puurekisteri_piste.9832,9832,K-2846,HUOPALAHDENTIE,,Katu,PUISTOLEHMUS,Tilia,x vulgaris,20 - 30 cm,,Helsinki/MAKA,2026-02-27,POINT (24.882673444594868 60.20123389038156)
Puurekisteri_piste.9833,9833,P-42001-331,,TÄHTITORNIN VUORI,Puisto,PUISTOLEHMUS,Tilia,x vulgaris,50 - 70 cm,,Helsinki/MAKA,2026-02-27,POINT (24.952276635178197 60.16263655200939)
Puurekisteri_piste.9834,9834,P-42001-332,,TÄHTITORNIN VUORI,Puisto,METSÄVAAHTERA,Acer,platanoides,50 - 70 cm,,Helsinki/MAKA,2026-02-27,POINT (24.95235943286672 60.16263415102115)
Puurekisteri_piste.9835,9835,P-43067-254,,TERVASAARI,Puisto,RAUDUSKOIVU,Betula,pendula,0 - 10 cm,,Helsinki/MAKA,2026-02-27,POINT (24.968550320817226 60.17325894042621)
Puurekisteri_piste.9836,9836,P-43067-255,,TERVASAARI,Puisto,HIESKOIVU,Betula,pubescens,0 - 10 cm,,Helsinki/MAKA,2026-02-27,POINT (24.968497090867178 60.173254962063226)
Puurekisteri_piste.9837,9837,K-7052,SELKÄMERENKATU,,Katu,PUISTOLEHMUS,Tilia,x vulgaris,10 - 20 cm,,Helsinki/MAKA,2026-02-27,POINT (24.91690398766383 60.160184655776206)
Puurekisteri_piste.9838,9838,K-7053,SELKÄMERENKATU,,Katu,PUISTOLEHMUS,Tilia,x vulgaris,10 - 20 cm,,Helsinki/MAKA,2026-02-27,POINT (24.91679647135346 60.16025618621715)
Puurekisteri_piste.9448,9448,P-53003-996,,TULLISAAREN KARTANO,Puisto,METSÄMÄNTY,Pinus,sylvestris,30 - 50 cm,,Helsinki/MAKA,2026-02-27,POINT (25.030903720767846 60.18103767559799)
Puurekisteri_piste.9450,9450,K-9220,MÄKELÄNKATU,,Katu,METSÄVAAHTERA,Acer,platanoides,30 - 50 cm,,Helsinki/MAKA,2026-02-27,POINT (24.944236331378534 60.21095457087)
Puurekisteri_piste.9451,9451,K-9221,MÄKELÄNKATU,,Katu,METSÄVAAHTERA,Acer,platanoides,30 - 50 cm,,Helsinki/MAKA,2026-02-27,POINT (24.9442174431464 60.211023414576125)
Puurekisteri_piste.9452,9452,P-24032-23,,MUNKKINIEMEN PUISTOTIE PUISTOKAISTAT,Puisto,PUISTOLEHMUS,Tilia,x vulgaris,50 - 70 cm,,Helsinki/MAKA,2026-02-27,POINT (24.881642664449583 60.197130830583454)
Puurekisteri_piste.9453,9453,P-24032-24,,MUNKKINIEMEN PUISTOTIE PUISTOKAISTAT,Puisto,PUISTOLEHMUS,Tilia,x vulgaris,50 - 70 cm,,Helsinki/MAKA,2026-02-27,POINT (24.881972344010784 60.19706191872699)
Puurekisteri_piste.9454,9454,P-24032-25,,MUNKKINIEMEN PUISTOTIE PUISTOKAISTAT,Puisto,PUISTOLEHMUS,Tilia,x vulgaris,50 - 70 cm,,Helsinki/MAKA,2026-02-27,POINT (24.882140440390785 60.197028731192155)
Puurekisteri_piste.9457,9457,P-33016-374,,KAISANIEMENPUISTO,Puisto,METSÄVAAHTERA,Acer,platanoides,70 cm -,,Helsinki/MAKA,2026-02-27,POINT (24.948479978690678 60.17364045175721)
Puurekisteri_piste.9458,9458,P-33016-375,,KAISANIEMENPUISTO,Puisto,TUOMI,Prunus,padus,30 - 50 cm,,Helsinki/MAKA,2026-02-27,POINT (24.948332687886797 60.17366358065598)
Puurekisteri_piste.9459,9459,P-33016-376,,KAISANIEMENPUISTO,Puisto,METSÄTAMMI,Quercus,robur,20 - 30 cm,,Helsinki/MAKA,2026-02-27,POINT (24.948023125225525 60.173607549286984)
Puurekisteri_piste.9460,9460,P-32002-3,,KAPTEENINPUISTIKKO,Puisto,PUISTOLEHMUS,Tilia,x vulgaris,50 - 70 cm,,Helsinki/MAKA,2026-02-27,POINT (24.945529921257453 60.15794697294945)
Puurekisteri_piste.9461,9461,P-32002-4,,KAPTEENINPUISTIKKO,Puisto,PUISTOLEHMUS,Tilia,x vulgaris,50 - 70 cm,,Helsinki/MAKA,2026-02-27,POINT (24.945491790660512 60.15787645544385)
Puurekisteri_piste.9462,9462,P-32002-5,,KAPTEENINPUISTIKKO,Puisto,PUISTOLEHMUS,Tilia,x vulgaris,50 - 70 cm,,Helsinki/MAKA,2026-02-27,POINT (24.94544278180543 60.15781000848547)
Puurekisteri_piste.9463,9463,P-32002-6,,KAPTEENINPUISTIKKO,Puisto,PUISTOLEHMUS,Tilia,x vulgaris,50 - 70 cm,,Helsinki/MAKA,2026-02-27,POINT (24.945401930740022 60.15773949145701)
Puurekisteri_piste.9465,9465,P-32002-8,,KAPTEENINPUISTIKKO,Puisto,PUISTOLEHMUS,Tilia,x vulgaris,50 - 70 cm,,Helsinki/MAKA,2026-02-27,POINT (24.945325691346127 60.1576282930912)
Puurekisteri_piste.9466,9466,P-32002-9,,KAPTEENINPUISTIKKO,Puisto,PUISTOLEHMUS,Tilia,x vulgaris,50 - 70 cm,,Helsinki/MAKA,2026-02-27,POINT (24.945284846065256 60.157567270148995)
Puurekisteri_piste.9467,9467,K-9327,POHJOLANKATU,,Katu,PUISTOLEHMUS,Tilia,x vulgaris,50 - 70 cm,,Helsinki/MAKA,2026-02-27,POINT (24.94658604708423 60.214380082877426)
Puurekisteri_piste.9468,9468,K-9748,OULUNKYLÄNTIE,,Katu,METSÄVAAHTERA,Acer,platanoides,20 - 30 cm,,Helsinki/MAKA,2026-02-27,POINT (24.966388258249534 60.22370039018311)
Puurekisteri_piste.9469,9469,P-33016-223,,KAISANIEMENPUISTO,Puisto,RAUDUSKOIVU,Betula,pendula,30 - 50 cm,,Helsinki/MAKA,2026-02-27,POINT (24.943564648254654 60.17632502248424)
Puurekisteri_piste.9470,9470,K-7627,POHJOISESPLANADI,,Katu,ISOLEHTILEHMUS,Tilia,platyphyllos,30 - 50 cm,,Helsinki/MAKA,2026-02-27,POINT (24.94282468099709 60.16750079274028)
Puurekisteri_piste.9471,9471,K-7628,POHJOISESPLANADI,,Katu,METSÄLEHMUS,Tilia,cordata,30 - 50 cm,,Helsinki/MAKA,2026-02-27,POINT (24.943108639385834 60.167629899841586)
Puurekisteri_piste.9037,9037,K-7668,MANNERHEIMINTIE,,Katu,PUISTOLEHMUS,Tilia,x vulgaris,10 - 20 cm,,Helsinki/MAKA,2026-02-27,POINT (24.941519531976084 60.16779153678275)
Puurekisteri_piste.9038,9038,K-704,RAUTATIELÄISENKATU,,Katu,PYLVÄSHAAPA,Populus,tremula,0 - 10 cm,,Helsinki/MAKA,2026-02-27,POINT (24.938099686751688 60.20158021302557)
Puurekisteri_piste.9039,9039,K-6703,MALMINKATU,,Katu,ORAPIHLAJA,Crataegus,sp.,10 - 20 cm,,Helsinki/MAKA,2026-02-27,POINT (24.93238624436463 60.16725360586536)
Puurekisteri_piste.9040,9040,P-53003-1296,,TULLISAAREN KARTANO,Puisto,METSÄVAAHTERA,Acer,platanoides,20 - 30 cm,,Helsinki/MAKA,2026-02-27,POINT (25.03404217872794 60.18022737348352)
Puurekisteri_piste.9043,9043,P-24032-83,,MUNKKINIEMEN PUISTOTIE PUISTOKAISTAT,Puisto,ISOLEHTILEHMUS,Tilia,platyphyllos,30 - 50 cm,,Helsinki/MAKA,2026-02-27,POINT (24.880636839270426 60.19737989081703)
Puurekisteri_piste.9044,9044,P-24032-84,,MUNKKINIEMEN PUISTOTIE PUISTOKAISTAT,Puisto,ISOLEHTILEHMUS,Tilia,platyphyllos,50 - 70 cm,,Helsinki/MAKA,2026-02-27,POINT (24.880559164023612 60.19739745985054)
Puurekisteri_piste.9046,9046,P-35044-11,,MUNKKINIEMEN PUISTOTIE PUISTOKAISTAT,Puisto,ISOLEHTILEHMUS,Tilia,platyphyllos,20 - 30 cm,,Helsinki/MAKA,2026-02-27,POINT (24.88029420990068 60.19744977640705)
Puurekisteri_piste.9050,9050,K-7666,MANNERHEIMINTIE,,Katu,PUISTOLEHMUS,Tilia,x vulgaris,10 - 20 cm,,Helsinki/MAKA,2026-02-27,POINT (24.941705692717015 60.1676581338146)
Puurekisteri_piste.9051,9051,K-7673,MANNERHEIMINTIE,,Katu,PUISTOLEHMUS,Tilia,x vulgaris,10 - 20 cm,,Helsinki/MAKA,2026-02-27,POINT (24.941663844602385 60.16784581468396)
Puurekisteri_piste.9052,9052,K-5172,SÖRNÄISTEN RANTATIE,,Katu,PUISTOLEHMUS,Tilia,x vulgaris,10 - 20 cm,,Helsinki/MAKA,2026-02-27,POINT (24.960955109199148 60.18191671737613)
Puurekisteri_piste.9536,9536,K-3185,HUOPALAHDENTIE,,Katu,PUISTOLEHMUS,Tilia,x vulgaris,20 - 30 cm,,Helsinki/MAKA,2026-02-27,POINT (24.883027545317347 60.19983160283748)
Puurekisteri_piste.9537,9537,K-6194,,,Katu,PUISTOLEHMUS,Tilia,x vulgaris,30 - 50 cm,,Helsinki/MAKA,2026-02-27,POINT (24.906983601333227 60.170474947540676)
Puurekisteri_piste.9538,9538,K-6195,,,Katu,PUISTOLEHMUS,Tilia,x vulgaris,20 - 30 cm,,Helsinki/MAKA,2026-02-27,POINT (24.90685875412058 60.17050464299982)
Puurekisteri_piste.9539,9539,K-9292,TURSONTIE,,Katu,RAUDUSKOIVU,Betula,pendula,30 - 50 cm,,Helsinki/MAKA,2026-02-27,POINT (24.941867276558195 60.2131206148429)
Puurekisteri_piste.9541,9541,K-9294,KÄPYLÄNAUKIO,,Katu,PUISTOLEHMUS,Tilia,x vulgaris,30 - 50 cm,,Helsinki/MAKA,2026-02-27,POINT (24.943651389227135 60.21321536531254)
Puurekisteri_piste.9545,9545,P-53003-771,,TULLISAAREN KARTANO,Puisto,METSÄTAMMI,Quercus,robur,30 - 50 cm,,Helsinki/MAKA,2026-02-27,POINT (25.030416322278526 60.180386767573424)
Puurekisteri_piste.9547,9547,K-9136,HERNESAARENRANTA,,Katu,PUISTOLEHMUS,Tilia,x vulgaris,10 - 20 cm,,Helsinki/MAKA,2026-02-27,POINT (24.92643128919036 60.14882151581605)
Puurekisteri_piste.9548,9548,K-9140,HERNESAARENRANTA,,Katu,PUISTOLEHMUS,Tilia,x vulgaris,10 - 20 cm,,Helsinki/MAKA,2026-02-27,POINT (24.926094242204513 60.1485081107951)
Puurekisteri_piste.9549,9549,K-9141,HERNESAARENRANTA,,Katu,PUISTOLEHMUS,Tilia,x vulgaris,10 - 20 cm,,Helsinki/MAKA,2026-02-27,POINT (24.926009081534584 60.14843074673262)
Puurekisteri_piste.9551,9551,K-7087,SELKÄMERENKATU,,Katu,PUISTOLEHMUS,Tilia,x vulgaris,10 - 20 cm,,Helsinki/MAKA,2026-02-27,POINT (24.915452194132353 60.16239451570764)
Puurekisteri_piste.9552,9552,K-7088,SELKÄMERENKATU,,Katu,JALAVA,Ulmus,sp.,20 - 30 cm,,Helsinki/MAKA,2026-02-27,POINT (24.915763095089154 60.16197735363663)
Puurekisteri_piste.9557,9557,K-7833,ISOKAARI,,Katu,OMENAPUU,Malus,sp.,10 - 20 cm,,Helsinki/MAKA,2026-02-27,POINT (24.87154832946774 60.15779313090868)
Puurekisteri_piste.9561,9561,K-9447,POHJOLANKATU,,Katu,PUISTOLEHMUS,Tilia,x vulgaris,0 - 10 cm,,Helsinki/MAKA,2026-02-27,POINT (24.95560276900469 60.21743561691922)
Puurekisteri_piste.9562,9562,K-9448,POHJOLANKATU,,Katu,PUISTOLEHMUS,Tilia,x vulgaris,0 - 10 cm,,Helsinki/MAKA,2026-02-27,POINT (24.955736662866858 60.21747417520278)
Puurekisteri_piste.9563,9563,P-32031-45,,SINEBRYCHOFFIN PUISTO,Puisto,SAARNIVAAHTERA,Acer,negundo,10 - 20 cm,,Helsinki/MAKA,2026-02-27,POINT (24.933182554667678 60.161421339925646)
Puurekisteri_piste.9564,9564,P-32031-46,,SINEBRYCHOFFIN PUISTO,Puisto,SAARNIVAAHTERA,Acer,negundo,10 - 20 cm,,Helsinki/MAKA,2026-02-27,POINT (24.933116444832784 60.16139827597933)
Puurekisteri_piste.9566,9566,P-43067-109,,TERVASAARI,Puisto,RAUDUSKOIVU,Betula,pendula,10 - 20 cm,,Helsinki/MAKA,2026-02-27,POINT (24.969123682338687 60.17428512597131)
Puurekisteri_piste.9568,9568,P-43067-111,,TERVASAARI,Puisto,RAUDUSKOIVU,Betula,pendula,10 - 20 cm,,Helsinki/MAKA,2026-02-27,POINT (24.969070226523435 60.174273307970296)
Puurekisteri_piste.9431,9431,P-43067-337,,TERVASAARI,Puisto,KOTIPIHLAJA,Sorbus,aucuparia,0 - 10 cm,,Helsinki/MAKA,2026-02-27,POINT (24.96916162429619 60.17291378075028)
Puurekisteri_piste.10171,10171,P-53003-1889,,TULLISAAREN KARTANO,Puisto,RAUDUSKOIVU,Betula,pendula,70 cm -,,Helsinki/MAKA,2026-02-27,POINT (25.0240067878061 60.1775148439796)
Puurekisteri_piste.10172,10172,P-53003-1890,,TULLISAAREN KARTANO,Puisto,METSÄMÄNTY,Pinus,sylvestris,30 - 50 cm,,Helsinki/MAKA,2026-02-27,POINT (25.023945394810553 60.177485039902834)
Puurekisteri_piste.10178,10178,K-628,MÄKELÄNKATU,,Katu,PUISTOLEHMUS,Tilia,x vulgaris,30 - 50 cm,,Helsinki/MAKA,2026-02-27,POINT (24.944955967769044 60.2017083762195)
Puurekisteri_piste.10181,10181,K-6936,BULEVARDI,,Katu,PUISTOLEHMUS,Tilia,x vulgaris,50 - 70 cm,,Helsinki/MAKA,2026-02-27,POINT (24.93265301170482 60.162861142295945)
Puurekisteri_piste.10185,10185,P-33016-177,,KAISANIEMENPUISTO,Puisto,SIPERIANLEHTIKUUSI,Larix,sibirica,30 - 50 cm,,Helsinki/MAKA,2026-02-27,POINT (24.942344276472845 60.176742733296415)
Puurekisteri_piste.10187,10187,P-43001-246,,LAIVASTOPUISTO,Puisto,KOTIPIHLAJA,Sorbus,aucuparia,10 - 20 cm,,Helsinki/MAKA,2026-02-27,POINT (24.97911787357154 60.1682133416185)
Puurekisteri_piste.10188,10188,P-43001-247,,LAIVASTOPUISTO,Puisto,KOTIPIHLAJA,Sorbus,aucuparia,10 - 20 cm,,Helsinki/MAKA,2026-02-27,POINT (24.9791704198196 60.168198342159045)
Puurekisteri_piste.10190,10190,P-53003-1934,,TULLISAAREN KARTANO,Puisto,METSÄMÄNTY,Pinus,sylvestris,30 - 50 cm,,Helsinki/MAKA,2026-02-27,POINT (25.023607225562632 60.1772670499712)
Puurekisteri_piste.10077,10077,P-44017-146,,KATRI VALAN PUISTO,Puisto,HEVOSKASTANJA,Aesculus,hippocastanum,0 - 10 cm,,Helsinki/MAKA,2026-02-27,POINT (24.964453466782896 60.186736034024875)
Puurekisteri_piste.10078,10078,K-9402,POHJOLANKATU,,Katu,PUISTOLEHMUS,Tilia,x vulgaris,30 - 50 cm,,Helsinki/MAKA,2026-02-27,POINT (24.95059984234784 60.21580011164518)
Puurekisteri_piste.10080,10080,P-33101-3,,LASTENLEHTO,Puisto,PUISTOLEHMUS,Tilia,x vulgaris,30 - 50 cm,,Helsinki/MAKA,2026-02-27,POINT (24.929158443870023 60.16630894513856)
Puurekisteri_piste.10081,10081,P-33101-4,,LASTENLEHTO,Puisto,PUISTOLEHMUS,Tilia,x vulgaris,50 - 70 cm,,Helsinki/MAKA,2026-02-27,POINT (24.929024433429916 60.16625897728559)
Puurekisteri_piste.10082,10082,P-33101-5,,LASTENLEHTO,Puisto,PUISTOLEHMUS,Tilia,x vulgaris,30 - 50 cm,,Helsinki/MAKA,2026-02-27,POINT (24.928859652735312 60.166201637980606)
Puurekisteri_piste.10083,10083,P-33101-6,,LASTENLEHTO,Puisto,PUISTOLEHMUS,Tilia,x vulgaris,50 - 70 cm,,Helsinki/MAKA,2026-02-27,POINT (24.928711948754675 60.16616463463785)
Puurekisteri_piste.10085,10085,P-33101-103,,LASTENLEHTO,Puisto,AITAORAPIHLAJA,Crataegus,grayana,10 - 20 cm,,Helsinki/MAKA,2026-02-27,POINT (24.929444194628307 60.166468893733665)
Puurekisteri_piste.10087,10087,P-33044-302,,TOPELIUKSEN PUISTO/POHJ.,Puisto,PUISTOLEHMUS,Tilia,x vulgaris,50 - 70 cm,,Helsinki/MAKA,2026-02-27,POINT (24.920970364890714 60.18070891471343)
Puurekisteri_piste.10088,10088,P-33044-303,,TOPELIUKSEN PUISTO/POHJ.,Puisto,PUISTOLEHMUS,Tilia,x vulgaris,50 - 70 cm,,Helsinki/MAKA,2026-02-27,POINT (24.920896785552845 60.180777157802076)
Puurekisteri_piste.10089,10089,P-54037-181,,HERTTONIEMENKARTANO,Puisto,KUUSI,Picea,sp.,10 - 20 cm,,Helsinki/MAKA,2026-02-27,POINT (25.041703166795493 60.188290470163224)
Puurekisteri_piste.10090,10090,P-54037-182,,HERTTONIEMENKARTANO,Puisto,KUUSI,Picea,sp.,10 - 20 cm,,Helsinki/MAKA,2026-02-27,POINT (25.0416900173088 60.18824947213602)
Puurekisteri_piste.10091,10091,P-54037-183,,HERTTONIEMENKARTANO,Puisto,SERBIANKUUSI,Picea,omorika,0 - 10 cm,,Helsinki/MAKA,2026-02-27,POINT (25.04170291403928 60.188221831630294)
Puurekisteri_piste.10092,10092,P-54037-184,,HERTTONIEMENKARTANO,Puisto,MÄNTY,Pinus,sp.,50 - 70 cm,,Helsinki/MAKA,2026-02-27,POINT (25.041995404810265 60.18764793172229)
Puurekisteri_piste.10103,10103,K-743,RATAPIHANTIE,,Katu,VUORIJALAVA,Ulmus,glabra,10 - 20 cm,,Helsinki/MAKA,2026-02-27,POINT (24.932917630918844 60.20392612639871)
Puurekisteri_piste.9752,9752,P-53003-951,,TULLISAAREN KARTANO,Puisto,RAUDUSKOIVU,Betula,pendula,30 - 50 cm,,Helsinki/MAKA,2026-02-27,POINT (25.03014085745129 60.18090435130765)
Puurekisteri_piste.9753,9753,P-53003-952,,TULLISAAREN KARTANO,Puisto,METSÄKUUSI,Picea,abies,20 - 30 cm,,Helsinki/MAKA,2026-02-27,POINT (25.030263205034796 60.18090846856667)
Puurekisteri_piste.9754,9754,P-53003-953,,TULLISAAREN KARTANO,Puisto,METSÄKUUSI,Picea,abies,30 - 50 cm,,Helsinki/MAKA,2026-02-27,POINT (25.030297363018448 60.18092802447932)
Puurekisteri_piste.9755,9755,P-33016-224,,KAISANIEMENPUISTO,Puisto,RAUDUSKOIVU,Betula,pendula,30 - 50 cm,,Helsinki/MAKA,2026-02-27,POINT (24.943612723965863 60.17634483703537)
Puurekisteri_piste.9756,9756,K-4991,ENSI LINJA,,Katu,METSÄVAAHTERA,Acer,platanoides,10 - 20 cm,,Helsinki/MAKA,2026-02-27,POINT (24.941242374156335 60.18308732438905)
Puurekisteri_piste.9757,9757,P-42003-2,,MYLLYRINNE,Puisto,PUISTOLEHMUS,Tilia,x vulgaris,50 - 70 cm,,Helsinki/MAKA,2026-02-27,POINT (24.956178415817405 60.160442273277965)
Puurekisteri_piste.9758,9758,P-42003-3,,MYLLYRINNE,Puisto,PUISTOLEHMUS,Tilia,x vulgaris,50 - 70 cm,,Helsinki/MAKA,2026-02-27,POINT (24.95615047124537 60.160391106961434)
Puurekisteri_piste.9760,9760,K-9511,KÄPYLÄNTIE,,Katu,PUISTOLEHMUS,Tilia,x vulgaris,30 - 50 cm,,Helsinki/MAKA,2026-02-27,POINT (24.959088042712295 60.21609527328954)
Puurekisteri_piste.9761,9761,K-9512,KÄPYLÄNTIE,,Katu,PUISTOLEHMUS,Tilia,x vulgaris,30 - 50 cm,,Helsinki/MAKA,2026-02-27,POINT (24.95914315451601 60.21617522694964)
Puurekisteri_piste.9762,9762,K-9629,POHJOLANKATU,,Katu,PUISTOLEHMUS,Tilia,x vulgaris,0 - 10 cm,,Helsinki/MAKA,2026-02-27,POINT (24.959591416894806 60.21860793187231)
Puurekisteri_piste.9763,9763,K-963,RATAMESTARINKATU,,Katu,PUISTOLEHMUS,Tilia,x vulgaris,20 - 30 cm,,Helsinki/MAKA,2026-02-27,POINT (24.9403437045257 60.19813087425673)
Puurekisteri_piste.9764,9764,P-33102-2,,LAPINLAHDEN PUISTIKKO,Puisto,VUORIJALAVA,Ulmus,glabra,10 - 20 cm,,Helsinki/MAKA,2026-02-27,POINT (24.931151214671804 60.16596023882294)
Puurekisteri_piste.9766,9766,P-33102-4,,LAPINLAHDEN PUISTIKKO,Puisto,VUORIJALAVA,Ulmus,glabra,10 - 20 cm,,Helsinki/MAKA,2026-02-27,POINT (24.93098501254431 60.166079848292625)
Puurekisteri_piste.9767,9767,P-33102-5,,LAPINLAHDEN PUISTIKKO,Puisto,VUORIJALAVA,Ulmus,glabra,10 - 20 cm,,Helsinki/MAKA,2026-02-27,POINT (24.930895785398587 60.16613970188876)
Puurekisteri_piste.9768,9768,P-33102-6,,LAPINLAHDEN PUISTIKKO,Puisto,VUORIJALAVA,Ulmus,glabra,20 - 30 cm,,Helsinki/MAKA,2026-02-27,POINT (24.930806558781804 60.1662023108599)
Puurekisteri_piste.9769,9769,P-33102-7,,LAPINLAHDEN PUISTIKKO,Puisto,VUORIJALAVA,Ulmus,glabra,10 - 20 cm,,Helsinki/MAKA,2026-02-27,POINT (24.930721274340495 60.16626429118924)
Puurekisteri_piste.9772,9772,P-32001-21,,VUORIMIEHENPUISTIKKO,Puisto,VUORIJALAVA,Ulmus,glabra,70 cm -,,Helsinki/MAKA,2026-02-27,POINT (24.948438535111737 60.1594801956697)
Puurekisteri_piste.9773,9773,P-32001-22,,VUORIMIEHENPUISTIKKO,Puisto,VUORIJALAVA,Ulmus,glabra,50 - 70 cm,,Helsinki/MAKA,2026-02-27,POINT (24.94845075165653 60.159450575354896)
Puurekisteri_piste.9774,9774,P-32001-23,,VUORIMIEHENPUISTIKKO,Puisto,VUORIJALAVA,Ulmus,glabra,70 cm -,,Helsinki/MAKA,2026-02-27,POINT (24.948476951277716 60.15939140886353)
Puurekisteri_piste.9777,9777,P-24032-26,,MUNKKINIEMEN PUISTOTIE PUISTOKAISTAT,Puisto,PUISTOLEHMUS,Tilia,x vulgaris,30 - 50 cm,,Helsinki/MAKA,2026-02-27,POINT (24.88222682631141 60.197011717536085)
Puurekisteri_piste.9792,9792,P-32031-181,,SINEBRYCHOFFIN PUISTO,Puisto,METSÄTAMMI,Quercus,robur,10 - 20 cm,,Helsinki/MAKA,2026-02-27,POINT (24.933941858165316 60.161855234057505)
Puurekisteri_piste.9794,9794,K-7442,MANNERHEIMINTIE,,Katu,PUISTOLEHMUS,Tilia,x vulgaris,20 - 30 cm,,Helsinki/MAKA,2026-02-27,POINT (24.936842300507397 60.17071177802105)
Puurekisteri_piste.9796,9796,K-7444,SALOMONKATU,,Katu,PUISTOLEHMUS,Tilia,x vulgaris,20 - 30 cm,,Helsinki/MAKA,2026-02-27,POINT (24.935968726009193 60.17073871758955)
Puurekisteri_piste.9798,9798,K-7646,,,Katu,PUISTOLEHMUS,Tilia,x vulgaris,30 - 50 cm,,Helsinki/MAKA,2026-02-27,POINT (24.943835548079694 60.16499371849714)
Puurekisteri_piste.9799,9799,P-32031-211,,SINEBRYCHOFFIN PUISTO,Puisto,METSÄTAMMI,Quercus,robur,30 - 50 cm,,Helsinki/MAKA,2026-02-27,POINT (24.93371594873018 60.16219047391326)
Puurekisteri_piste.9801,9801,P-34019-178,,ALPPIPUISTO (ETELÄ),Puisto,TUOKSUPOPPELI,Populus,suaveolens,10 - 20 cm,,Helsinki/MAKA,2026-02-27,POINT (24.93953455143098 60.187066085989244)
Puurekisteri_piste.9802,9802,P-34019-179,,ALPPIPUISTO (ETELÄ),Puisto,METSÄHAAPA,Populus,tremula,10 - 20 cm,,Helsinki/MAKA,2026-02-27,POINT (24.939549437870106 60.18706855565802)
Puurekisteri_piste.9803,9803,P-34019-180,,ALPPIPUISTO (ETELÄ),Puisto,METSÄHAAPA,Populus,tremula,10 - 20 cm,,Helsinki/MAKA,2026-02-27,POINT (24.93954944308982 60.18707761892032)
Puurekisteri_piste.9804,9804,P-34019-181,,ALPPIPUISTO (ETELÄ),Puisto,METSÄHAAPA,Populus,tremula,10 - 20 cm,,Helsinki/MAKA,2026-02-27,POINT (24.939527943227986 60.18707679806258)
Puurekisteri_piste.9806,9806,P-32030-42,,TELAKANPUISTIKKO,Puisto,METSÄVAAHTERA,Acer,platanoides,20 - 30 cm,,Helsinki/MAKA,2026-02-27,POINT (24.93339622807447 60.15960245652064)
Puurekisteri_piste.8933,8933,K-9747,OULUNKYLÄNTIE,,Katu,METSÄVAAHTERA,Acer,platanoides,20 - 30 cm,,Helsinki/MAKA,2026-02-27,POINT (24.966296844857872 60.22361668249908)
Puurekisteri_piste.8935,8935,K-5744,KAISANIEMENRANTA,,Katu,PUISTOLEHMUS,Tilia,x vulgaris,30 - 50 cm,,Helsinki/MAKA,2026-02-27,POINT (24.94632397815349 60.17614519505577)
Puurekisteri_piste.8936,8936,K-5745,KAISANIEMENRANTA,,Katu,PUISTOLEHMUS,Tilia,x vulgaris,30 - 50 cm,,Helsinki/MAKA,2026-02-27,POINT (24.946190666697717 60.176161645701605)
Puurekisteri_piste.8937,8937,K-6041,,,Katu,POPPELI/HAAPA,Populus,sp.,70 cm -,,Helsinki/MAKA,2026-02-27,POINT (24.931763820396508 60.175943930162056)
Puurekisteri_piste.8939,8939,K-9617,KÄPYLÄNTIE,,Katu,PUISTOLEHMUS,Tilia,x vulgaris,30 - 50 cm,,Helsinki/MAKA,2026-02-27,POINT (24.961064262448378 60.21894415340968)
Puurekisteri_piste.8940,8940,P-43067-306,,TERVASAARI,Puisto,VUORIJALAVA,Ulmus,glabra,0 - 10 cm,,Helsinki/MAKA,2026-02-27,POINT (24.968084708404223 60.173323756442805)
Puurekisteri_piste.8941,8941,P-43067-307,,TERVASAARI,Puisto,RAUDUSKOIVU,Betula,pendula,10 - 20 cm,,Helsinki/MAKA,2026-02-27,POINT (24.96816659337092 60.17329650491124)
Puurekisteri_piste.8943,8943,P-34019-167,,ALPPIPUISTO (ETELÄ),Puisto,VUORIJALAVA,Ulmus,glabra,10 - 20 cm,,Helsinki/MAKA,2026-02-27,POINT (24.939702510527617 60.18696274356303)
Puurekisteri_piste.8944,8944,P-34019-168,,ALPPIPUISTO (ETELÄ),Puisto,VUORIJALAVA,Ulmus,glabra,0 - 10 cm,,Helsinki/MAKA,2026-02-27,POINT (24.939685965238876 60.18694956301537)
Puurekisteri_piste.8945,8945,P-44017-245,,KATRI VALAN PUISTO,Puisto,SIPERIANSEMBRA,Pinus,cembra,0 - 10 cm,,Helsinki/MAKA,2026-02-27,POINT (24.963971848344972 60.187028079327796)
Puurekisteri_piste.8946,8946,P-34019-58,,ALPPIPUISTO (ETELÄ),Puisto,OMENAPUU,Malus,sp.,10 - 20 cm,,Helsinki/MAKA,2026-02-27,POINT (24.941735976508376 60.18715723514642)
Puurekisteri_piste.8947,8947,P-32001-38,,VUORIMIEHENPUISTIKKO,Puisto,VUORIJALAVA,Ulmus,glabra,70 cm -,,Helsinki/MAKA,2026-02-27,POINT (24.947572494885954 60.159099123760924)
Puurekisteri_piste.8948,8948,P-32001-39,,VUORIMIEHENPUISTIKKO,Puisto,PUISTOLEHMUS,Tilia,x vulgaris,20 - 30 cm,,Helsinki/MAKA,2026-02-27,POINT (24.948054202735655 60.15923411719052)
Puurekisteri_piste.8949,8949,P-32001-40,,VUORIMIEHENPUISTIKKO,Puisto,PUISTOLEHMUS,Tilia,x vulgaris,30 - 50 cm,,Helsinki/MAKA,2026-02-27,POINT (24.9481229426118 60.15922730769205)
Puurekisteri_piste.8950,8950,P-32001-41,,VUORIMIEHENPUISTIKKO,Puisto,PUISTOLEHMUS,Tilia,x vulgaris,20 - 30 cm,,Helsinki/MAKA,2026-02-27,POINT (24.948089585689686 60.159162932675464)
Puurekisteri_piste.8951,8951,P-53003-710,,TULLISAAREN KARTANO,Puisto,RAUDUSKOIVU,Betula,pendula,30 - 50 cm,,Helsinki/MAKA,2026-02-27,POINT (25.030980756897407 60.18029102574845)
Puurekisteri_piste.9350,9350,P-42003-14,,MYLLYRINNE,Puisto,VUORIJALAVA,Ulmus,glabra,10 - 20 cm,,Helsinki/MAKA,2026-02-27,POINT (24.955834148654098 60.15972003495393)
Puurekisteri_piste.9351,9351,K-7165,ITÄMERENKATU,,Katu,PUISTOLEHMUS,Tilia,x vulgaris,10 - 20 cm,,Helsinki/MAKA,2026-02-27,POINT (24.911216512061767 60.16332215438021)
Puurekisteri_piste.9352,9352,K-7166,ITÄMERENKATU,,Katu,PUISTOLEHMUS,Tilia,x vulgaris,10 - 20 cm,,Helsinki/MAKA,2026-02-27,POINT (24.911034614959032 60.1633167561866)
Puurekisteri_piste.9354,9354,P-43067-161,,TERVASAARI,Puisto,RAUDUSKOIVU,Betula,pendula,20 - 30 cm,,Helsinki/MAKA,2026-02-27,POINT (24.970046871284346 60.173982534375774)
Puurekisteri_piste.9355,9355,P-53003-1037,,TULLISAAREN KARTANO,Puisto,METSÄVAAHTERA,Acer,platanoides,20 - 30 cm,,Helsinki/MAKA,2026-02-27,POINT (25.0314409295645 60.181056075762555)
Puurekisteri_piste.9356,9356,P-53003-1038,,TULLISAAREN KARTANO,Puisto,METSÄVAAHTERA,Acer,platanoides,30 - 50 cm,,Helsinki/MAKA,2026-02-27,POINT (25.031483609969403 60.181027031816626)
Puurekisteri_piste.9357,9357,P-53003-1039,,TULLISAAREN KARTANO,Puisto,METSÄVAAHTERA,Acer,platanoides,30 - 50 cm,,Helsinki/MAKA,2026-02-27,POINT (25.03155475153491 60.181053925208765)
Puurekisteri_piste.9360,9360,K-9452,POHJOLANKATU,,Katu,PUISTOLEHMUS,Tilia,x vulgaris,0 - 10 cm,,Helsinki/MAKA,2026-02-27,POINT (24.956295708204888 60.21764258160842)
Puurekisteri_piste.9361,9361,K-7123,ITÄMERENKATU,,Katu,PUISTOLEHMUS,Tilia,x vulgaris,10 - 20 cm,,Helsinki/MAKA,2026-02-27,POINT (24.916329125114476 60.16332295570272)
Puurekisteri_piste.9362,9362,K-5505,POHJOISRANTA,,Katu,PUISTOLEHMUS,Tilia,x vulgaris,10 - 20 cm,,Helsinki/MAKA,2026-02-27,POINT (24.961468310283337 60.17320924201061)
Puurekisteri_piste.9364,9364,K-5507,POHJOISRANTA,,Katu,PUISTOLEHMUS,Tilia,x vulgaris,10 - 20 cm,,Helsinki/MAKA,2026-02-27,POINT (24.961378729599947 60.173027429473144)
Puurekisteri_piste.9365,9365,K-5508,POHJOISRANTA,,Katu,PUISTOLEHMUS,Tilia,x vulgaris,10 - 20 cm,,Helsinki/MAKA,2026-02-27,POINT (24.961329794946632 60.1729355371592)
Puurekisteri_piste.9366,9366,K-741,RAUTATIELÄISENKATU,,Katu,METSÄVAAHTERA,Acer,platanoides,10 - 20 cm,,Helsinki/MAKA,2026-02-27,POINT (24.939885053746078 60.201826157777916)
Puurekisteri_piste.9367,9367,P-43001-215,,LAIVASTOPUISTO,Puisto,PURPPURATUOMI,Prunus,padus,10 - 20 cm,,Helsinki/MAKA,2026-02-27,POINT (24.977990302375254 60.16866855752866)
Puurekisteri_piste.9368,9368,P-43001-216,,LAIVASTOPUISTO,Puisto,PURPPURATUOMI,Prunus,padus,10 - 20 cm,,Helsinki/MAKA,2026-02-27,POINT (24.977949931516047 60.16866810648993)
Puurekisteri_piste.9369,9369,P-33031-21,,HAKASALMENPUISTO,Puisto,PUISTOLEHMUS,Tilia,x vulgaris,70 cm -,,Helsinki/MAKA,2026-02-27,POINT (24.93391687130175 60.17485827115043)
Puurekisteri_piste.9370,9370,P-33031-22,,HAKASALMENPUISTO,Puisto,PUISTOLEHMUS,Tilia,x vulgaris,70 cm -,,Helsinki/MAKA,2026-02-27,POINT (24.934042614843094 60.17488541329547)
Puurekisteri_piste.9371,9371,P-34019-225,,ALPPIPUISTO (ETELÄ),Puisto,METSÄHAAPA,Populus,tremula,10 - 20 cm,,Helsinki/MAKA,2026-02-27,POINT (24.938765858557936 60.18649835008524)
Puurekisteri_piste.9373,9373,K-885,ASEMAPÄÄLLIKÖNKATU,,Katu,PUISTOLEHMUS,Tilia,x vulgaris,20 - 30 cm,,Helsinki/MAKA,2026-02-27,POINT (24.94282797396541 60.199042909490615)
Puurekisteri_piste.9375,9375,K-887,ASEMAPÄÄLLIKÖNKATU,,Katu,PUISTOLEHMUS,Tilia,x vulgaris,20 - 30 cm,,Helsinki/MAKA,2026-02-27,POINT (24.942917415325393 60.19906623024004)
Puurekisteri_piste.10105,10105,K-1037,MÄKELÄNKATU,,Katu,PUISTOLEHMUS,Tilia,x vulgaris,30 - 50 cm,,Helsinki/MAKA,2026-02-27,POINT (24.94566284846681 60.19967507258884)
Puurekisteri_piste.10106,10106,K-1069,MÄKELÄNKATU,,Katu,PUISTOLEHMUS,Tilia,x vulgaris,20 - 30 cm,,Helsinki/MAKA,2026-02-27,POINT (24.946804397348586 60.198882064713196)
Puurekisteri_piste.10110,10110,P-34020-1,,ALPPIPUISTO,Puisto,TERVALEPPÄ,Alnus,glutinosa,20 - 30 cm,,Helsinki/MAKA,2026-02-27,POINT (24.93613328059485 60.18801505690353)
Puurekisteri_piste.10114,10114,P-32008-74,,URSININKALLIO,Puisto,METSÄMÄNTY,Pinus,sylvestris,10 - 20 cm,,Helsinki/MAKA,2026-02-27,POINT (24.940313601664254 60.1540089586001)
Puurekisteri_piste.10115,10115,P-32008-75,,URSININKALLIO,Puisto,METSÄVAAHTERA,Acer,platanoides,30 - 50 cm,,Helsinki/MAKA,2026-02-27,POINT (24.940452411746183 60.15406166983941)
Puurekisteri_piste.10116,10116,P-32008-76,,URSININKALLIO,Puisto,METSÄVAAHTERA,Acer,platanoides,20 - 30 cm,,Helsinki/MAKA,2026-02-27,POINT (24.940523472882898 60.15409461665919)
Puurekisteri_piste.10117,10117,P-33253-73,,TOIVO KUULAN PUISTO,Puisto,RAUDUSKOIVU,Betula,pendula,30 - 50 cm,,Helsinki/MAKA,2026-02-27,POINT (24.912104210547984 60.17855236320424)
Puurekisteri_piste.10118,10118,P-33253-74,,TOIVO KUULAN PUISTO,Puisto,RAUDUSKOIVU,Betula,pendula,30 - 50 cm,,Helsinki/MAKA,2026-02-27,POINT (24.91208642084612 60.17858879825955)
Puurekisteri_piste.10119,10119,P-33253-75,,TOIVO KUULAN PUISTO,Puisto,RAUDUSKOIVU,Betula,pendula,30 - 50 cm,,Helsinki/MAKA,2026-02-27,POINT (24.91209530591605 60.17860849426498)
Puurekisteri_piste.9588,9588,P-33031-89,,HAKASALMENPUISTO,Puisto,TUOMI,Prunus,padus,20 - 30 cm,,Helsinki/MAKA,2026-02-27,POINT (24.931868189911263 60.17662955952141)
Puurekisteri_piste.9589,9589,P-33044-206,,TOPELIUKSEN PUISTO/POHJ.,Puisto,METSÄTAMMI,Quercus,robur,50 - 70 cm,,Helsinki/MAKA,2026-02-27,POINT (24.919224058992764 60.181084394807314)
Puurekisteri_piste.9590,9590,P-33044-207,,TOPELIUKSEN PUISTO/POHJ.,Puisto,PUISTOLEHMUS,Tilia,x vulgaris,50 - 70 cm,,Helsinki/MAKA,2026-02-27,POINT (24.919185509879885 60.181032239764974)
Puurekisteri_piste.9591,9591,K-9453,POHJOLANKATU,,Katu,PUISTOLEHMUS,Tilia,x vulgaris,0 - 10 cm,,Helsinki/MAKA,2026-02-27,POINT (24.95643104295741 60.2176775486977)
Puurekisteri_piste.9592,9592,P-53003-1045,,TULLISAAREN KARTANO,Puisto,METSÄKUUSI,Picea,abies,50 - 70 cm,,Helsinki/MAKA,2026-02-27,POINT (25.031884645182828 60.180966498293635)
Puurekisteri_piste.9593,9593,P-53003-1046,,TULLISAAREN KARTANO,Puisto,METSÄKUUSI,Picea,abies,50 - 70 cm,,Helsinki/MAKA,2026-02-27,POINT (25.03184983735741 60.18095222083639)
Puurekisteri_piste.9595,9595,P-43067-362,,TERVASAARI,Puisto,METSÄVAAHTERA,Acer,platanoides,0 - 10 cm,,Helsinki/MAKA,2026-02-27,POINT (24.968951255469708 60.17285729603022)
Puurekisteri_piste.9596,9596,P-43067-363,,TERVASAARI,Puisto,METSÄVAAHTERA,Acer,platanoides,0 - 10 cm,,Helsinki/MAKA,2026-02-27,POINT (24.96889079973827 60.17285169413665)
Puurekisteri_piste.9597,9597,P-43067-364,,TERVASAARI,Puisto,BERLIININPOPPELI,Populus,x berolinensis,70 cm -,,Helsinki/MAKA,2026-02-27,POINT (24.969063186429086 60.17279137444501)
Puurekisteri_piste.9598,9598,P-43001-309,,LAIVASTOPUISTO,Puisto,METSÄVAAHTERA,Acer,platanoides,10 - 20 cm,,Helsinki/MAKA,2026-02-27,POINT (24.977825111708597 60.16672983237594)
Puurekisteri_piste.9600,9600,P-43002-1,,MERIKASARMINPUISTO,Puisto,RAUDUSKOIVU,Betula,pendula,0 - 10 cm,,Helsinki/MAKA,2026-02-27,POINT (24.974644590277816 60.16855136137346)
Puurekisteri_piste.9602,9602,K-9436,POHJOLANKATU,,Katu,PUISTOLEHMUS,Tilia,x vulgaris,30 - 50 cm,,Helsinki/MAKA,2026-02-27,POINT (24.9537942561221 60.21666241331952)
Puurekisteri_piste.9603,9603,K-9437,POHJOLANKATU,,Katu,PUISTOLEHMUS,Tilia,x vulgaris,50 - 70 cm,,Helsinki/MAKA,2026-02-27,POINT (24.953075486064673 60.21656547864508)
Puurekisteri_piste.10832,10832,P-34019-91,,ALPPIPUISTO (ETELÄ),Puisto,PAPERIKOIVU,Betula,papyrifera,30 - 50 cm,,Helsinki/MAKA,2026-02-27,POINT (24.941121481578822 60.186470477456915)
Puurekisteri_piste.10833,10833,P-42005-946,,KAIVOPUISTO,Puisto,TERVALEPPÄ,Alnus,glutinosa,50 - 70 cm,,Helsinki/MAKA,2026-02-27,POINT (24.954488631588333 60.15781498823842)
Puurekisteri_piste.10838,10838,P-32031-18,,SINEBRYCHOFFIN PUISTO,Puisto,METSÄVAAHTERA,Acer,platanoides,50 - 70 cm,,Helsinki/MAKA,2026-02-27,POINT (24.933025419053102 60.161748996884526)
Puurekisteri_piste.9744,9744,K-7759,ISOKAARI,,Katu,OMENAPUU,Malus,sp.,10 - 20 cm,,Helsinki/MAKA,2026-02-27,POINT (24.861107715340165 60.15855974887977)
Puurekisteri_piste.9745,9745,K-776,RATAPIHANTIE,,Katu,VUORIJALAVA,Ulmus,glabra,20 - 30 cm,,Helsinki/MAKA,2026-02-27,POINT (24.933976643059655 60.20035727106002)
Puurekisteri_piste.9746,9746,P-42005-906,,KAIVOPUISTO,Puisto,VUORIJALAVA,Ulmus,glabra,70 cm -,,Helsinki/MAKA,2026-02-27,POINT (24.953897130707823 60.156939132625475)
Puurekisteri_piste.9747,9747,P-42005-907,,KAIVOPUISTO,Puisto,TERVALEPPÄ,Alnus,glutinosa,50 - 70 cm,,Helsinki/MAKA,2026-02-27,POINT (24.953865797354876 60.15703648354395)
Puurekisteri_piste.9748,9748,P-42005-908,,KAIVOPUISTO,Puisto,TERVALEPPÄ,Alnus,glutinosa,20 - 30 cm,,Helsinki/MAKA,2026-02-27,POINT (24.95392461732549 60.15706006225002)
Puurekisteri_piste.9749,9749,P-42005-909,,KAIVOPUISTO,Puisto,METSÄVAAHTERA,Acer,platanoides,10 - 20 cm,,Helsinki/MAKA,2026-02-27,POINT (24.953754986667267 60.1570653841294)
Puurekisteri_piste.9750,9750,K-9427,POHJOLANKATU,,Katu,PUISTOLEHMUS,Tilia,x vulgaris,30 - 50 cm,,Helsinki/MAKA,2026-02-27,POINT (24.952359472161714 60.21632951253478)
Puurekisteri_piste.9751,9751,K-9428,POHJOLANKATU,,Katu,PUISTOLEHMUS,Tilia,x vulgaris,30 - 50 cm,,Helsinki/MAKA,2026-02-27,POINT (24.952477318961794 60.21638441293563)
Puurekisteri_piste.9576,9576,K-7596,MANNERHEIMINTIE,,Katu,PUISTOLEHMUS,Tilia,x vulgaris,20 - 30 cm,,Helsinki/MAKA,2026-02-27,POINT (24.94292355059648 60.16668007160111)
Puurekisteri_piste.9577,9577,K-8047,EHRENSTRÖMINTIE,,Katu,METSÄVAAHTERA,Acer,platanoides,20 - 30 cm,,Helsinki/MAKA,2026-02-27,POINT (24.962786759669587 60.155866229771924)
Puurekisteri_piste.9579,9579,K-7386,MANNERHEIMINTIE,,Katu,PUISTOLEHMUS,Tilia,x vulgaris,10 - 20 cm,,Helsinki/MAKA,2026-02-27,POINT (24.93913543805315 60.16971512577083)
Puurekisteri_piste.9582,9582,P-44017-244,,KATRI VALAN PUISTO,Puisto,SIPERIANSEMBRA,Pinus,cembra,0 - 10 cm,,Helsinki/MAKA,2026-02-27,POINT (24.963996662467235 60.187033838743716)
Puurekisteri_piste.9584,9584,P-34019-157,,ALPPIPUISTO (ETELÄ),Puisto,TERVALEPPÄ,Alnus,glutinosa,30 - 50 cm,,Helsinki/MAKA,2026-02-27,POINT (24.93981983479791 60.18679307536483)
Puurekisteri_piste.9585,9585,P-34019-158,,ALPPIPUISTO (ETELÄ),Puisto,VUORIJALAVA,Ulmus,glabra,20 - 30 cm,,Helsinki/MAKA,2026-02-27,POINT (24.93990424862852 60.186915004318976)
Puurekisteri_piste.9587,9587,P-34019-160,,ALPPIPUISTO (ETELÄ),Puisto,VUORIJALAVA,Ulmus,glabra,20 - 30 cm,,Helsinki/MAKA,2026-02-27,POINT (24.93992410186483 60.18693552256638)
Puurekisteri_piste.9396,9396,P-53003-978,,TULLISAAREN KARTANO,Puisto,VUORIJALAVA,Ulmus,glabra,70 cm -,,Helsinki/MAKA,2026-02-27,POINT (25.03185508640211 60.18063202339702)
Puurekisteri_piste.9398,9398,P-53003-980,,TULLISAAREN KARTANO,Puisto,VUORIJALAVA,Ulmus,glabra,30 - 50 cm,,Helsinki/MAKA,2026-02-27,POINT (25.031770577892303 60.180723220792586)
Puurekisteri_piste.9400,9400,P-53003-982,,TULLISAAREN KARTANO,Puisto,METSÄMÄNTY,Pinus,sylvestris,50 - 70 cm,,Helsinki/MAKA,2026-02-27,POINT (25.031866456346762 60.18083226060477)
Puurekisteri_piste.9405,9405,K-9580,KÄPYLÄNTIE,,Katu,PUISTOLEHMUS,Tilia,x vulgaris,30 - 50 cm,,Helsinki/MAKA,2026-02-27,POINT (24.960598959889033 60.21861149156134)
Puurekisteri_piste.9406,9406,K-5877,KATAJANOKANLAITURI,,Katu,PUISTOLEHMUS,Tilia,x vulgaris,20 - 30 cm,,Helsinki/MAKA,2026-02-27,POINT (24.962631474219997 60.16609897910855)
Puurekisteri_piste.9407,9407,K-5878,KATAJANOKANLAITURI,,Katu,PUISTOLEHMUS,Tilia,x vulgaris,20 - 30 cm,,Helsinki/MAKA,2026-02-27,POINT (24.962531556636648 60.16613437359685)
Puurekisteri_piste.9408,9408,P-32001-12,,VUORIMIEHENPUISTIKKO,Puisto,VUORIJALAVA,Ulmus,glabra,50 - 70 cm,,Helsinki/MAKA,2026-02-27,POINT (24.947321373084083 60.159380056288775)
Puurekisteri_piste.9409,9409,P-32001-13,,VUORIMIEHENPUISTIKKO,Puisto,VUORIJALAVA,Ulmus,glabra,70 cm -,,Helsinki/MAKA,2026-02-27,POINT (24.94740319951948 60.15931795370863)
Puurekisteri_piste.9410,9410,P-32001-14,,VUORIMIEHENPUISTIKKO,Puisto,VUORIJALAVA,Ulmus,glabra,50 - 70 cm,,Helsinki/MAKA,2026-02-27,POINT (24.947581884563675 60.15941603499778)
Puurekisteri_piste.9413,9413,P-34019-120,,ALPPIPUISTO (ETELÄ),Puisto,RAUDUSKOIVU,Betula,pendula,30 - 50 cm,,Helsinki/MAKA,2026-02-27,POINT (24.94011508141722 60.18706036714109)
Puurekisteri_piste.9414,9414,P-34019-121,,ALPPIPUISTO (ETELÄ),Puisto,VUORIJALAVA,Ulmus,glabra,10 - 20 cm,,Helsinki/MAKA,2026-02-27,POINT (24.940242883206633 60.187094457129476)
Puurekisteri_piste.9415,9415,P-33016-431,,KAISANIEMENPUISTO,Puisto,LEHTOSAARNI,Fraxinus,excelsior,30 - 50 cm,,Helsinki/MAKA,2026-02-27,POINT (24.944636229437048 60.17369863410695)
Puurekisteri_piste.9416,9416,P-32030-18,,TELAKANPUISTIKKO,Puisto,VUORIJALAVA,Ulmus,glabra,50 - 70 cm,,Helsinki/MAKA,2026-02-27,POINT (24.933059778395343 60.15929272438747)
Puurekisteri_piste.9417,9417,P-32030-19,,TELAKANPUISTIKKO,Puisto,VUORIJALAVA,Ulmus,glabra,70 cm -,,Helsinki/MAKA,2026-02-27,POINT (24.932914099582383 60.15927030684638)
Puurekisteri_piste.9419,9419,P-53003-1931,,TULLISAAREN KARTANO,Puisto,METSÄMÄNTY,Pinus,sylvestris,30 - 50 cm,,Helsinki/MAKA,2026-02-27,POINT (25.02345872245373 60.177381196851776)
Puurekisteri_piste.9421,9421,P-43067-319,,TERVASAARI,Puisto,POPPELI/HAAPA,Populus,sp.,20 - 30 cm,,Helsinki/MAKA,2026-02-27,POINT (24.968266267220486 60.17312556808758)
Puurekisteri_piste.9422,9422,P-43067-320,,TERVASAARI,Puisto,POPPELI/HAAPA,Populus,sp.,30 - 50 cm,,Helsinki/MAKA,2026-02-27,POINT (24.968150202517315 60.17312159242561)
Puurekisteri_piste.9424,9424,P-43067-322,,TERVASAARI,Puisto,RAUDUSKOIVU,Betula,pendula,20 - 30 cm,,Helsinki/MAKA,2026-02-27,POINT (24.968201749139357 60.17309787277242)
Puurekisteri_piste.9425,9425,P-43067-323,,TERVASAARI,Puisto,RAUDUSKOIVU,Betula,pendula,20 - 30 cm,,Helsinki/MAKA,2026-02-27,POINT (24.96823154984948 60.17308299982235)
Puurekisteri_piste.9426,9426,P-43067-332,,TERVASAARI,Puisto,METSÄVAAHTERA,Acer,platanoides,10 - 20 cm,,Helsinki/MAKA,2026-02-27,POINT (24.968882920522795 60.17291099071578)
Puurekisteri_piste.9427,9427,P-43067-333,,TERVASAARI,Puisto,TERVALEPPÄ,Alnus,glutinosa,0 - 10 cm,,Helsinki/MAKA,2026-02-27,POINT (24.968930498902946 60.17292985387912)
Puurekisteri_piste.9428,9428,P-43067-334,,TERVASAARI,Puisto,METSÄVAAHTERA,Acer,platanoides,10 - 20 cm,,Helsinki/MAKA,2026-02-27,POINT (24.969037454175595 60.172878475061644)
Puurekisteri_piste.9429,9429,P-43067-335,,TERVASAARI,Puisto,KOTIPIHLAJA,Sorbus,aucuparia,0 - 10 cm,,Helsinki/MAKA,2026-02-27,POINT (24.969102755286457 60.1728909044464)
Puurekisteri_piste.9974,9974,P-53003-1904,,TULLISAAREN KARTANO,Puisto,METSÄMÄNTY,Pinus,sylvestris,30 - 50 cm,,Helsinki/MAKA,2026-02-27,POINT (25.024108503825822 60.17744602164628)
Puurekisteri_piste.9807,9807,P-34020-536,,ALPPIPUISTO,Puisto,RUSOKIRSIKKA,Prunus,sargentii,0 - 10 cm,,Helsinki/MAKA,2026-02-27,POINT (24.937440991220157 60.19002121616032)
Puurekisteri_piste.9808,9808,P-42005-903,,KAIVOPUISTO,Puisto,PUISTOLEHMUS,Tilia,x vulgaris,30 - 50 cm,,Helsinki/MAKA,2026-02-27,POINT (24.954247636165974 60.156999538793535)
Puurekisteri_piste.9809,9809,P-43067-103,,TERVASAARI,Puisto,RAUDUSKOIVU,Betula,pendula,10 - 20 cm,,Helsinki/MAKA,2026-02-27,POINT (24.968905046198742 60.17433156876932)
Puurekisteri_piste.9810,9810,P-43067-104,,TERVASAARI,Puisto,RAUDUSKOIVU,Betula,pendula,10 - 20 cm,,Helsinki/MAKA,2026-02-27,POINT (24.968943639251027 60.17433007557098)
Puurekisteri_piste.9811,9811,P-43067-105,,TERVASAARI,Puisto,RAUDUSKOIVU,Betula,pendula,10 - 20 cm,,Helsinki/MAKA,2026-02-27,POINT (24.969008915242807 60.17430391020889)
Puurekisteri_piste.8887,8887,K-58,KORPPAANMÄENTIE,,Katu,PILARITERVALEPPÄ,Alnus,glutinosa,10 - 20 cm,,Helsinki/MAKA,2026-02-27,POINT (24.891904088453543 60.206083579615424)
Puurekisteri_piste.8888,8888,K-580,MÄKELÄNKATU,,Katu,PUISTOLEHMUS,Tilia,x vulgaris,20 - 30 cm,,Helsinki/MAKA,2026-02-27,POINT (24.945304970342107 60.20449056026154)
Puurekisteri_piste.8889,8889,K-5801,,,Katu,PUISTOLEHMUS,Tilia,x vulgaris,20 - 30 cm,,Helsinki/MAKA,2026-02-27,POINT (24.94016559251951 60.17906313614981)
Puurekisteri_piste.8890,8890,K-5802,,,Katu,PUISTOLEHMUS,Tilia,x vulgaris,30 - 50 cm,,Helsinki/MAKA,2026-02-27,POINT (24.94013645251809 60.17914696991222)
Puurekisteri_piste.8891,8891,P-42005-979,,KAIVOPUISTO,Puisto,TERVALEPPÄ,Alnus,glutinosa,30 - 50 cm,,Helsinki/MAKA,2026-02-27,POINT (24.95458984966589 60.156755356930525)
Puurekisteri_piste.8892,8892,P-42005-980,,KAIVOPUISTO,Puisto,LEPPÄ,Alnus,sp.,30 - 50 cm,,Helsinki/MAKA,2026-02-27,POINT (24.95460622185624 60.156754536869435)
Puurekisteri_piste.8893,8893,P-44017-170,,KATRI VALAN PUISTO,Puisto,PUNASAARNI,Fraxinus,pennsylvanica,0 - 10 cm,,Helsinki/MAKA,2026-02-27,POINT (24.96445873079591 60.18562481981424)
Puurekisteri_piste.13288,13288,K-9463,,,Katu,VUORIJALAVA,Ulmus,glabra,30 - 50 cm,,Helsinki/MAKA,2026-02-27,POINT (24.935366405000014 60.1678508847489)
Puurekisteri_piste.8896,8896,K-9,KORPPAANMÄENTIE,,Katu,PILARITERVALEPPÄ,Alnus,glutinosa,10 - 20 cm,,Helsinki/MAKA,2026-02-27,POINT (24.891600385540787 60.207335744205935)
Puurekisteri_piste.8898,8898,K-747,RATAPIHANTIE,,Katu,VUORIJALAVA,Ulmus,glabra,20 - 30 cm,,Helsinki/MAKA,2026-02-27,POINT (24.93292520696022 60.203451602481714)
Puurekisteri_piste.8901,8901,P-53003-1906,,TULLISAAREN KARTANO,Puisto,METSÄMÄNTY,Pinus,sylvestris,30 - 50 cm,,Helsinki/MAKA,2026-02-27,POINT (25.024075991472948 60.177481051714)
Puurekisteri_piste.8903,8903,P-53003-1908,,TULLISAAREN KARTANO,Puisto,METSÄMÄNTY,Pinus,sylvestris,30 - 50 cm,,Helsinki/MAKA,2026-02-27,POINT (25.023994375300607 60.17743623874185)
Puurekisteri_piste.8905,8905,K-7098,SELKÄMERENKATU,,Katu,PUISTOLEHMUS,Tilia,x vulgaris,10 - 20 cm,,Helsinki/MAKA,2026-02-27,POINT (24.915574359580777 60.163165950661885)
Puurekisteri_piste.8906,8906,K-7099,SELKÄMERENKATU,,Katu,PUISTOLEHMUS,Tilia,x vulgaris,10 - 20 cm,,Helsinki/MAKA,2026-02-27,POINT (24.915561023728593 60.16322285379622)
Puurekisteri_piste.8909,8909,K-7100,SELKÄMERENKATU,,Katu,PUISTOLEHMUS,Tilia,x vulgaris,10 - 20 cm,,Helsinki/MAKA,2026-02-27,POINT (24.915388186904426 60.1628654491963)
Puurekisteri_piste.8910,8910,K-7101,SELKÄMERENKATU,,Katu,PUISTOLEHMUS,Tilia,x vulgaris,10 - 20 cm,,Helsinki/MAKA,2026-02-27,POINT (24.915385836688746 60.16292226299503)
Puurekisteri_piste.8911,8911,K-7102,SELKÄMERENKATU,,Katu,PUISTOLEHMUS,Tilia,x vulgaris,10 - 20 cm,,Helsinki/MAKA,2026-02-27,POINT (24.91536457456527 60.162990743980785)
Puurekisteri_piste.8912,8912,P-32008-114,,URSININKALLIO,Puisto,ISOLEHTILEHMUS,Tilia,platyphyllos,30 - 50 cm,,Helsinki/MAKA,2026-02-27,POINT (24.941975337975204 60.1540642356869)
Puurekisteri_piste.8913,8913,K-4222,VETURITIE,,Katu,METSÄVAAHTERA,Acer,platanoides,10 - 20 cm,,Helsinki/MAKA,2026-02-27,POINT (24.92998127004549 60.194341565231234)
Puurekisteri_piste.8914,8914,K-4226,VETURITIE,,Katu,METSÄVAAHTERA,Acer,platanoides,10 - 20 cm,,Helsinki/MAKA,2026-02-27,POINT (24.93002695766388 60.193991256192724)
Puurekisteri_piste.8915,8915,P-33016-340,,KAISANIEMENPUISTO,Puisto,METSÄVAAHTERA,Acer,platanoides,50 - 70 cm,,Helsinki/MAKA,2026-02-27,POINT (24.949358493009896 60.17453221028364)
Puurekisteri_piste.8917,8917,K-8006,ITÄINEN PUISTOTIE,,Katu,PUISTOLEHMUS,Tilia,x vulgaris,30 - 50 cm,,Helsinki/MAKA,2026-02-27,POINT (24.959512863061526 60.15745622797205)
Puurekisteri_piste.8919,8919,K-8008,EHRENSTRÖMINTIE,,Katu,METSÄVAAHTERA,Acer,platanoides,30 - 50 cm,,Helsinki/MAKA,2026-02-27,POINT (24.961406293170867 60.15923080242063)
Puurekisteri_piste.8920,8920,K-3501,TÖÖLÖNKATU,,Katu,PUISTOLEHMUS,Tilia,x vulgaris,20 - 30 cm,,Helsinki/MAKA,2026-02-27,POINT (24.919809382492435 60.18391609321465)
Puurekisteri_piste.8921,8921,K-3502,SIBELIUKSENKATU,,Katu,PUISTOLEHMUS,Tilia,x vulgaris,30 - 50 cm,,Helsinki/MAKA,2026-02-27,POINT (24.920061450848344 60.18157429773091)
Puurekisteri_piste.8922,8922,K-3503,SIBELIUKSENKATU,,Katu,PUISTOLEHMUS,Tilia,x vulgaris,30 - 50 cm,,Helsinki/MAKA,2026-02-27,POINT (24.919965279314823 60.181536456845144)
Puurekisteri_piste.8923,8923,K-3179,HUOPALAHDENTIE,,Katu,PUISTOLEHMUS,Tilia,x vulgaris,10 - 20 cm,,Helsinki/MAKA,2026-02-27,POINT (24.882866360399227 60.2001445252945)
Puurekisteri_piste.8924,8924,K-4999,ENSI LINJA,,Katu,METSÄVAAHTERA,Acer,platanoides,20 - 30 cm,,Helsinki/MAKA,2026-02-27,POINT (24.942038140355223 60.1827752162702)
Puurekisteri_piste.8925,8925,K-5,KORPPAANMÄENTIE,,Katu,PILARITERVALEPPÄ,Alnus,glutinosa,10 - 20 cm,,Helsinki/MAKA,2026-02-27,POINT (24.8913890750989 60.207080530696174)
Puurekisteri_piste.8928,8928,K-5000,ENSI LINJA,,Katu,METSÄVAAHTERA,Acer,platanoides,20 - 30 cm,,Helsinki/MAKA,2026-02-27,POINT (24.942148043641104 60.1827427078242)
Puurekisteri_piste.8929,8929,K-6662,MANNERHEIMINTIE,,Katu,PUISTOLEHMUS,Tilia,x vulgaris,50 - 70 cm,,Helsinki/MAKA,2026-02-27,POINT (24.934056732010045 60.172247409697356)
Puurekisteri_piste.8931,8931,K-6665,POHJOINEN RAUTATIEKATU,,Katu,VUORIJALAVA,Ulmus,glabra,30 - 50 cm,,Helsinki/MAKA,2026-02-27,POINT (24.931838779103142 60.171226942279056)
Puurekisteri_piste.9434,9434,K-76,KORPPAANMÄENTIE,,Katu,PILARITERVALEPPÄ,Alnus,glutinosa,20 - 30 cm,,Helsinki/MAKA,2026-02-27,POINT (24.89206667331899 60.206169418373904)
Puurekisteri_piste.9435,9435,K-760,RATAPIHANTIE,,Katu,VUORIJALAVA,Ulmus,glabra,10 - 20 cm,,Helsinki/MAKA,2026-02-27,POINT (24.933094353523312 60.202524529593575)
Puurekisteri_piste.9436,9436,K-7600,MANNERHEIMINTIE,,Katu,PUISTOLEHMUS,Tilia,x vulgaris,10 - 20 cm,,Helsinki/MAKA,2026-02-27,POINT (24.94235276966233 60.167235380702984)
Puurekisteri_piste.9439,9439,P-44017-232,,KATRI VALAN PUISTO,Puisto,VUORIJALAVA,Ulmus,glabra,10 - 20 cm,,Helsinki/MAKA,2026-02-27,POINT (24.962760894797064 60.186445355687)
Puurekisteri_piste.9440,9440,P-53003-1011,,TULLISAAREN KARTANO,Puisto,METSÄMÄNTY,Pinus,sylvestris,30 - 50 cm,,Helsinki/MAKA,2026-02-27,POINT (25.031232638946445 60.18115533196744)
Puurekisteri_piste.10841,10841,P-43067-324,,TERVASAARI,Puisto,RAUDUSKOIVU,Betula,pendula,20 - 30 cm,,Helsinki/MAKA,2026-02-27,POINT (24.96823953942415 60.17303439016257)
Puurekisteri_piste.10842,10842,P-43067-325,,TERVASAARI,Puisto,RAUDUSKOIVU,Betula,pendula,30 - 50 cm,,Helsinki/MAKA,2026-02-27,POINT (24.968241142423356 60.17302916684352)
Puurekisteri_piste.10843,10843,P-43067-326,,TERVASAARI,Puisto,POPPELI/HAAPA,Populus,sp.,20 - 30 cm,,Helsinki/MAKA,2026-02-27,POINT (24.968299205796384 60.17305204381265)
Puurekisteri_piste.10135,10135,K-1008,RATAMESTARINKATU,,Katu,PUISTOLEHMUS,Tilia,x vulgaris,10 - 20 cm,,Helsinki/MAKA,2026-02-27,POINT (24.94061613632947 60.19756467205371)
Puurekisteri_piste.10137,10137,P-53004-223,,STANSVIKINKARTANO,Puisto,RAUDUSKOIVU,Betula,pendula,20 - 30 cm,,Helsinki/MAKA,2026-02-27,POINT (25.028683120624482 60.16270273222923)
Puurekisteri_piste.10141,10141,P-24032-122,,MUNKKINIEMEN PUISTOTIE PUISTOKAISTAT,Puisto,PUISTOLEHMUS,Tilia,x vulgaris,20 - 30 cm,,Helsinki/MAKA,2026-02-27,POINT (24.881028565254244 60.19714868367035)
Puurekisteri_piste.10142,10142,P-24032-123,,MUNKKINIEMEN PUISTOTIE PUISTOKAISTAT,Puisto,PUISTOLEHMUS,Tilia,x vulgaris,30 - 50 cm,,Helsinki/MAKA,2026-02-27,POINT (24.8809455958592 60.197166250452014)
Puurekisteri_piste.10143,10143,P-24032-124,,MUNKKINIEMEN PUISTOTIE PUISTOKAISTAT,Puisto,PUISTOLEHMUS,Tilia,x vulgaris,30 - 50 cm,,Helsinki/MAKA,2026-02-27,POINT (24.880865706642435 60.19718296723966)
Puurekisteri_piste.10144,10144,P-24032-125,,MUNKKINIEMEN PUISTOTIE PUISTOKAISTAT,Puisto,PUISTOLEHMUS,Tilia,x vulgaris,30 - 50 cm,,Helsinki/MAKA,2026-02-27,POINT (24.88078316360521 60.19719965087993)
Puurekisteri_piste.10145,10145,P-24032-31,,MUNKKINIEMEN PUISTOTIE PUISTOKAISTAT,Puisto,ISOLEHTILEHMUS,Tilia,platyphyllos,30 - 50 cm,,Helsinki/MAKA,2026-02-27,POINT (24.8828569780237 60.19688260667046)
Puurekisteri_piste.10149,10149,P-54037-180,,HERTTONIEMENKARTANO,Puisto,KUUSI,Picea,sp.,10 - 20 cm,,Helsinki/MAKA,2026-02-27,POINT (25.0416729546086 60.18832244270998)
Puurekisteri_piste.10151,10151,P-33253-188,,TOIVO KUULAN PUISTO,Puisto,METSÄHAAPA,Populus,tremula,10 - 20 cm,,Helsinki/MAKA,2026-02-27,POINT (24.91111992892965 60.178487546768466)
Puurekisteri_piste.10152,10152,P-33253-189,,TOIVO KUULAN PUISTO,Puisto,METSÄHAAPA,Populus,tremula,10 - 20 cm,,Helsinki/MAKA,2026-02-27,POINT (24.911084402529113 60.178506806151255)
Puurekisteri_piste.10153,10153,P-33253-190,,TOIVO KUULAN PUISTO,Puisto,METSÄHAAPA,Populus,tremula,10 - 20 cm,,Helsinki/MAKA,2026-02-27,POINT (24.9110519883768 60.178486880409125)
Puurekisteri_piste.10154,10154,P-42001-122,,TÄHTITORNIN VUORI,Puisto,METSÄVAAHTERA,Acer,platanoides,70 cm -,,Helsinki/MAKA,2026-02-27,POINT (24.950919300367946 60.16210430969198)
Puurekisteri_piste.10155,10155,P-54037-725,,HERTTONIEMENKARTANO,Puisto,VAAHTERA,Acer,sp.,50 - 70 cm,,Helsinki/MAKA,2026-02-27,POINT (25.04482323562628 60.18773688626515)
Puurekisteri_piste.10156,10156,P-53003-366,,TULLISAAREN KARTANO,Puisto,TERVALEPPÄ,Alnus,glutinosa,30 - 50 cm,,Helsinki/MAKA,2026-02-27,POINT (25.02886252010346 60.178154920660035)
Puurekisteri_piste.10157,10157,P-33016-92,,KAISANIEMENPUISTO,Puisto,METSÄVAAHTERA,Acer,platanoides,50 - 70 cm,,Helsinki/MAKA,2026-02-27,POINT (24.942605520938493 60.173605082518336)
Puurekisteri_piste.10158,10158,P-33016-436,,KAISANIEMENPUISTO,Puisto,METSÄTAMMI,Quercus,robur,70 cm -,,Helsinki/MAKA,2026-02-27,POINT (24.945117386359968 60.17347416284882)
Puurekisteri_piste.10160,10160,P-33001-8,,KOULUPUISTIKKO,Puisto,VAAHTERA,Acer,sp.,10 - 20 cm,,Helsinki/MAKA,2026-02-27,POINT (24.94569252370556 60.1632769495856)
Puurekisteri_piste.10161,10161,P-43067-219,,TERVASAARI,Puisto,KOIVU,Betula,sp.,30 - 50 cm,,Helsinki/MAKA,2026-02-27,POINT (24.970040712809443 60.173446173794055)
Puurekisteri_piste.10162,10162,P-32031-117,,SINEBRYCHOFFIN PUISTO,Puisto,METSÄVAAHTERA,Acer,platanoides,30 - 50 cm,,Helsinki/MAKA,2026-02-27,POINT (24.934566745705634 60.16082855035858)
Puurekisteri_piste.10169,10169,K-324,HÄMEENTIE,,Katu,SUOMENPIHLAJA,Sorbus,hybrida,10 - 20 cm,,Helsinki/MAKA,2026-02-27,POINT (24.974327066274764 60.20766417118101)
Puurekisteri_piste.10281,10281,K-3232,KALASTAJATORPANTIE,,Katu,METSÄMÄNTY,Pinus,sylvestris,30 - 50 cm,,Helsinki/MAKA,2026-02-27,POINT (24.8741661884008 60.19108829679286)
Puurekisteri_piste.10282,10282,P-42003-17,,MYLLYRINNE,Puisto,PYLVÄSHAAPA,Populus,tremula,20 - 30 cm,,Helsinki/MAKA,2026-02-27,POINT (24.955802893864632 60.15960178590973)
Puurekisteri_piste.10284,10284,P-42003-19,,MYLLYRINNE,Puisto,PYLVÄSHAAPA,Populus,tremula,10 - 20 cm,,Helsinki/MAKA,2026-02-27,POINT (24.955920047850572 60.159624561081145)
Puurekisteri_piste.10285,10285,P-42003-20,,MYLLYRINNE,Puisto,METSÄVAAHTERA,Acer,platanoides,10 - 20 cm,,Helsinki/MAKA,2026-02-27,POINT (24.956001475299594 60.15961786437609)
Puurekisteri_piste.10287,10287,P-42003-22,,MYLLYRINNE,Puisto,VUORIJALAVA,Ulmus,glabra,70 cm -,,Helsinki/MAKA,2026-02-27,POINT (24.955955646006753 60.15953277329417)
Puurekisteri_piste.10288,10288,P-53003-1013,,TULLISAAREN KARTANO,Puisto,METSÄMÄNTY,Pinus,sylvestris,50 - 70 cm,,Helsinki/MAKA,2026-02-27,POINT (25.03112391393004 60.181186321104086)
Puurekisteri_piste.10290,10290,K-761,RATAPIHANTIE,,Katu,VUORIJALAVA,Ulmus,glabra,10 - 20 cm,,Helsinki/MAKA,2026-02-27,POINT (24.933115423121013 60.20245362286077)
Puurekisteri_piste.10295,10295,P-32008-115,,URSININKALLIO,Puisto,ISOLEHTILEHMUS,Tilia,platyphyllos,30 - 50 cm,,Helsinki/MAKA,2026-02-27,POINT (24.94216698493808 60.154063380660865)
Puurekisteri_piste.10296,10296,P-32008-116,,URSININKALLIO,Puisto,LEHTOSAARNI,Fraxinus,excelsior,20 - 30 cm,,Helsinki/MAKA,2026-02-27,POINT (24.94210581496904 60.154001596216595)
Puurekisteri_piste.10297,10297,P-32008-117,,URSININKALLIO,Puisto,LEHTOSAARNI,Fraxinus,excelsior,20 - 30 cm,,Helsinki/MAKA,2026-02-27,POINT (24.94206282305169 60.15394310454133)
Puurekisteri_piste.10298,10298,P-32008-121,,URSININKALLIO,Puisto,PUISTOLEHMUS,Tilia,x vulgaris,30 - 50 cm,,Helsinki/MAKA,2026-02-27,POINT (24.942354999475636 60.1540666456509)
Puurekisteri_piste.10299,10299,P-32008-122,,URSININKALLIO,Puisto,PUISTOLEHMUS,Tilia,x vulgaris,30 - 50 cm,,Helsinki/MAKA,2026-02-27,POINT (24.94254499909123 60.15407402972447)
Puurekisteri_piste.10301,10301,P-42005-974,,KAIVOPUISTO,Puisto,TERVALEPPÄ,Alnus,glutinosa,50 - 70 cm,,Helsinki/MAKA,2026-02-27,POINT (24.95444265335472 60.156601894615726)
Puurekisteri_piste.10303,10303,P-33016-87,,KAISANIEMENPUISTO,Puisto,METSÄVAAHTERA,Acer,platanoides,50 - 70 cm,,Helsinki/MAKA,2026-02-27,POINT (24.94284730276601 60.17335312721193)
Puurekisteri_piste.10304,10304,P-33016-88,,KAISANIEMENPUISTO,Puisto,METSÄVAAHTERA,Acer,platanoides,50 - 70 cm,,Helsinki/MAKA,2026-02-27,POINT (24.942839050497962 60.17340186012738)
Puurekisteri_piste.10307,10307,P-34019-106,,ALPPIPUISTO (ETELÄ),Puisto,KOTIPIHLAJA,Sorbus,aucuparia,20 - 30 cm,,Helsinki/MAKA,2026-02-27,POINT (24.940965864248554 60.18684192566942)
Puurekisteri_piste.10308,10308,P-34019-107,,ALPPIPUISTO (ETELÄ),Puisto,KOTIPIHLAJA,Sorbus,aucuparia,20 - 30 cm,,Helsinki/MAKA,2026-02-27,POINT (24.940905952254617 60.186848893409326)
Puurekisteri_piste.10309,10309,K-6088,CALONIUKSENKATU,,Katu,PUISTOLEHMUS,Tilia,x vulgaris,10 - 20 cm,,Helsinki/MAKA,2026-02-27,POINT (24.92156383510198 60.17517440428348)
Puurekisteri_piste.10310,10310,K-6089,RUNEBERGINKATU,,Katu,PUISTOLEHMUS,Tilia,x vulgaris,10 - 20 cm,,Helsinki/MAKA,2026-02-27,POINT (24.921628334674864 60.17521784435052)
Puurekisteri_piste.9951,9951,K-7070,SELKÄMERENKATU,,Katu,PUISTOLEHMUS,Tilia,x vulgaris,10 - 20 cm,,Helsinki/MAKA,2026-02-27,POINT (24.91648577517826 60.160710778005324)
Puurekisteri_piste.10312,10312,K-6091,RUNEBERGINKATU,,Katu,PUISTOLEHMUS,Tilia,x vulgaris,30 - 50 cm,,Helsinki/MAKA,2026-02-27,POINT (24.922367084804478 60.17340760374674)
Puurekisteri_piste.10317,10317,K-2861,HUOPALAHDENTIE,,Katu,PUISTOLEHMUS,Tilia,x vulgaris,20 - 30 cm,,Helsinki/MAKA,2026-02-27,POINT (24.88240599638826 60.20174675110496)
Puurekisteri_piste.10318,10318,K-2862,HUOPALAHDENTIE,,Katu,PUISTOLEHMUS,Tilia,x vulgaris,20 - 30 cm,,Helsinki/MAKA,2026-02-27,POINT (24.882379786973733 60.20180239030933)
Puurekisteri_piste.10319,10319,K-2863,HUOPALAHDENTIE,,Katu,PUISTOLEHMUS,Tilia,x vulgaris,20 - 30 cm,,Helsinki/MAKA,2026-02-27,POINT (24.882343285230533 60.20187059194064)
Puurekisteri_piste.10322,10322,K-4424,ALEKSIS KIVEN KATU,,Katu,PUISTOLEHMUS,Tilia,x vulgaris,30 - 50 cm,,Helsinki/MAKA,2026-02-27,POINT (24.946739125412975 60.19184302257813)
Puurekisteri_piste.10323,10323,P-53003-132,,TULLISAAREN KARTANO,Puisto,RAITA,Salix,caprea,50 - 70 cm,,Helsinki/MAKA,2026-02-27,POINT (25.031578024337072 60.1785091575295)
Puurekisteri_piste.10031,10031,P-33016-278,,KAISANIEMENPUISTO,Puisto,RAUDUSKOIVU,Betula,pendula,70 cm -,,Helsinki/MAKA,2026-02-27,POINT (24.945521100616308 60.173944643188165)
Puurekisteri_piste.10035,10035,P-43067-256,,TERVASAARI,Puisto,RAUDUSKOIVU,Betula,pendula,20 - 30 cm,,Helsinki/MAKA,2026-02-27,POINT (24.96829884008196 60.17325085464756)
Puurekisteri_piste.10036,10036,P-43067-257,,TERVASAARI,Puisto,VUORIJALAVA,Ulmus,glabra,10 - 20 cm,,Helsinki/MAKA,2026-02-27,POINT (24.968186081086152 60.17335424158541)
Puurekisteri_piste.10037,10037,P-43067-258,,TERVASAARI,Puisto,VUORIJALAVA,Ulmus,glabra,10 - 20 cm,,Helsinki/MAKA,2026-02-27,POINT (24.968204967173545 60.173384586674906)
Puurekisteri_piste.10038,10038,P-43067-259,,TERVASAARI,Puisto,METSÄVAAHTERA,Acer,platanoides,0 - 10 cm,,Helsinki/MAKA,2026-02-27,POINT (24.968196268865125 60.17341287285075)
Puurekisteri_piste.10039,10039,P-43067-260,,TERVASAARI,Puisto,METSÄVAAHTERA,Acer,platanoides,0 - 10 cm,,Helsinki/MAKA,2026-02-27,POINT (24.96821460158457 60.1734429856652)
Puurekisteri_piste.10040,10040,P-32001-24,,VUORIMIEHENPUISTIKKO,Puisto,VUORIJALAVA,Ulmus,glabra,70 cm -,,Helsinki/MAKA,2026-02-27,POINT (24.948507837778255 60.15933599037186)
Puurekisteri_piste.10041,10041,P-42003-10,,MYLLYRINNE,Puisto,PUISTOLEHMUS,Tilia,x vulgaris,50 - 70 cm,,Helsinki/MAKA,2026-02-27,POINT (24.955862101321003 60.15988055873767)
Puurekisteri_piste.10043,10043,P-32031-99,,SINEBRYCHOFFIN PUISTO,Puisto,METSÄVAAHTERA,Acer,platanoides,30 - 50 cm,,Helsinki/MAKA,2026-02-27,POINT (24.933309468630846 60.160669333326325)
Puurekisteri_piste.10047,10047,P-53003-820,,TULLISAAREN KARTANO,Puisto,RAUDUSKOIVU,Betula,pendula,30 - 50 cm,,Helsinki/MAKA,2026-02-27,POINT (25.029612064746846 60.18049652551149)
Puurekisteri_piste.10050,10050,P-42001-335,,TÄHTITORNIN VUORI,Puisto,METSÄTAMMI,Quercus,robur,50 - 70 cm,,Helsinki/MAKA,2026-02-27,POINT (24.95266037935975 60.16263645969079)
Puurekisteri_piste.10051,10051,P-42001-336,,TÄHTITORNIN VUORI,Puisto,ISOLEHTILEHMUS,Tilia,platyphyllos,70 cm -,,Helsinki/MAKA,2026-02-27,POINT (24.952674658614743 60.16258247763861)
Puurekisteri_piste.10052,10052,P-33031-88,,HAKASALMENPUISTO,Puisto,METSÄVAAHTERA,Acer,platanoides,30 - 50 cm,,Helsinki/MAKA,2026-02-27,POINT (24.931917429073003 60.17666199750909)
Puurekisteri_piste.10057,10057,K-883,ASEMAPÄÄLLIKÖNKATU,,Katu,PUISTOLEHMUS,Tilia,x vulgaris,20 - 30 cm,,Helsinki/MAKA,2026-02-27,POINT (24.94241453343069 60.19900106348231)
Puurekisteri_piste.10058,10058,P-33054-129,,HESPERIAN ESPLANADI,Puisto,VUORIJALAVA,Ulmus,glabra,50 - 70 cm,,Helsinki/MAKA,2026-02-27,POINT (24.919832187228618 60.1763017839457)
Puurekisteri_piste.10060,10060,K-9222,MÄKELÄNKATU,,Katu,METSÄVAAHTERA,Acer,platanoides,30 - 50 cm,,Helsinki/MAKA,2026-02-27,POINT (24.944523864310145 60.21076307678173)
Puurekisteri_piste.10061,10061,K-9223,MÄKELÄNKATU,,Katu,METSÄVAAHTERA,Acer,platanoides,30 - 50 cm,,Helsinki/MAKA,2026-02-27,POINT (24.94445717772673 60.210826184957824)
Puurekisteri_piste.10062,10062,K-9224,MÄKELÄNKATU,,Katu,METSÄVAAHTERA,Acer,platanoides,30 - 50 cm,,Helsinki/MAKA,2026-02-27,POINT (24.94443359960774 60.21089350374419)
Puurekisteri_piste.10063,10063,P-53003-821,,TULLISAAREN KARTANO,Puisto,METSÄKUUSI,Picea,abies,20 - 30 cm,,Helsinki/MAKA,2026-02-27,POINT (25.02950390245978 60.18055469464202)
Puurekisteri_piste.10064,10064,P-32031-201,,SINEBRYCHOFFIN PUISTO,Puisto,METSÄVAAHTERA,Acer,platanoides,30 - 50 cm,,Helsinki/MAKA,2026-02-27,POINT (24.933916243654384 60.16220120457727)
Puurekisteri_piste.10068,10068,P-32031-205,,SINEBRYCHOFFIN PUISTO,Puisto,METSÄVAAHTERA,Acer,platanoides,30 - 50 cm,,Helsinki/MAKA,2026-02-27,POINT (24.933823721806256 60.162264412810494)
Puurekisteri_piste.10780,10780,P-43002-41,,MERIKASARMINPUISTO,Puisto,METSÄTAMMI,Quercus,robur,20 - 30 cm,,Helsinki/MAKA,2026-02-27,POINT (24.972086317238034 60.16690246100667)
Puurekisteri_piste.10781,10781,K-3645,MECHELININKATU,,Katu,PUISTOLEHMUS,Tilia,x vulgaris,50 - 70 cm,,Helsinki/MAKA,2026-02-27,POINT (24.917067920008993 60.17814483246463)
Puurekisteri_piste.10782,10782,K-3646,MECHELININKATU,,Katu,PUISTOLEHMUS,Tilia,x vulgaris,50 - 70 cm,,Helsinki/MAKA,2026-02-27,POINT (24.917032596250383 60.17822525035605)
Puurekisteri_piste.10783,10783,K-3647,MECHELININKATU,,Katu,PUISTOLEHMUS,Tilia,x vulgaris,50 - 70 cm,,Helsinki/MAKA,2026-02-27,POINT (24.917004300407278 60.178295705832895)
Puurekisteri_piste.10201,10201,P-42002-3,,ULLANPUISTIKKO,Puisto,KARTIOJALAVA,Ulmus,glabra,30 - 50 cm,,Helsinki/MAKA,2026-02-27,POINT (24.952896402172186 60.16097665790294)
Puurekisteri_piste.9952,9952,K-7071,SELKÄMERENKATU,,Katu,PUISTOLEHMUS,Tilia,x vulgaris,10 - 20 cm,,Helsinki/MAKA,2026-02-27,POINT (24.916424901302502 60.16075583231211)
Puurekisteri_piste.10202,10202,P-42002-4,,ULLANPUISTIKKO,Puisto,KARTIOJALAVA,Ulmus,glabra,50 - 70 cm,,Helsinki/MAKA,2026-02-27,POINT (24.953148493687557 60.16101999198518)
Puurekisteri_piste.10203,10203,P-42002-5,,ULLANPUISTIKKO,Puisto,MUSTAMARJAORAPIHLAJA,Crataegus,douglasii,10 - 20 cm,,Helsinki/MAKA,2026-02-27,POINT (24.953338942866782 60.16092963515692)
Puurekisteri_piste.10204,10204,P-34019-115,,ALPPIPUISTO (ETELÄ),Puisto,METSÄHAAPA,Populus,tremula,10 - 20 cm,,Helsinki/MAKA,2026-02-27,POINT (24.940567848424575 60.18685677570399)
Puurekisteri_piste.10205,10205,P-53003-165,,TULLISAAREN KARTANO,Puisto,RAUDUSKOIVU,Betula,pendula,20 - 30 cm,,Helsinki/MAKA,2026-02-27,POINT (25.03207129485399 60.178043202227165)
Puurekisteri_piste.10206,10206,P-53003-1312,,TULLISAAREN KARTANO,Puisto,LEHTOSAARNI,Fraxinus,excelsior,30 - 50 cm,,Helsinki/MAKA,2026-02-27,POINT (25.034820872680335 60.180263326056895)
Puurekisteri_piste.10208,10208,P-53003-308,,TULLISAAREN KARTANO,Puisto,METSÄVAAHTERA,Acer,platanoides,20 - 30 cm,,Helsinki/MAKA,2026-02-27,POINT (25.031257402604883 60.17895581449795)
Puurekisteri_piste.10209,10209,P-53003-309,,TULLISAAREN KARTANO,Puisto,METSÄVAAHTERA,Acer,platanoides,70 cm -,,Helsinki/MAKA,2026-02-27,POINT (25.031213857362353 60.17895304963599)
Puurekisteri_piste.10210,10210,P-43001-51,,LAIVASTOPUISTO,Puisto,VUORIJALAVA,Ulmus,glabra,10 - 20 cm,,Helsinki/MAKA,2026-02-27,POINT (24.970950933898667 60.16816256772733)
Puurekisteri_piste.10211,10211,P-43001-52,,LAIVASTOPUISTO,Puisto,VUORIJALAVA,Ulmus,glabra,0 - 10 cm,,Helsinki/MAKA,2026-02-27,POINT (24.970963299900948 60.168172285113506)
Puurekisteri_piste.10215,10215,P-33054-148,,HESPERIAN ESPLANADI,Puisto,VUORIJALAVA,Ulmus,glabra,70 cm -,,Helsinki/MAKA,2026-02-27,POINT (24.920665091241165 60.17636887216027)
Puurekisteri_piste.10217,10217,P-33054-150,,HESPERIAN ESPLANADI,Puisto,VUORIJALAVA,Ulmus,glabra,50 - 70 cm,,Helsinki/MAKA,2026-02-27,POINT (24.92091822739952 60.17640545788355)
Puurekisteri_piste.10218,10218,P-33054-151,,HESPERIAN ESPLANADI,Puisto,VUORIJALAVA,Ulmus,glabra,50 - 70 cm,,Helsinki/MAKA,2026-02-27,POINT (24.921055532983868 60.17643073466689)
Puurekisteri_piste.10219,10219,P-34019-83,,ALPPIPUISTO (ETELÄ),Puisto,KOTIPIHLAJA,Sorbus,aucuparia,20 - 30 cm,,Helsinki/MAKA,2026-02-27,POINT (24.9410948414932 60.18670587605825)
Puurekisteri_piste.10220,10220,P-33016-432,,KAISANIEMENPUISTO,Puisto,LEHTOSAARNI,Fraxinus,excelsior,30 - 50 cm,,Helsinki/MAKA,2026-02-27,POINT (24.94471399473399 60.173661498036104)
Puurekisteri_piste.10222,10222,P-33016-434,,KAISANIEMENPUISTO,Puisto,VUORIJALAVA,Ulmus,glabra,30 - 50 cm,,Helsinki/MAKA,2026-02-27,POINT (24.94502841559407 60.173578121618824)
Puurekisteri_piste.10224,10224,K-9124,HERNESAARENRANTA,,Katu,PUISTOLEHMUS,Tilia,x vulgaris,10 - 20 cm,,Helsinki/MAKA,2026-02-27,POINT (24.927483164837145 60.14981369083978)
Puurekisteri_piste.10225,10225,K-9125,HERNESAARENRANTA,,Katu,PUISTOLEHMUS,Tilia,x vulgaris,10 - 20 cm,,Helsinki/MAKA,2026-02-27,POINT (24.927396554980607 60.14972492905263)
Puurekisteri_piste.10231,10231,P-34019-185,,ALPPIPUISTO (ETELÄ),Puisto,RAUDUSKOIVU,Betula,pendula,30 - 50 cm,,Helsinki/MAKA,2026-02-27,POINT (24.939660110106203 60.18684113605063)
Puurekisteri_piste.10233,10233,K-7154,ITÄMERENKATU,,Katu,PUISTOLEHMUS,Tilia,x vulgaris,10 - 20 cm,,Helsinki/MAKA,2026-02-27,POINT (24.911514439117425 60.16315711865543)
Puurekisteri_piste.10236,10236,K-9807,OULUNKYLÄNTIE,,Katu,METSÄVAAHTERA,Acer,platanoides,10 - 20 cm,,Helsinki/MAKA,2026-02-27,POINT (24.96728837662813 60.22697326317204)
Puurekisteri_piste.10237,10237,K-9409,POHJOLANKATU,,Katu,PUISTOLEHMUS,Tilia,x vulgaris,30 - 50 cm,,Helsinki/MAKA,2026-02-27,POINT (24.951736283013638 60.21600394764869)
Puurekisteri_piste.10239,10239,P-43002-42,,MERIKASARMINPUISTO,Puisto,METSÄTAMMI,Quercus,robur,20 - 30 cm,,Helsinki/MAKA,2026-02-27,POINT (24.971977824052377 60.16687625294109)
Puurekisteri_piste.10242,10242,P-34019-109,,ALPPIPUISTO (ETELÄ),Puisto,KOTIPIHLAJA,Sorbus,aucuparia,30 - 50 cm,,Helsinki/MAKA,2026-02-27,POINT (24.940782343287886 60.18685381459557)
Puurekisteri_piste.10244,10244,P-54037-537,,HERTTONIEMENKARTANO,Puisto,POPPELI/HAAPA,Populus,sp.,10 - 20 cm,,Helsinki/MAKA,2026-02-27,POINT (25.0445809014024 60.18974234673161)
Puurekisteri_piste.10245,10245,P-53004-15,,STANSVIKINKARTANO,Puisto,METSÄKUUSI,Picea,abies,50 - 70 cm,,Helsinki/MAKA,2026-02-27,POINT (25.027196505547618 60.16631132046202)
Puurekisteri_piste.10246,10246,P-24032-141,,MUNKKINIEMEN PUISTOTIE PUISTOKAISTAT,Puisto,ISOLEHTILEHMUS,Tilia,platyphyllos,50 - 70 cm,,Helsinki/MAKA,2026-02-27,POINT (24.87929267932942 60.19744326355285)
Puurekisteri_piste.10248,10248,P-24032-143,,MUNKKINIEMEN PUISTOTIE PUISTOKAISTAT,Puisto,ISOLEHTILEHMUS,Tilia,platyphyllos,50 - 70 cm,,Helsinki/MAKA,2026-02-27,POINT (24.87946292677088 60.197409257057615)
Puurekisteri_piste.10324,10324,P-53003-133,,TULLISAAREN KARTANO,Puisto,METSÄVAAHTERA,Acer,platanoides,50 - 70 cm,,Helsinki/MAKA,2026-02-27,POINT (25.03191149630207 60.178485712634405)
Puurekisteri_piste.10325,10325,P-53003-134,,TULLISAAREN KARTANO,Puisto,RAUDUSKOIVU,Betula,pendula,30 - 50 cm,,Helsinki/MAKA,2026-02-27,POINT (25.03201688385924 60.178459021221904)
Puurekisteri_piste.10327,10327,P-53003-136,,TULLISAAREN KARTANO,Puisto,LEHTOSAARNI,Fraxinus,excelsior,30 - 50 cm,,Helsinki/MAKA,2026-02-27,POINT (25.031812864139006 60.178432095997735)
Puurekisteri_piste.10328,10328,K-7865,SÄRKINIEMENTIE,,Katu,PILARITERVALEPPÄ,Alnus,glutinosa,10 - 20 cm,,Helsinki/MAKA,2026-02-27,POINT (24.876422310189263 60.15396246146124)
Puurekisteri_piste.10329,10329,K-9238,MÄKELÄNKATU,,Katu,METSÄVAAHTERA,Acer,platanoides,30 - 50 cm,,Helsinki/MAKA,2026-02-27,POINT (24.94430107057676 60.21119150655974)
Puurekisteri_piste.10071,10071,K-5038,VIHERNIEMENKATU,,Katu,PUISTOLEHMUS,Tilia,x vulgaris,20 - 30 cm,,Helsinki/MAKA,2026-02-27,POINT (24.953107946910706 60.17916937514321)
Puurekisteri_piste.10072,10072,K-9656,KÄPYLÄNTIE,,Katu,PUISTOLEHMUS,Tilia,x vulgaris,30 - 50 cm,,Helsinki/MAKA,2026-02-27,POINT (24.96106580356285 60.21931671616428)
Puurekisteri_piste.10073,10073,K-9657,KÄPYLÄNTIE,,Katu,PUISTOLEHMUS,Tilia,x vulgaris,30 - 50 cm,,Helsinki/MAKA,2026-02-27,POINT (24.961060663948164 60.21924500537298)
Puurekisteri_piste.10075,10075,P-44017-144,,KATRI VALAN PUISTO,Puisto,KORISTEOMENALAJIKE,Malus,Royalty,0 - 10 cm,,Helsinki/MAKA,2026-02-27,POINT (24.964404732914378 60.18666510210311)
Puurekisteri_piste.10076,10076,P-44017-145,,KATRI VALAN PUISTO,Puisto,KORISTEOMENALAJIKE,Malus,Royalty,0 - 10 cm,,Helsinki/MAKA,2026-02-27,POINT (24.96442102346668 60.18664884243716)
Puurekisteri_piste.9887,9887,K-768,RATAPIHANTIE,,Katu,VUORIJALAVA,Ulmus,glabra,10 - 20 cm,,Helsinki/MAKA,2026-02-27,POINT (24.933261650746626 60.20197073866305)
Puurekisteri_piste.9888,9888,K-7680,KATAJAHARJUNTIE,,Katu,METSÄTAMMI,Quercus,robur,30 - 50 cm,,Helsinki/MAKA,2026-02-27,POINT (24.85764778120097 60.167245379895625)
Puurekisteri_piste.9735,9735,K-980,RATAMESTARINKATU,,Katu,PUISTOLEHMUS,Tilia,x vulgaris,10 - 20 cm,,Helsinki/MAKA,2026-02-27,POINT (24.9410826881858 60.19723260480858)
Puurekisteri_piste.9737,9737,P-43001-23,,LAIVASTOPUISTO,Puisto,OMENAPUU,Malus,sp.,0 - 10 cm,,Helsinki/MAKA,2026-02-27,POINT (24.968597196883554 60.168694110465445)
Puurekisteri_piste.9738,9738,P-53003-824,,TULLISAAREN KARTANO,Puisto,METSÄKUUSI,Picea,abies,20 - 30 cm,,Helsinki/MAKA,2026-02-27,POINT (25.029621197302085 60.18057875085382)
Puurekisteri_piste.9741,9741,P-53003-827,,TULLISAAREN KARTANO,Puisto,METSÄMÄNTY,Pinus,sylvestris,50 - 70 cm,,Helsinki/MAKA,2026-02-27,POINT (25.02968419477797 60.18065113890116)
Puurekisteri_piste.9742,9742,K-6719,MALMINKATU,,Katu,VUORIJALAVA,Ulmus,glabra,20 - 30 cm,,Helsinki/MAKA,2026-02-27,POINT (24.930082433087875 60.167578338915554)
Puurekisteri_piste.10008,10008,K-9378,POHJOLANKATU,,Katu,PUISTOLEHMUS,Tilia,x vulgaris,30 - 50 cm,,Helsinki/MAKA,2026-02-27,POINT (24.94974968399337 60.215390938991135)
Puurekisteri_piste.10013,10013,P-33016-244,,KAISANIEMENPUISTO,Puisto,METSÄTAMMI,Quercus,robur,30 - 50 cm,,Helsinki/MAKA,2026-02-27,POINT (24.94388797559491 60.17583874058964)
Puurekisteri_piste.10014,10014,P-33016-245,,KAISANIEMENPUISTO,Puisto,HEVOSKASTANJA,Aesculus,hippocastanum,30 - 50 cm,,Helsinki/MAKA,2026-02-27,POINT (24.943913560446973 60.1757743911116)
Puurekisteri_piste.10015,10015,K-3552,SIBELIUKSENKATU,,Katu,PUISTOLEHMUS,Tilia,x vulgaris,30 - 50 cm,,Helsinki/MAKA,2026-02-27,POINT (24.918341938396438 60.181152578057784)
Puurekisteri_piste.10017,10017,K-3555,SIBELIUKSENKATU,,Katu,PUISTOLEHMUS,Tilia,x vulgaris,30 - 50 cm,,Helsinki/MAKA,2026-02-27,POINT (24.918708449476792 60.18125992853709)
Puurekisteri_piste.10018,10018,P-32001-42,,VUORIMIEHENPUISTIKKO,Puisto,PUISTOLEHMUS,Tilia,x vulgaris,30 - 50 cm,,Helsinki/MAKA,2026-02-27,POINT (24.947999568400054 60.1591590784636)
Puurekisteri_piste.10019,10019,P-32001-43,,VUORIMIEHENPUISTIKKO,Puisto,PUISTOLEHMUS,Tilia,x vulgaris,20 - 30 cm,,Helsinki/MAKA,2026-02-27,POINT (24.94795820077607 60.15919277058743)
Puurekisteri_piste.10020,10020,P-33016-363,,KAISANIEMENPUISTO,Puisto,METSÄTAMMI,Quercus,robur,70 cm -,,Helsinki/MAKA,2026-02-27,POINT (24.94898158029942 60.17374073789939)
Puurekisteri_piste.10021,10021,P-33016-364,,KAISANIEMENPUISTO,Puisto,VUORIJALAVA,Ulmus,glabra,70 cm -,,Helsinki/MAKA,2026-02-27,POINT (24.94907085280501 60.17361631984006)
Puurekisteri_piste.10022,10022,P-33016-365,,KAISANIEMENPUISTO,Puisto,VUORIJALAVA,Ulmus,glabra,70 cm -,,Helsinki/MAKA,2026-02-27,POINT (24.948997989217943 60.173574263633846)
Puurekisteri_piste.10024,10024,K-9301,POHJOLANKATU,,Katu,PUISTOLEHMUS,Tilia,x vulgaris,50 - 70 cm,,Helsinki/MAKA,2026-02-27,POINT (24.94425956375926 60.213665188680665)
Puurekisteri_piste.9376,9376,K-9648,POHJOLANKATU,,Katu,PUISTOLEHMUS,Tilia,x vulgaris,0 - 10 cm,,Helsinki/MAKA,2026-02-27,POINT (24.95715593180743 60.21789266774605)
Puurekisteri_piste.9378,9378,P-53003-1494,,TULLISAAREN KARTANO,Puisto,KOTIPIHLAJA,Sorbus,aucuparia,20 - 30 cm,,Helsinki/MAKA,2026-02-27,POINT (25.036068830460266 60.18093420820214)
Puurekisteri_piste.9386,9386,K-804,RADANRAKENTAJANTIE,,Katu,VUORIJALAVA,Ulmus,glabra,10 - 20 cm,,Helsinki/MAKA,2026-02-27,POINT (24.940945363172965 60.20022983441481)
Puurekisteri_piste.9389,9389,K-8043,EHRENSTRÖMINTIE,,Katu,METSÄVAAHTERA,Acer,platanoides,20 - 30 cm,,Helsinki/MAKA,2026-02-27,POINT (24.96304249184022 60.15618522180272)
Puurekisteri_piste.9390,9390,P-42005-904,,KAIVOPUISTO,Puisto,PUISTOLEHMUS,Tilia,x vulgaris,70 cm -,,Helsinki/MAKA,2026-02-27,POINT (24.954156944781726 60.157011136413075)
Puurekisteri_piste.9391,9391,K-9129,HERNESAARENRANTA,,Katu,PUISTOLEHMUS,Tilia,x vulgaris,10 - 20 cm,,Helsinki/MAKA,2026-02-27,POINT (24.927024019740117 60.14938307637779)
Puurekisteri_piste.9395,9395,K-7791,ISOKAARI,,Katu,RAUDUSKOIVU,Betula,pendula,30 - 50 cm,,Helsinki/MAKA,2026-02-27,POINT (24.865728384648353 60.156595423565186)
Puurekisteri_piste.10134,10134,P-53003-1644,,TULLISAAREN KARTANO,Puisto,METSÄMÄNTY,Pinus,sylvestris,20 - 30 cm,,Helsinki/MAKA,2026-02-27,POINT (25.03442835342001 60.18099627305186)
Puurekisteri_piste.9945,9945,K-9434,POHJOLANKATU,,Katu,PUISTOLEHMUS,Tilia,x vulgaris,30 - 50 cm,,Helsinki/MAKA,2026-02-27,POINT (24.953542530549857 60.21658124983159)
Puurekisteri_piste.9946,9946,K-9435,POHJOLANKATU,,Katu,PUISTOLEHMUS,Tilia,x vulgaris,30 - 50 cm,,Helsinki/MAKA,2026-02-27,POINT (24.95365278787545 60.21662026485117)
Puurekisteri_piste.9947,9947,P-33054-126,,HESPERIAN ESPLANADI,Puisto,VUORIJALAVA,Ulmus,glabra,50 - 70 cm,,Helsinki/MAKA,2026-02-27,POINT (24.919356848431814 60.17624376299254)
Puurekisteri_piste.9948,9948,P-33054-127,,HESPERIAN ESPLANADI,Puisto,VUORIJALAVA,Ulmus,glabra,20 - 30 cm,,Helsinki/MAKA,2026-02-27,POINT (24.919538639406177 60.17626734004666)
Puurekisteri_piste.9949,9949,K-767,RATAPIHANTIE,,Katu,VUORIJALAVA,Ulmus,glabra,10 - 20 cm,,Helsinki/MAKA,2026-02-27,POINT (24.933231207627717 60.20204676222949)
Puurekisteri_piste.9950,9950,K-7670,MANNERHEIMINTIE,,Katu,PUISTOLEHMUS,Tilia,x vulgaris,10 - 20 cm,,Helsinki/MAKA,2026-02-27,POINT (24.941244230134068 60.16795879041616)
Puurekisteri_piste.9953,9953,K-7072,SELKÄMERENKATU,,Katu,PUISTOLEHMUS,Tilia,x vulgaris,10 - 20 cm,,Helsinki/MAKA,2026-02-27,POINT (24.91627992061469 60.16085796706353)
Puurekisteri_piste.9955,9955,P-32031-124,,SINEBRYCHOFFIN PUISTO,Puisto,METSÄVAAHTERA,Acer,platanoides,20 - 30 cm,,Helsinki/MAKA,2026-02-27,POINT (24.935039395289227 60.1609455048968)
Puurekisteri_piste.9956,9956,P-32031-125,,SINEBRYCHOFFIN PUISTO,Puisto,VUORIJALAVA,Ulmus,glabra,20 - 30 cm,,Helsinki/MAKA,2026-02-27,POINT (24.935037600986206 60.16100145108866)
Puurekisteri_piste.9960,9960,P-33016-2,,KAISANIEMENPUISTO,Puisto,VUORIJALAVA,Ulmus,glabra,50 - 70 cm,,Helsinki/MAKA,2026-02-27,POINT (24.94086243251407 60.17724741250867)
Puurekisteri_piste.9962,9962,P-44017-171,,KATRI VALAN PUISTO,Puisto,PUNASAARNI,Fraxinus,pennsylvanica,0 - 10 cm,,Helsinki/MAKA,2026-02-27,POINT (24.964519909519368 60.18561903202902)
Puurekisteri_piste.9963,9963,P-42001-408,,TÄHTITORNIN VUORI,Puisto,MUSTAMARJAORAPIHLAJA,Crataegus,douglasii,30 - 50 cm,,Helsinki/MAKA,2026-02-27,POINT (24.9537020367531 60.162465535598464)
Puurekisteri_piste.9967,9967,K-6654,MALMINKATU,,Katu,VUORIJALAVA,Ulmus,glabra,20 - 30 cm,,Helsinki/MAKA,2026-02-27,POINT (24.92596892090559 60.16813548902059)
Puurekisteri_piste.9968,9968,K-6655,MALMINKATU,,Katu,VUORIJALAVA,Ulmus,glabra,20 - 30 cm,,Helsinki/MAKA,2026-02-27,POINT (24.92625405024741 60.168094818889635)
Puurekisteri_piste.9970,9970,K-7362,MANNERHEIMINTIE,,Katu,PUISTOLEHMUS,Tilia,x vulgaris,10 - 20 cm,,Helsinki/MAKA,2026-02-27,POINT (24.941403318215315 60.1680210543354)
Puurekisteri_piste.9971,9971,K-9506,KÄPYLÄNTIE,,Katu,PUISTOLEHMUS,Tilia,x vulgaris,20 - 30 cm,,Helsinki/MAKA,2026-02-27,POINT (24.958947520686298 60.21640406318032)
Puurekisteri_piste.9972,9972,P-43001-152,,LAIVASTOPUISTO,Puisto,METSÄTAMMI,Quercus,robur,10 - 20 cm,,Helsinki/MAKA,2026-02-27,POINT (24.975553754485823 60.16880239650143)
Puurekisteri_piste.9973,9973,P-44017-176,,KATRI VALAN PUISTO,Puisto,METSÄVAAHTERA,Acer,platanoides,10 - 20 cm,,Helsinki/MAKA,2026-02-27,POINT (24.964833888162197 60.185696459089634)
Puurekisteri_piste.10785,10785,P-53003-1057,,TULLISAAREN KARTANO,Puisto,METSÄMÄNTY,Pinus,sylvestris,30 - 50 cm,,Helsinki/MAKA,2026-02-27,POINT (25.032468042110185 60.18095135062883)
Puurekisteri_piste.10786,10786,P-53003-1058,,TULLISAAREN KARTANO,Puisto,METSÄMÄNTY,Pinus,sylvestris,30 - 50 cm,,Helsinki/MAKA,2026-02-27,POINT (25.032499226901333 60.181018190501625)
Puurekisteri_piste.10787,10787,P-53003-1059,,TULLISAAREN KARTANO,Puisto,METSÄMÄNTY,Pinus,sylvestris,30 - 50 cm,,Helsinki/MAKA,2026-02-27,POINT (25.032384635532857 60.181063244589645)
Puurekisteri_piste.10789,10789,P-32001-34,,VUORIMIEHENPUISTIKKO,Puisto,PUISTOLEHMUS,Tilia,x vulgaris,20 - 30 cm,,Helsinki/MAKA,2026-02-27,POINT (24.948176469706734 60.15894766698161)
Puurekisteri_piste.10795,10795,K-4255,PORVOONKATU,,Katu,PUISTOLEHMUS,Tilia,x vulgaris,10 - 20 cm,,Helsinki/MAKA,2026-02-27,POINT (24.9374585209316 60.19441222647868)
Puurekisteri_piste.10796,10796,K-4256,PORVOONKATU,,Katu,PUISTOLEHMUS,Tilia,x vulgaris,30 - 50 cm,,Helsinki/MAKA,2026-02-27,POINT (24.937554321293085 60.194358674740926)
Puurekisteri_piste.10797,10797,P-33016-150,,KAISANIEMENPUISTO,Puisto,ISOLEHTILEHMUS,Tilia,platyphyllos,30 - 50 cm,,Helsinki/MAKA,2026-02-27,POINT (24.942429528593554 60.1753345290413)
Puurekisteri_piste.10798,10798,P-33016-151,,KAISANIEMENPUISTO,Puisto,PUISTOLEHMUS,Tilia,x vulgaris,30 - 50 cm,,Helsinki/MAKA,2026-02-27,POINT (24.94239645880363 60.17544752660861)
Puurekisteri_piste.10799,10799,P-33016-152,,KAISANIEMENPUISTO,Puisto,PUISTOLEHMUS,Tilia,x vulgaris,20 - 30 cm,,Helsinki/MAKA,2026-02-27,POINT (24.942381572550822 60.17549213012439)
Puurekisteri_piste.10800,10800,P-33016-153,,KAISANIEMENPUISTO,Puisto,METSÄVAAHTERA,Acer,platanoides,50 - 70 cm,,Helsinki/MAKA,2026-02-27,POINT (24.942374988974407 60.17556233707617)
Puurekisteri_piste.10801,10801,P-33016-155,,KAISANIEMENPUISTO,Puisto,METSÄVAAHTERA,Acer,platanoides,20 - 30 cm,,Helsinki/MAKA,2026-02-27,POINT (24.942509363863845 60.175761042021875)
Puurekisteri_piste.10802,10802,P-33016-156,,KAISANIEMENPUISTO,Puisto,METSÄVAAHTERA,Acer,platanoides,30 - 50 cm,,Helsinki/MAKA,2026-02-27,POINT (24.94259224589035 60.175785807364846)
Puurekisteri_piste.10803,10803,K-411,VÄINÖ AUERIN KATU,,Katu,RUOTSINPIHLAJA,Sorbus,intermedia,10 - 20 cm,,Helsinki/MAKA,2026-02-27,POINT (24.96301485229021 60.20586360871009)
Puurekisteri_piste.10804,10804,K-4111,HÄMEENTIE,,Katu,PUISTOLEHMUS,Tilia,x vulgaris,30 - 50 cm,,Helsinki/MAKA,2026-02-27,POINT (24.964085491494025 60.19415095628685)
Puurekisteri_piste.10806,10806,P-53003-935,,TULLISAAREN KARTANO,Puisto,DOUGLASKUUSI,Pseudotsuga,menziesii,30 - 50 cm,,Helsinki/MAKA,2026-02-27,POINT (25.030534053378855 60.18076778936795)
Puurekisteri_piste.10807,10807,P-53003-164,,TULLISAAREN KARTANO,Puisto,METSÄHAAPA,Populus,tremula,30 - 50 cm,,Helsinki/MAKA,2026-02-27,POINT (25.032055169342172 60.17806993534657)
Puurekisteri_piste.10808,10808,P-32028-142,,TEHTAANPUISTO,Puisto,HEVOSKASTANJA,Aesculus,hippocastanum,30 - 50 cm,,Helsinki/MAKA,2026-02-27,POINT (24.939194141259858 60.158595954328206)
Puurekisteri_piste.10809,10809,P-32028-143,,TEHTAANPUISTO,Puisto,HEVOSKASTANJA,Aesculus,hippocastanum,30 - 50 cm,,Helsinki/MAKA,2026-02-27,POINT (24.939149545665302 60.15862644534853)
Puurekisteri_piste.10811,10811,K-2885,HUOPALAHDENTIE,,Katu,PUISTOLEHMUS,Tilia,x vulgaris,20 - 30 cm,,Helsinki/MAKA,2026-02-27,POINT (24.882577216066075 60.200719399487085)
Puurekisteri_piste.10813,10813,K-4995,ENSI LINJA,,Katu,METSÄVAAHTERA,Acer,platanoides,20 - 30 cm,,Helsinki/MAKA,2026-02-27,POINT (24.941648640976506 60.18293485972034)
Puurekisteri_piste.10814,10814,K-4998,ENSI LINJA,,Katu,METSÄVAAHTERA,Acer,platanoides,20 - 30 cm,,Helsinki/MAKA,2026-02-27,POINT (24.94195220823603 60.182814182993916)
Puurekisteri_piste.10816,10816,K-4233,VETURITIE,,Katu,METSÄVAAHTERA,Acer,platanoides,10 - 20 cm,,Helsinki/MAKA,2026-02-27,POINT (24.92974667910348 60.193467028740656)
Puurekisteri_piste.10822,10822,P-32031-194,,SINEBRYCHOFFIN PUISTO,Puisto,KOTIPIHLAJA,Sorbus,aucuparia,0 - 10 cm,,Helsinki/MAKA,2026-02-27,POINT (24.933883142690917 60.16207605127506)
Puurekisteri_piste.10192,10192,P-43067-152,,TERVASAARI,Puisto,RAUDUSKOIVU,Betula,pendula,10 - 20 cm,,Helsinki/MAKA,2026-02-27,POINT (24.9699474174042 60.17405667533485)
Puurekisteri_piste.10193,10193,P-43067-153,,TERVASAARI,Puisto,RAUDUSKOIVU,Betula,pendula,10 - 20 cm,,Helsinki/MAKA,2026-02-27,POINT (24.969991246917367 60.17407055370843)
Puurekisteri_piste.10194,10194,P-43067-154,,TERVASAARI,Puisto,RAUDUSKOIVU,Betula,pendula,10 - 20 cm,,Helsinki/MAKA,2026-02-27,POINT (24.96999656389138 60.174074521514925)
Puurekisteri_piste.10195,10195,P-43067-155,,TERVASAARI,Puisto,METSÄHAAPA,Populus,tremula,10 - 20 cm,,Helsinki/MAKA,2026-02-27,POINT (24.97004570961267 60.174093030063545)
Puurekisteri_piste.10196,10196,P-43067-156,,TERVASAARI,Puisto,METSÄHAAPA,Populus,tremula,20 - 30 cm,,Helsinki/MAKA,2026-02-27,POINT (24.97005632885485 60.174092363721016)
Puurekisteri_piste.10197,10197,P-43067-157,,TERVASAARI,Puisto,METSÄHAAPA,Populus,tremula,20 - 30 cm,,Helsinki/MAKA,2026-02-27,POINT (24.97007094428531 60.17410029873756)
Puurekisteri_piste.10198,10198,P-34019-116,,ALPPIPUISTO (ETELÄ),Puisto,KOTIPIHLAJA,Sorbus,aucuparia,0 - 10 cm,,Helsinki/MAKA,2026-02-27,POINT (24.94044184771427 60.18684366912826)
Puurekisteri_piste.10200,10200,P-42005-940,,KAIVOPUISTO,Puisto,TERVALEPPÄ,Alnus,glutinosa,30 - 50 cm,,Helsinki/MAKA,2026-02-27,POINT (24.954382153285067 60.15794409619244)
Puurekisteri_piste.9975,9975,P-53003-1905,,TULLISAAREN KARTANO,Puisto,METSÄMÄNTY,Pinus,sylvestris,30 - 50 cm,,Helsinki/MAKA,2026-02-27,POINT (25.024069958580533 60.17742929569576)
Puurekisteri_piste.9976,9976,P-32040-57,,JOHANNEKSEN PUISTO,Puisto,LEHTIKUUSI,Larix,sp.,0 - 10 cm,,Helsinki/MAKA,2026-02-27,POINT (24.94424250703874 60.161889193460595)
Puurekisteri_piste.9977,9977,K-4108,HÄMEENTIE,,Katu,PUISTOLEHMUS,Tilia,x vulgaris,20 - 30 cm,,Helsinki/MAKA,2026-02-27,POINT (24.964272677966576 60.19393198724733)
Puurekisteri_piste.9978,9978,K-4109,HÄMEENTIE,,Katu,PUISTOLEHMUS,Tilia,x vulgaris,20 - 30 cm,,Helsinki/MAKA,2026-02-27,POINT (24.96421454072054 60.19399869285065)
Puurekisteri_piste.9979,9979,K-8162,VANHA TURUN MAANTIE,,Katu,METSÄVAAHTERA,Acer,platanoides,30 - 50 cm,,Helsinki/MAKA,2026-02-27,POINT (24.8931871700114 60.20930023102374)
Puurekisteri_piste.9980,9980,K-8164,VANHA TURUN MAANTIE,,Katu,METSÄVAAHTERA,Acer,platanoides,10 - 20 cm,,Helsinki/MAKA,2026-02-27,POINT (24.893880239853104 60.2093172460614)
Puurekisteri_piste.9989,9989,P-33016-165,,KAISANIEMENPUISTO,Puisto,PUISTOLEHMUS,Tilia,x vulgaris,70 cm -,,Helsinki/MAKA,2026-02-27,POINT (24.94269849731955 60.1765587300017)
Puurekisteri_piste.9990,9990,K-2868,HUOPALAHDENTIE,,Katu,PUISTOLEHMUS,Tilia,x vulgaris,30 - 50 cm,,Helsinki/MAKA,2026-02-27,POINT (24.882196212104997 60.20212867857549)
Puurekisteri_piste.9992,9992,K-287,KUSTAA VAASAN TIE,,Katu,PUISTOLEHMUS,Tilia,x vulgaris,10 - 20 cm,,Helsinki/MAKA,2026-02-27,POINT (24.971339544147977 60.2136248414083)
Puurekisteri_piste.9993,9993,K-2870,HUOPALAHDENTIE,,Katu,PUISTOLEHMUS,Tilia,x vulgaris,30 - 50 cm,,Helsinki/MAKA,2026-02-27,POINT (24.8821605609821 60.202239782253855)
Puurekisteri_piste.10254,10254,P-33102-22,,LAPINLAHDEN PUISTIKKO,Puisto,OMENAPUU,Malus,sp.,20 - 30 cm,,Helsinki/MAKA,2026-02-27,POINT (24.93154615461376 60.16614126617344)
Puurekisteri_piste.10255,10255,P-33016-315,,KAISANIEMENPUISTO,Puisto,METSÄVAAHTERA,Acer,platanoides,50 - 70 cm,,Helsinki/MAKA,2026-02-27,POINT (24.946683449401103 60.174457274956495)
Puurekisteri_piste.10257,10257,P-33016-317,,KAISANIEMENPUISTO,Puisto,METSÄVAAHTERA,Acer,platanoides,70 cm -,,Helsinki/MAKA,2026-02-27,POINT (24.946378884747652 60.1744490844206)
Puurekisteri_piste.10261,10261,P-32002-2,,KAPTEENINPUISTIKKO,Puisto,PUISTOLEHMUS,Tilia,x vulgaris,30 - 50 cm,,Helsinki/MAKA,2026-02-27,POINT (24.94558164642183 60.15800934993781)
Puurekisteri_piste.10262,10262,P-53003-812,,TULLISAAREN KARTANO,Puisto,METSÄVAAHTERA,Acer,platanoides,30 - 50 cm,,Helsinki/MAKA,2026-02-27,POINT (25.030108684468402 60.18038765927728)
Puurekisteri_piste.10266,10266,P-42005-892,,KAIVOPUISTO,Puisto,LEHMUS,Tilia,sp.,70 cm -,,Helsinki/MAKA,2026-02-27,POINT (24.954709740526475 60.1574157421185)
Puurekisteri_piste.10267,10267,P-42005-893,,KAIVOPUISTO,Puisto,PUISTOLEHMUS,Tilia,x vulgaris,50 - 70 cm,,Helsinki/MAKA,2026-02-27,POINT (24.954889775256287 60.15745194616364)
Puurekisteri_piste.10269,10269,K-8037,EHRENSTRÖMINTIE,,Katu,METSÄVAAHTERA,Acer,platanoides,10 - 20 cm,,Helsinki/MAKA,2026-02-27,POINT (24.962886321656637 60.15669964906969)
Puurekisteri_piste.10270,10270,K-8038,EHRENSTRÖMINTIE,,Katu,METSÄVAAHTERA,Acer,platanoides,20 - 30 cm,,Helsinki/MAKA,2026-02-27,POINT (24.96295336931893 60.15661005365892)
Puurekisteri_piste.10272,10272,K-466,HÄMEENTIE,,Katu,METSÄVAAHTERA,Acer,platanoides,20 - 30 cm,,Helsinki/MAKA,2026-02-27,POINT (24.964447584074968 60.202215407549)
Puurekisteri_piste.10250,10250,P-34019-26,,ALPPIPUISTO (ETELÄ),Puisto,OMENAPUU,Malus,sp.,10 - 20 cm,,Helsinki/MAKA,2026-02-27,POINT (24.94254070579295 60.187134693120505)
Puurekisteri_piste.10251,10251,P-34019-27,,ALPPIPUISTO (ETELÄ),Puisto,KORISTEOMENALAJIKE,Malus,Linnanmäki,10 - 20 cm,,Helsinki/MAKA,2026-02-27,POINT (24.942502656045175 60.18711574895329)
Puurekisteri_piste.10120,10120,P-33253-76,,TOIVO KUULAN PUISTO,Puisto,RAUDUSKOIVU,Betula,pendula,30 - 50 cm,,Helsinki/MAKA,2026-02-27,POINT (24.912160520828156 60.17854498101057)
Puurekisteri_piste.10121,10121,P-33253-77,,TOIVO KUULAN PUISTO,Puisto,RAUDUSKOIVU,Betula,pendula,50 - 70 cm,,Helsinki/MAKA,2026-02-27,POINT (24.912152606071377 60.178591756265114)
Puurekisteri_piste.10124,10124,P-24032-69,,MUNKKINIEMEN PUISTOTIE PUISTOKAISTAT,Puisto,PUISTOLEHMUS,Tilia,x vulgaris,20 - 30 cm,,Helsinki/MAKA,2026-02-27,POINT (24.882791748874716 60.19673661395293)
Puurekisteri_piste.10125,10125,P-53004-367,,STANSVIKINKARTANO,Puisto,RAUDUSKOIVU,Betula,pendula,30 - 50 cm,,Helsinki/MAKA,2026-02-27,POINT (25.02851784119255 60.16488567397966)
Puurekisteri_piste.10126,10126,P-53004-368,,STANSVIKINKARTANO,Puisto,METSÄKUUSI,Picea,abies,10 - 20 cm,,Helsinki/MAKA,2026-02-27,POINT (25.02854607926302 60.164883221355915)
Puurekisteri_piste.10127,10127,P-53004-369,,STANSVIKINKARTANO,Puisto,RAUDUSKOIVU,Betula,pendula,30 - 50 cm,,Helsinki/MAKA,2026-02-27,POINT (25.02861359340709 60.16487920551718)
Puurekisteri_piste.10128,10128,P-53004-370,,STANSVIKINKARTANO,Puisto,RAUDUSKOIVU,Betula,pendula,20 - 30 cm,,Helsinki/MAKA,2026-02-27,POINT (25.028563831171876 60.16484607676845)
Puurekisteri_piste.10129,10129,P-53004-371,,STANSVIKINKARTANO,Puisto,RAUDUSKOIVU,Betula,pendula,0 - 10 cm,,Helsinki/MAKA,2026-02-27,POINT (25.028508174637917 60.16483176513337)
Puurekisteri_piste.10130,10130,P-53004-372,,STANSVIKINKARTANO,Puisto,METSÄTAMMI,Quercus,robur,0 - 10 cm,,Helsinki/MAKA,2026-02-27,POINT (25.028429938756254 60.16483905576499)
Puurekisteri_piste.10131,10131,P-54037-467,,HERTTONIEMENKARTANO,Puisto,VAAHTERA,Acer,sp.,20 - 30 cm,,Helsinki/MAKA,2026-02-27,POINT (25.042518414842853 60.19020281056321)
Puurekisteri_piste.10132,10132,P-54037-468,,HERTTONIEMENKARTANO,Puisto,VAAHTERA,Acer,sp.,10 - 20 cm,,Helsinki/MAKA,2026-02-27,POINT (25.042360257285235 60.19020049393154)
Puurekisteri_piste.10133,10133,P-54037-469,,HERTTONIEMENKARTANO,Puisto,VAAHTERA,Acer,sp.,10 - 20 cm,,Helsinki/MAKA,2026-02-27,POINT (25.042338912307 60.19021938772549)
Puurekisteri_piste.9890,9890,P-44017-192,,KATRI VALAN PUISTO,Puisto,VUORIJALAVA,Ulmus,glabra,30 - 50 cm,,Helsinki/MAKA,2026-02-27,POINT (24.96468632610831 60.185413160368135)
Puurekisteri_piste.9891,9891,P-44017-193,,KATRI VALAN PUISTO,Puisto,VUORIJALAVA,Ulmus,glabra,10 - 20 cm,,Helsinki/MAKA,2026-02-27,POINT (24.964362307418497 60.18549318924767)
Puurekisteri_piste.9892,9892,P-44017-194,,KATRI VALAN PUISTO,Puisto,VUORIJALAVA,Ulmus,glabra,30 - 50 cm,,Helsinki/MAKA,2026-02-27,POINT (24.96428659011031 60.185512163786285)
Puurekisteri_piste.9894,9894,P-43067-168,,TERVASAARI,Puisto,HIESKOIVU,Betula,pubescens,20 - 30 cm,,Helsinki/MAKA,2026-02-27,POINT (24.970016401271252 60.17384686213084)
Puurekisteri_piste.9895,9895,P-43067-169,,TERVASAARI,Puisto,RAUDUSKOIVU,Betula,pendula,20 - 30 cm,,Helsinki/MAKA,2026-02-27,POINT (24.970028858684657 60.17384064386834)
Puurekisteri_piste.9896,9896,P-43067-170,,TERVASAARI,Puisto,RAUDUSKOIVU,Betula,pendula,20 - 30 cm,,Helsinki/MAKA,2026-02-27,POINT (24.969849306419903 60.1738102672907)
Puurekisteri_piste.9897,9897,P-43067-171,,TERVASAARI,Puisto,RAUDUSKOIVU,Betula,pendula,20 - 30 cm,,Helsinki/MAKA,2026-02-27,POINT (24.969870512012672 60.17381957848791)
Puurekisteri_piste.9898,9898,P-43067-172,,TERVASAARI,Puisto,RAUDUSKOIVU,Betula,pendula,10 - 20 cm,,Helsinki/MAKA,2026-02-27,POINT (24.96987176985478 60.17382703383183)
Puurekisteri_piste.9901,9901,P-33016-465,,KAISANIEMENPUISTO,Puisto,AITAORAPIHLAJA,Crataegus,grayana,70 cm -,,Helsinki/MAKA,2026-02-27,POINT (24.9443529696633 60.174403298408514)
Puurekisteri_piste.9902,9902,P-33016-466,,KAISANIEMENPUISTO,Puisto,AITAORAPIHLAJA,Crataegus,grayana,70 cm -,,Helsinki/MAKA,2026-02-27,POINT (24.944407326060375 60.174401934276304)
Puurekisteri_piste.9903,9903,P-43001-29,,LAIVASTOPUISTO,Puisto,RAUDUSKOIVU,Betula,pendula,20 - 30 cm,,Helsinki/MAKA,2026-02-27,POINT (24.96847216674638 60.168833835226955)
Puurekisteri_piste.9905,9905,K-2887,HUOPALAHDENTIE,,Katu,PUISTOLEHMUS,Tilia,x vulgaris,20 - 30 cm,,Helsinki/MAKA,2026-02-27,POINT (24.882516333113543 60.20082376457555)
Puurekisteri_piste.9906,9906,K-2888,HUOPALAHDENTIE,,Katu,PUISTOLEHMUS,Tilia,x vulgaris,20 - 30 cm,,Helsinki/MAKA,2026-02-27,POINT (24.882353206296468 60.20109270691128)
Puurekisteri_piste.9909,9909,K-2890,HUOPALAHDENTIE,,Katu,RAUDUSKOIVU,Betula,pendula,30 - 50 cm,,Helsinki/MAKA,2026-02-27,POINT (24.88220207344758 60.20112488450446)
Puurekisteri_piste.9910,9910,K-2891,HUOPALAHDENTIE,,Katu,RAUDUSKOIVU,Betula,pendula,30 - 50 cm,,Helsinki/MAKA,2026-02-27,POINT (24.882185671320595 60.20114446360621)
Puurekisteri_piste.9913,9913,K-9431,POHJOLANKATU,,Katu,PUISTOLEHMUS,Tilia,x vulgaris,50 - 70 cm,,Helsinki/MAKA,2026-02-27,POINT (24.953179819009527 60.21645182621408)
Puurekisteri_piste.9914,9914,K-9433,POHJOLANKATU,,Katu,PUISTOLEHMUS,Tilia,x vulgaris,30 - 50 cm,,Helsinki/MAKA,2026-02-27,POINT (24.95341621111516 60.21653451996948)
Puurekisteri_piste.9915,9915,P-33003-115,,VANHA KIRKKOPUISTO,Puisto,METSÄVAAHTERA,Acer,platanoides,50 - 70 cm,,Helsinki/MAKA,2026-02-27,POINT (24.93839407488342 60.16594618916694)
Puurekisteri_piste.9917,9917,P-33003-117,,VANHA KIRKKOPUISTO,Puisto,METSÄVAAHTERA,Acer,platanoides,30 - 50 cm,,Helsinki/MAKA,2026-02-27,POINT (24.93834814471873 60.165983289494285)
Puurekisteri_piste.10731,10731,P-32031-149,,SINEBRYCHOFFIN PUISTO,Puisto,METSÄVAAHTERA,Acer,platanoides,20 - 30 cm,,Helsinki/MAKA,2026-02-27,POINT (24.934379189911546 60.161176594267715)
Puurekisteri_piste.10738,10738,P-34019-193,,ALPPIPUISTO (ETELÄ),Puisto,RAUDUSKOIVU,Betula,pendula,30 - 50 cm,,Helsinki/MAKA,2026-02-27,POINT (24.94026793473201 60.18614475196493)
Puurekisteri_piste.10739,10739,P-53003-1018,,TULLISAAREN KARTANO,Puisto,RAUDUSKOIVU,Betula,pendula,10 - 20 cm,,Helsinki/MAKA,2026-02-27,POINT (25.030993398603194 60.18122834461547)
Puurekisteri_piste.10745,10745,K-7678,KATAJAHARJUNTIE,,Katu,RAUDUSKOIVU,Betula,pendula,30 - 50 cm,,Helsinki/MAKA,2026-02-27,POINT (24.85741316067025 60.16730028705915)
Puurekisteri_piste.10746,10746,P-33054-96,,HESPERIAN ESPLANADI,Puisto,VUORIJALAVA,Ulmus,glabra,30 - 50 cm,,Helsinki/MAKA,2026-02-27,POINT (24.918484363528492 60.17671308218903)
Puurekisteri_piste.10749,10749,P-43001-232,,LAIVASTOPUISTO,Puisto,ISOLEHTILEHMUS,Tilia,platyphyllos,20 - 30 cm,,Helsinki/MAKA,2026-02-27,POINT (24.978336579924314 60.16842086378235)
Puurekisteri_piste.10753,10753,K-9578,KÄPYLÄNTIE,,Katu,PUISTOLEHMUS,Tilia,x vulgaris,20 - 30 cm,,Helsinki/MAKA,2026-02-27,POINT (24.9604778534222 60.21841541844025)
Puurekisteri_piste.10754,10754,K-9579,KÄPYLÄNTIE,,Katu,PUISTOLEHMUS,Tilia,x vulgaris,30 - 50 cm,,Helsinki/MAKA,2026-02-27,POINT (24.96052614280274 60.218516375660776)
Puurekisteri_piste.10755,10755,K-958,RATAMESTARINKATU,,Katu,PUISTOLEHMUS,Tilia,x vulgaris,20 - 30 cm,,Helsinki/MAKA,2026-02-27,POINT (24.94024198715986 60.19837465825499)
Puurekisteri_piste.10756,10756,K-35,KORPPAANMÄENTIE,,Katu,PILARITERVALEPPÄ,Alnus,glutinosa,10 - 20 cm,,Helsinki/MAKA,2026-02-27,POINT (24.891947776681842 60.20788869674319)
Puurekisteri_piste.10757,10757,K-350,KUSTAA VAASAN TIE,,Katu,PUISTOLEHMUS,Tilia,x vulgaris,10 - 20 cm,,Helsinki/MAKA,2026-02-27,POINT (24.968333315325417 60.20944078539407)
Puurekisteri_piste.10758,10758,K-3500,TÖÖLÖNKATU,,Katu,PUISTOLEHMUS,Tilia,x vulgaris,20 - 30 cm,,Helsinki/MAKA,2026-02-27,POINT (24.919749731604362 60.18396330296569)
Puurekisteri_piste.10761,10761,P-53003-999,,TULLISAAREN KARTANO,Puisto,RAUDUSKOIVU,Betula,pendula,30 - 50 cm,,Helsinki/MAKA,2026-02-27,POINT (25.030982598933424 60.1811460319044)
Puurekisteri_piste.10767,10767,K-9417,POHJOLANKATU,,Katu,PUISTOLEHMUS,Tilia,x vulgaris,30 - 50 cm,,Helsinki/MAKA,2026-02-27,POINT (24.952718265735925 60.21633077253821)
Puurekisteri_piste.10768,10768,P-33016-168,,KAISANIEMENPUISTO,Puisto,METSÄTAMMI,Quercus,robur,70 cm -,,Helsinki/MAKA,2026-02-27,POINT (24.942724925321563 60.176425747244764)
Puurekisteri_piste.10769,10769,P-43067-159,,TERVASAARI,Puisto,RAUDUSKOIVU,Betula,pendula,20 - 30 cm,,Helsinki/MAKA,2026-02-27,POINT (24.969955291616323 60.17399513935817)
Puurekisteri_piste.10771,10771,K-4058,HÄMEENTIE,,Katu,PUISTOLEHMUS,Tilia,x vulgaris,20 - 30 cm,,Helsinki/MAKA,2026-02-27,POINT (24.96441844470588 60.19171647593736)
Puurekisteri_piste.10773,10773,K-581,MÄKELÄNKATU,,Katu,PUISTOLEHMUS,Tilia,x vulgaris,50 - 70 cm,,Helsinki/MAKA,2026-02-27,POINT (24.945300708050926 60.20457771105343)
Puurekisteri_piste.10774,10774,K-2901,TIETOKUJA,,Katu,METSÄLEHMUS,Tilia,cordata,20 - 30 cm,,Helsinki/MAKA,2026-02-27,POINT (24.881677718890337 60.201300916449945)
Puurekisteri_piste.10357,10357,K-701,RAUTATIELÄISENKATU,,Katu,PYLVÄSHAAPA,Populus,tremula,0 - 10 cm,,Helsinki/MAKA,2026-02-27,POINT (24.937789900783116 60.201545788393105)
Puurekisteri_piste.10359,10359,P-32008-118,,URSININKALLIO,Puisto,LEHTOSAARNI,Fraxinus,excelsior,30 - 50 cm,,Helsinki/MAKA,2026-02-27,POINT (24.94215695115468 60.153879646078444)
Puurekisteri_piste.10360,10360,P-32008-119,,URSININKALLIO,Puisto,LEHTOSAARNI,Fraxinus,excelsior,30 - 50 cm,,Helsinki/MAKA,2026-02-27,POINT (24.942153614916467 60.15383021128336)
Puurekisteri_piste.10362,10362,P-34019-24,,ALPPIPUISTO (ETELÄ),Puisto,OMENAPUU,Malus,sp.,10 - 20 cm,,Helsinki/MAKA,2026-02-27,POINT (24.94253412394063 60.18720777833765)
Puurekisteri_piste.10365,10365,P-32031-32,,SINEBRYCHOFFIN PUISTO,Puisto,METSÄVAAHTERA,Acer,platanoides,10 - 20 cm,,Helsinki/MAKA,2026-02-27,POINT (24.933319430614084 60.1615392296159)
Puurekisteri_piste.10366,10366,P-32031-33,,SINEBRYCHOFFIN PUISTO,Puisto,METSÄVAAHTERA,Acer,platanoides,10 - 20 cm,,Helsinki/MAKA,2026-02-27,POINT (24.9332781025389 60.161498037659605)
Puurekisteri_piste.10367,10367,K-7667,MANNERHEIMINTIE,,Katu,PUISTOLEHMUS,Tilia,x vulgaris,10 - 20 cm,,Helsinki/MAKA,2026-02-27,POINT (24.94164683172876 60.16771863692544)
Puurekisteri_piste.10368,10368,K-7669,ISOKAARI,,Katu,PUISTOLEHMUS,Tilia,x vulgaris,10 - 20 cm,,Helsinki/MAKA,2026-02-27,POINT (24.862354931727463 60.1576205842517)
Puurekisteri_piste.10371,10371,P-32031-108,,SINEBRYCHOFFIN PUISTO,Puisto,PUISTOLEHMUS,Tilia,x vulgaris,70 cm -,,Helsinki/MAKA,2026-02-27,POINT (24.933829501539286 60.16068139818688)
Puurekisteri_piste.10372,10372,P-43001-30,,LAIVASTOPUISTO,Puisto,RAUDUSKOIVU,Betula,pendula,10 - 20 cm,,Helsinki/MAKA,2026-02-27,POINT (24.968495649349173 60.16883460759115)
Puurekisteri_piste.10376,10376,K-7116,ITÄMERENKATU,,Katu,PUISTOLEHMUS,Tilia,x vulgaris,10 - 20 cm,,Helsinki/MAKA,2026-02-27,POINT (24.916788531778966 60.163518632004376)
Puurekisteri_piste.10377,10377,K-9449,POHJOLANKATU,,Katu,PUISTOLEHMUS,Tilia,x vulgaris,0 - 10 cm,,Helsinki/MAKA,2026-02-27,POINT (24.955821832454664 60.217495962544305)
Puurekisteri_piste.10378,10378,K-945,RATAPIHANTIE,,Katu,VUORIJALAVA,Ulmus,glabra,10 - 20 cm,,Helsinki/MAKA,2026-02-27,POINT (24.93561651364025 60.19688231214006)
Puurekisteri_piste.10379,10379,P-43001-32,,LAIVASTOPUISTO,Puisto,RAUDUSKOIVU,Betula,pendula,10 - 20 cm,,Helsinki/MAKA,2026-02-27,POINT (24.96851284911367 60.16882055498023)
Puurekisteri_piste.10380,10380,P-43001-33,,LAIVASTOPUISTO,Puisto,RAITA,Salix,caprea,0 - 10 cm,,Helsinki/MAKA,2026-02-27,POINT (24.96862710234931 60.16880568726487)
Puurekisteri_piste.10381,10381,P-43001-34,,LAIVASTOPUISTO,Puisto,RAITA,Salix,caprea,0 - 10 cm,,Helsinki/MAKA,2026-02-27,POINT (24.968639622546473 60.16880412192196)
Puurekisteri_piste.10382,10382,P-43001-35,,LAIVASTOPUISTO,Puisto,JALAVA,Ulmus,sp.,20 - 30 cm,,Helsinki/MAKA,2026-02-27,POINT (24.968794556047087 60.168775973772554)
Puurekisteri_piste.10384,10384,P-33054-174,,HESPERIAN ESPLANADI,Puisto,VUORIJALAVA,Ulmus,glabra,70 cm -,,Helsinki/MAKA,2026-02-27,POINT (24.91536470924798 60.17637803866936)
Puurekisteri_piste.10386,10386,P-33054-176,,HESPERIAN ESPLANADI,Puisto,VUORIJALAVA,Ulmus,glabra,50 - 70 cm,,Helsinki/MAKA,2026-02-27,POINT (24.91503877595651 60.17633588000522)
Puurekisteri_piste.10388,10388,P-33054-178,,HESPERIAN ESPLANADI,Puisto,VUORIJALAVA,Ulmus,glabra,30 - 50 cm,,Helsinki/MAKA,2026-02-27,POINT (24.91470300773117 60.17630581254121)
Puurekisteri_piste.10389,10389,P-53003-1893,,TULLISAAREN KARTANO,Puisto,METSÄMÄNTY,Pinus,sylvestris,30 - 50 cm,,Helsinki/MAKA,2026-02-27,POINT (25.023791018928627 60.17747306140882)
Puurekisteri_piste.10390,10390,P-53003-1894,,TULLISAAREN KARTANO,Puisto,METSÄMÄNTY,Pinus,sylvestris,30 - 50 cm,,Helsinki/MAKA,2026-02-27,POINT (25.024002805140277 60.17764184802602)
Puurekisteri_piste.10391,10391,P-44017-221,,KATRI VALAN PUISTO,Puisto,VUORIJALAVA,Ulmus,glabra,0 - 10 cm,,Helsinki/MAKA,2026-02-27,POINT (24.963623276052015 60.18614392745733)
Puurekisteri_piste.10392,10392,P-34019-150,,ALPPIPUISTO (ETELÄ),Puisto,KUJASALAVA,Salix,x rubens,30 - 50 cm,,Helsinki/MAKA,2026-02-27,POINT (24.94010760735242 60.18674428935983)
Puurekisteri_piste.10395,10395,P-34019-153,,ALPPIPUISTO (ETELÄ),Puisto,KOTIPIHLAJA,Sorbus,aucuparia,0 - 10 cm,,Helsinki/MAKA,2026-02-27,POINT (24.940391629870547 60.18677557020915)
Puurekisteri_piste.10398,10398,K-9508,KÄPYLÄNTIE,,Katu,PUISTOLEHMUS,Tilia,x vulgaris,20 - 30 cm,,Helsinki/MAKA,2026-02-27,POINT (24.95899458771347 60.21577398572632)
Puurekisteri_piste.10399,10399,K-951,RATAPIHANTIE,,Katu,VUORIJALAVA,Ulmus,glabra,10 - 20 cm,,Helsinki/MAKA,2026-02-27,POINT (24.93511929842876 60.198519370853916)
Puurekisteri_piste.10400,10400,P-44017-153,,KATRI VALAN PUISTO,Puisto,VUORIJALAVA,Ulmus,glabra,0 - 10 cm,,Helsinki/MAKA,2026-02-27,POINT (24.964760718440257 60.186474746969765)
Puurekisteri_piste.10401,10401,P-44017-154,,KATRI VALAN PUISTO,Puisto,VUORIJALAVA,Ulmus,glabra,20 - 30 cm,,Helsinki/MAKA,2026-02-27,POINT (24.96425482046448 60.186591170753154)
Puurekisteri_piste.10402,10402,P-44017-155,,KATRI VALAN PUISTO,Puisto,RUOTSINPIHLAJA,Sorbus,intermedia,20 - 30 cm,,Helsinki/MAKA,2026-02-27,POINT (24.96417396494758 60.18654580786519)
Puurekisteri_piste.10403,10403,P-44017-156,,KATRI VALAN PUISTO,Puisto,VUORIJALAVA,Ulmus,glabra,20 - 30 cm,,Helsinki/MAKA,2026-02-27,POINT (24.96417800750714 60.18652961531326)
Puurekisteri_piste.10404,10404,P-44017-157,,KATRI VALAN PUISTO,Puisto,VUORIJALAVA,Ulmus,glabra,20 - 30 cm,,Helsinki/MAKA,2026-02-27,POINT (24.964481142664184 60.186166282095726)
Puurekisteri_piste.10405,10405,P-53003-1927,,TULLISAAREN KARTANO,Puisto,METSÄMÄNTY,Pinus,sylvestris,10 - 20 cm,,Helsinki/MAKA,2026-02-27,POINT (25.02335833620659 60.17725083621626)
Puurekisteri_piste.10582,10582,K-5803,,,Katu,PUISTOLEHMUS,Tilia,x vulgaris,30 - 50 cm,,Helsinki/MAKA,2026-02-27,POINT (24.940096864036267 60.17923484409141)
Puurekisteri_piste.10583,10583,K-5804,,,Katu,PUISTOLEHMUS,Tilia,x vulgaris,30 - 50 cm,,Helsinki/MAKA,2026-02-27,POINT (24.94006736776072 60.1793261274065)
Puurekisteri_piste.10584,10584,K-7760,ISOKAARI,,Katu,OMENAPUU,Malus,sp.,10 - 20 cm,,Helsinki/MAKA,2026-02-27,POINT (24.861146135059 60.15852404425224)
Puurekisteri_piste.10585,10585,K-6197,HIEKKARANNANTIE,,Katu,HOPEASALAVA,Salix,alba,30 - 50 cm,,Helsinki/MAKA,2026-02-27,POINT (24.90682741135591 60.173085943269236)
Puurekisteri_piste.10586,10586,K-6199,HIETANIEMENKATU,,Katu,RAUDUSKOIVU,Betula,pendula,20 - 30 cm,,Helsinki/MAKA,2026-02-27,POINT (24.908069287356803 60.173311436781276)
Puurekisteri_piste.10589,10589,K-6200,HIETANIEMENKATU,,Katu,RAUDUSKOIVU,Betula,pendula,30 - 50 cm,,Helsinki/MAKA,2026-02-27,POINT (24.908196489181197 60.17327357287836)
Puurekisteri_piste.10590,10590,P-43067-350,,TERVASAARI,Puisto,RAUDUSKOIVU,Betula,pendula,10 - 20 cm,,Helsinki/MAKA,2026-02-27,POINT (24.969659748961003 60.17283293244151)
Puurekisteri_piste.10591,10591,P-43067-351,,TERVASAARI,Puisto,METSÄVAAHTERA,Acer,platanoides,0 - 10 cm,,Helsinki/MAKA,2026-02-27,POINT (24.969754861416067 60.17283932443737)
Puurekisteri_piste.10592,10592,P-43067-352,,TERVASAARI,Puisto,METSÄVAAHTERA,Acer,platanoides,0 - 10 cm,,Helsinki/MAKA,2026-02-27,POINT (24.969798407228794 60.17285497561379)
Puurekisteri_piste.10593,10593,P-43067-353,,TERVASAARI,Puisto,METSÄVAAHTERA,Acer,platanoides,0 - 10 cm,,Helsinki/MAKA,2026-02-27,POINT (24.96979684294252 60.172887112358886)
Puurekisteri_piste.10596,10596,P-33101-11,,LASTENLEHTO,Puisto,METSÄVAAHTERA,Acer,platanoides,20 - 30 cm,,Helsinki/MAKA,2026-02-27,POINT (24.92815655042675 60.16636353577337)
Puurekisteri_piste.10600,10600,K-9310,POHJOLANKATU,,Katu,PUISTOLEHMUS,Tilia,x vulgaris,50 - 70 cm,,Helsinki/MAKA,2026-02-27,POINT (24.94414149529502 60.21377174612019)
Puurekisteri_piste.10604,10604,K-9475,KÄPYLÄNTIE,,Katu,PUISTOLEHMUS,Tilia,x vulgaris,10 - 20 cm,,Helsinki/MAKA,2026-02-27,POINT (24.95871770989305 60.21407459812768)
Puurekisteri_piste.10605,10605,K-9476,KÄPYLÄNTIE,,Katu,PUISTOLEHMUS,Tilia,x vulgaris,20 - 30 cm,,Helsinki/MAKA,2026-02-27,POINT (24.958732250132375 60.21416955231802)
Puurekisteri_piste.10607,10607,K-9009,MERISATAMANRANTA,,Katu,PUISTOLEHMUS,Tilia,x vulgaris,50 - 70 cm,,Helsinki/MAKA,2026-02-27,POINT (24.94576762548239 60.15472880326223)
Puurekisteri_piste.10609,10609,K-9010,MERISATAMANRANTA,,Katu,PUISTOLEHMUS,Tilia,x vulgaris,50 - 70 cm,,Helsinki/MAKA,2026-02-27,POINT (24.94593923171428 60.15475201668982)
Puurekisteri_piste.10611,10611,P-53003-1320,,TULLISAAREN KARTANO,Puisto,METSÄVAAHTERA,Acer,platanoides,30 - 50 cm,,Helsinki/MAKA,2026-02-27,POINT (25.034389612039774 60.18024164181743)
Puurekisteri_piste.10613,10613,K-9130,HERNESAARENRANTA,,Katu,PUISTOLEHMUS,Tilia,x vulgaris,10 - 20 cm,,Helsinki/MAKA,2026-02-27,POINT (24.92695091653804 60.14930822544343)
Puurekisteri_piste.10614,10614,K-9131,HERNESAARENRANTA,,Katu,PUISTOLEHMUS,Tilia,x vulgaris,10 - 20 cm,,Helsinki/MAKA,2026-02-27,POINT (24.926843065362448 60.149210758211865)
Puurekisteri_piste.10615,10615,P-42005-990,,KAIVOPUISTO,Puisto,LEHTIKUUSI,Larix,sp.,70 cm -,,Helsinki/MAKA,2026-02-27,POINT (24.955203187542377 60.15661196499028)
Puurekisteri_piste.10616,10616,P-42005-991,,KAIVOPUISTO,Puisto,METSÄTAMMI,Quercus,robur,50 - 70 cm,,Helsinki/MAKA,2026-02-27,POINT (24.955125802393326 60.156664870637876)
Puurekisteri_piste.10617,10617,P-42005-992,,KAIVOPUISTO,Puisto,METSÄTAMMI,Quercus,robur,50 - 70 cm,,Helsinki/MAKA,2026-02-27,POINT (24.955010949661187 60.15667633063984)
Puurekisteri_piste.10619,10619,P-42005-994,,KAIVOPUISTO,Puisto,LEHTIKUUSI,Larix,sp.,70 cm -,,Helsinki/MAKA,2026-02-27,POINT (24.95496033729346 60.15679808451566)
Puurekisteri_piste.10620,10620,P-43001-287,,LAIVASTOPUISTO,Puisto,VUORIJALAVA,Ulmus,glabra,20 - 30 cm,,Helsinki/MAKA,2026-02-27,POINT (24.979111710092624 60.16718035486851)
Puurekisteri_piste.10625,10625,P-33016-133,,KAISANIEMENPUISTO,Puisto,VUORIJALAVA,Ulmus,glabra,70 cm -,,Helsinki/MAKA,2026-02-27,POINT (24.943538328839686 60.17428868251148)
Puurekisteri_piste.10626,10626,P-33016-428,,KAISANIEMENPUISTO,Puisto,METSÄTAMMI,Quercus,robur,70 cm -,,Helsinki/MAKA,2026-02-27,POINT (24.94516864791758 60.1737597643493)
Puurekisteri_piste.10627,10627,P-33016-429,,KAISANIEMENPUISTO,Puisto,LEHTOSAARNI,Fraxinus,excelsior,50 - 70 cm,,Helsinki/MAKA,2026-02-27,POINT (24.944831562220326 60.17373077148747)
Puurekisteri_piste.9876,9876,P-33054-103,,HESPERIAN ESPLANADI,Puisto,VUORIJALAVA,Ulmus,glabra,50 - 70 cm,,Helsinki/MAKA,2026-02-27,POINT (24.91943932078932 60.176748669435085)
Puurekisteri_piste.9880,9880,P-44017-234,,KATRI VALAN PUISTO,Puisto,HIESKOIVU,Betula,pubescens,0 - 10 cm,,Helsinki/MAKA,2026-02-27,POINT (24.962845271081942 60.18647251863809)
Puurekisteri_piste.9881,9881,P-44017-235,,KATRI VALAN PUISTO,Puisto,METSÄVAAHTERA,Acer,platanoides,0 - 10 cm,,Helsinki/MAKA,2026-02-27,POINT (24.96299089473318 60.186544153478835)
Puurekisteri_piste.9882,9882,P-33054-171,,HESPERIAN ESPLANADI,Puisto,VUORIJALAVA,Ulmus,glabra,50 - 70 cm,,Helsinki/MAKA,2026-02-27,POINT (24.9158952144711 60.17643587575594)
Puurekisteri_piste.9884,9884,P-42005-963,,KAIVOPUISTO,Puisto,METSÄVAAHTERA,Acer,platanoides,50 - 70 cm,,Helsinki/MAKA,2026-02-27,POINT (24.953748652292784 60.157501781496585)
Puurekisteri_piste.9885,9885,P-42005-964,,KAIVOPUISTO,Puisto,METSÄVAAHTERA,Acer,platanoides,10 - 20 cm,,Helsinki/MAKA,2026-02-27,POINT (24.953887595458983 60.15748112309778)
Puurekisteri_piste.10443,10443,K-7792,ISOKAARI,,Katu,OMENAPUU,Malus,sp.,10 - 20 cm,,Helsinki/MAKA,2026-02-27,POINT (24.86600587613306 60.15658476772064)
Puurekisteri_piste.10445,10445,K-7795,ISOKAARI,,Katu,OMENAPUU,Malus,sp.,10 - 20 cm,,Helsinki/MAKA,2026-02-27,POINT (24.866499608613722 60.15658129023992)
Puurekisteri_piste.10446,10446,K-7796,ISOKAARI,,Katu,OMENAPUU,Malus,sp.,0 - 10 cm,,Helsinki/MAKA,2026-02-27,POINT (24.867237260977987 60.15661632380704)
Puurekisteri_piste.10447,10447,K-7797,ISOKAARI,,Katu,OMENAPUU,Malus,sp.,10 - 20 cm,,Helsinki/MAKA,2026-02-27,POINT (24.867308007920304 60.156626853420136)
Puurekisteri_piste.10448,10448,K-7798,ISOKAARI,,Katu,OMENAPUU,Malus,sp.,10 - 20 cm,,Helsinki/MAKA,2026-02-27,POINT (24.86750299394627 60.15663931763354)
Puurekisteri_piste.10449,10449,K-4170,VELLAMONKATU,,Katu,METSÄVAAHTERA,Acer,platanoides,20 - 30 cm,,Helsinki/MAKA,2026-02-27,POINT (24.96595084153303 60.19607607158733)
Puurekisteri_piste.10450,10450,K-4171,VELLAMONKATU,,Katu,METSÄVAAHTERA,Acer,platanoides,20 - 30 cm,,Helsinki/MAKA,2026-02-27,POINT (24.965874667375896 60.19613641159765)
Puurekisteri_piste.10451,10451,K-4323,ALEKSIS KIVEN KATU,,Katu,PUISTOLEHMUS,Tilia,x vulgaris,10 - 20 cm,,Helsinki/MAKA,2026-02-27,POINT (24.940466437101502 60.194476475361796)
Puurekisteri_piste.10452,10452,K-4324,ALEKSIS KIVEN KATU,,Katu,PUISTOLEHMUS,Tilia,x vulgaris,10 - 20 cm,,Helsinki/MAKA,2026-02-27,POINT (24.94036695760388 60.19452414904074)
Puurekisteri_piste.10455,10455,K-362,VÄINÖ AUERIN KATU,,Katu,SUOMENPIHLAJA,Sorbus,hybrida,0 - 10 cm,,Helsinki/MAKA,2026-02-27,POINT (24.964174616985886 60.206994926317456)
Puurekisteri_piste.10331,10331,P-32031-112,,SINEBRYCHOFFIN PUISTO,Puisto,PUISTOLEHMUS,Tilia,x vulgaris,70 cm -,,Helsinki/MAKA,2026-02-27,POINT (24.934290579943834 60.16078187063491)
Puurekisteri_piste.10332,10332,P-32031-113,,SINEBRYCHOFFIN PUISTO,Puisto,METSÄVAAHTERA,Acer,platanoides,20 - 30 cm,,Helsinki/MAKA,2026-02-27,POINT (24.93442937218447 60.16074725088091)
Puurekisteri_piste.10334,10334,P-32031-115,,SINEBRYCHOFFIN PUISTO,Puisto,METSÄVAAHTERA,Acer,platanoides,20 - 30 cm,,Helsinki/MAKA,2026-02-27,POINT (24.934447231728864 60.16077443891603)
Puurekisteri_piste.10335,10335,P-43067-237,,TERVASAARI,Puisto,RAITA,Salix,caprea,30 - 50 cm,,Helsinki/MAKA,2026-02-27,POINT (24.968469803766826 60.17387440774448)
Puurekisteri_piste.10336,10336,P-43067-238,,TERVASAARI,Puisto,LEPPÄ,Alnus,sp.,10 - 20 cm,,Helsinki/MAKA,2026-02-27,POINT (24.96858481107721 60.17390750127323)
Puurekisteri_piste.10337,10337,P-53003-502,,TULLISAAREN KARTANO,Puisto,KOTIPIHLAJA,Sorbus,aucuparia,30 - 50 cm,,Helsinki/MAKA,2026-02-27,POINT (25.02791536290636 60.17784274787072)
Puurekisteri_piste.10338,10338,P-53003-503,,TULLISAAREN KARTANO,Puisto,METSÄKUUSI,Picea,abies,20 - 30 cm,,Helsinki/MAKA,2026-02-27,POINT (25.027882745138943 60.17787416998065)
Puurekisteri_piste.10340,10340,K-6196,HIEKKARANNANTIE,,Katu,HOPEASALAVA,Salix,alba,30 - 50 cm,,Helsinki/MAKA,2026-02-27,POINT (24.906583876405993 60.17301698727131)
Puurekisteri_piste.10341,10341,K-815,RATAMESTARINKATU,,Katu,PUISTOLEHMUS,Tilia,x vulgaris,20 - 30 cm,,Helsinki/MAKA,2026-02-27,POINT (24.939757942801613 60.19967058137012)
Puurekisteri_piste.10344,10344,K-8152,VANHA TURUN MAANTIE,,Katu,METSÄVAAHTERA,Acer,platanoides,30 - 50 cm,,Helsinki/MAKA,2026-02-27,POINT (24.891800844870563 60.20906891354253)
Puurekisteri_piste.10345,10345,K-5139,SÖRNÄISTEN RANTATIE,,Katu,PUISTOLEHMUS,Tilia,x vulgaris,10 - 20 cm,,Helsinki/MAKA,2026-02-27,POINT (24.961074067333257 60.18135240301956)
Puurekisteri_piste.10346,10346,K-7066,SELKÄMERENKATU,,Katu,PUISTOLEHMUS,Tilia,x vulgaris,10 - 20 cm,,Helsinki/MAKA,2026-02-27,POINT (24.916900720309357 60.16041612973985)
Puurekisteri_piste.10347,10347,K-986,RATAMESTARINKATU,,Katu,PUISTOLEHMUS,Tilia,x vulgaris,20 - 30 cm,,Helsinki/MAKA,2026-02-27,POINT (24.941274278321398 60.196864318843346)
Puurekisteri_piste.10348,10348,K-987,RATAMESTARINKATU,,Katu,PUISTOLEHMUS,Tilia,x vulgaris,20 - 30 cm,,Helsinki/MAKA,2026-02-27,POINT (24.941041338007064 60.196837518803335)
Puurekisteri_piste.10349,10349,K-988,RATAMESTARINKATU,,Katu,PUISTOLEHMUS,Tilia,x vulgaris,20 - 30 cm,,Helsinki/MAKA,2026-02-27,POINT (24.94094724578089 60.196861138279296)
Puurekisteri_piste.10352,10352,K-990,RATAMESTARINKATU,,Katu,PUISTOLEHMUS,Tilia,x vulgaris,0 - 10 cm,,Helsinki/MAKA,2026-02-27,POINT (24.940924026801383 60.19692154555699)
Puurekisteri_piste.10353,10353,K-991,RATAMESTARINKATU,,Katu,PUISTOLEHMUS,Tilia,x vulgaris,20 - 30 cm,,Helsinki/MAKA,2026-02-27,POINT (24.941001209040408 60.19695644760755)
Puurekisteri_piste.10354,10354,K-992,RATAMESTARINKATU,,Katu,PUISTOLEHMUS,Tilia,x vulgaris,20 - 30 cm,,Helsinki/MAKA,2026-02-27,POINT (24.940885308842713 60.19699066123752)
Puurekisteri_piste.10355,10355,K-993,RATAMESTARINKATU,,Katu,PUISTOLEHMUS,Tilia,x vulgaris,10 - 20 cm,,Helsinki/MAKA,2026-02-27,POINT (24.9409646455381 60.19701093324799)
Puurekisteri_piste.9918,9918,P-33003-118,,VANHA KIRKKOPUISTO,Puisto,METSÄVAAHTERA,Acer,platanoides,30 - 50 cm,,Helsinki/MAKA,2026-02-27,POINT (24.938310991329224 60.166070574210885)
Puurekisteri_piste.9919,9919,P-33003-119,,VANHA KIRKKOPUISTO,Puisto,METSÄVAAHTERA,Acer,platanoides,10 - 20 cm,,Helsinki/MAKA,2026-02-27,POINT (24.938247842862808 60.16605878815531)
Puurekisteri_piste.9926,9926,K-448,PIETARI KALMIN KATU,,Katu,RUOTSINPIHLAJA,Sorbus,intermedia,10 - 20 cm,,Helsinki/MAKA,2026-02-27,POINT (24.965324079230232 60.205267071269304)
Puurekisteri_piste.9927,9927,K-4481,KOTKANKATU,,Katu,RAUDUSKOIVU,Betula,pendula,10 - 20 cm,,Helsinki/MAKA,2026-02-27,POINT (24.943708521218912 60.192363524212574)
Puurekisteri_piste.9928,9928,K-4482,KOTKANKATU,,Katu,RAUDUSKOIVU,Betula,pendula,10 - 20 cm,,Helsinki/MAKA,2026-02-27,POINT (24.9438163577265 60.192424357916245)
Puurekisteri_piste.9929,9929,K-6455,ARKADIANKATU,,Katu,PUISTOLEHMUS,Tilia,x vulgaris,30 - 50 cm,,Helsinki/MAKA,2026-02-27,POINT (24.91752601746799 60.17146163995901)
Puurekisteri_piste.9932,9932,P-33054-181,,HESPERIAN ESPLANADI,Puisto,DOUGLASKUUSI,Pseudotsuga,menziesii,30 - 50 cm,,Helsinki/MAKA,2026-02-27,POINT (24.914738511602877 60.17622585838603)
Puurekisteri_piste.9933,9933,P-33054-182,,HESPERIAN ESPLANADI,Puisto,DOUGLASKUUSI,Pseudotsuga,menziesii,30 - 50 cm,,Helsinki/MAKA,2026-02-27,POINT (24.91482146638825 60.1762777833425)
Puurekisteri_piste.9934,9934,K-6694,KAMPINTORI,,Katu,PUISTOLEHMUS,Tilia,x vulgaris,10 - 20 cm,,Helsinki/MAKA,2026-02-27,POINT (24.93205381904074 60.16746823523946)
Puurekisteri_piste.9935,9935,K-6695,KAMPINTORI,,Katu,PUISTOLEHMUS,Tilia,x vulgaris,10 - 20 cm,,Helsinki/MAKA,2026-02-27,POINT (24.93190953982852 60.16746016984203)
Puurekisteri_piste.9936,9936,K-6696,KAMPINTORI,,Katu,PUISTOLEHMUS,Tilia,x vulgaris,10 - 20 cm,,Helsinki/MAKA,2026-02-27,POINT (24.93178777708524 60.16745605152875)
Puurekisteri_piste.9937,9937,K-6697,KAMPINTORI,,Katu,PUISTOLEHMUS,Tilia,x vulgaris,10 - 20 cm,,Helsinki/MAKA,2026-02-27,POINT (24.93164692385997 60.16745866619797)
Puurekisteri_piste.10654,10654,P-33102-1,,LAPINLAHDEN PUISTIKKO,Puisto,VUORIJALAVA,Ulmus,glabra,10 - 20 cm,,Helsinki/MAKA,2026-02-27,POINT (24.931226893797394 60.165908886676675)
Puurekisteri_piste.10656,10656,K-9485,KÄPYLÄNTIE,,Katu,PUISTOLEHMUS,Tilia,x vulgaris,20 - 30 cm,,Helsinki/MAKA,2026-02-27,POINT (24.95849980409637 60.21484671329465)
Puurekisteri_piste.10657,10657,K-9486,KÄPYLÄNTIE,,Katu,PUISTOLEHMUS,Tilia,x vulgaris,20 - 30 cm,,Helsinki/MAKA,2026-02-27,POINT (24.95851143372239 60.214920666195205)
Puurekisteri_piste.10658,10658,K-9487,KÄPYLÄNTIE,,Katu,PUISTOLEHMUS,Tilia,x vulgaris,20 - 30 cm,,Helsinki/MAKA,2026-02-27,POINT (24.958523608263146 60.21499785004135)
Puurekisteri_piste.10660,10660,K-5808,,,Katu,PUISTOLEHMUS,Tilia,x vulgaris,20 - 30 cm,,Helsinki/MAKA,2026-02-27,POINT (24.93991477740915 60.17967834114489)
Puurekisteri_piste.10661,10661,P-33031-11,,HAKASALMENPUISTO,Puisto,METSÄVAAHTERA,Acer,platanoides,0 - 10 cm,,Helsinki/MAKA,2026-02-27,POINT (24.93359707293722 60.17481666458795)
Puurekisteri_piste.10662,10662,P-33031-12,,HAKASALMENPUISTO,Puisto,METSÄVAAHTERA,Acer,platanoides,30 - 50 cm,,Helsinki/MAKA,2026-02-27,POINT (24.933661335404956 60.174814569717796)
Puurekisteri_piste.10663,10663,P-33031-13,,HAKASALMENPUISTO,Puisto,METSÄVAAHTERA,Acer,platanoides,50 - 70 cm,,Helsinki/MAKA,2026-02-27,POINT (24.933718606495006 60.17479158633711)
Puurekisteri_piste.10664,10664,P-33031-14,,HAKASALMENPUISTO,Puisto,METSÄVAAHTERA,Acer,platanoides,30 - 50 cm,,Helsinki/MAKA,2026-02-27,POINT (24.93371022918948 60.17480551327072)
Puurekisteri_piste.10666,10666,K-4158,VELLAMONKATU,,Katu,METSÄVAAHTERA,Acer,platanoides,50 - 70 cm,,Helsinki/MAKA,2026-02-27,POINT (24.96629219986269 60.19562449701563)
Puurekisteri_piste.10670,10670,K-4508,ITÄINEN BRAHENKATU,,Katu,PUISTOLEHMUS,Tilia,x vulgaris,30 - 50 cm,,Helsinki/MAKA,2026-02-27,POINT (24.949439752697575 60.19027016959282)
Puurekisteri_piste.10673,10673,P-42002-16,,ULLANPUISTIKKO,Puisto,PUISTOLEHMUS,Tilia,x vulgaris,70 cm -,,Helsinki/MAKA,2026-02-27,POINT (24.952693873685043 60.16038441524142)
Puurekisteri_piste.10674,10674,P-42002-17,,ULLANPUISTIKKO,Puisto,PUISTOLEHMUS,Tilia,x vulgaris,70 cm -,239,Helsinki/MAKA,2026-02-27,POINT (24.95283268312062 60.16040901168289)
Puurekisteri_piste.10678,10678,P-53003-1878,,TULLISAAREN KARTANO,Puisto,RAUDUSKOIVU,Betula,pendula,70 cm -,,Helsinki/MAKA,2026-02-27,POINT (25.02368271915425 60.17753633199874)
Puurekisteri_piste.10680,10680,P-44017-198,,KATRI VALAN PUISTO,Puisto,TARHAOMENAPUU,Malus,domestica,10 - 20 cm,,Helsinki/MAKA,2026-02-27,POINT (24.963459007722147 60.18572154960431)
Puurekisteri_piste.10681,10681,P-44017-199,,KATRI VALAN PUISTO,Puisto,VUORIJALAVA,Ulmus,glabra,30 - 50 cm,,Helsinki/MAKA,2026-02-27,POINT (24.963387934610985 60.185749585395826)
Puurekisteri_piste.10682,10682,P-44017-200,,KATRI VALAN PUISTO,Puisto,METSÄVAAHTERA,Acer,platanoides,10 - 20 cm,,Helsinki/MAKA,2026-02-27,POINT (24.96367729205511 60.18571571133822)
Puurekisteri_piste.10406,10406,P-53003-1928,,TULLISAAREN KARTANO,Puisto,METSÄMÄNTY,Pinus,sylvestris,20 - 30 cm,,Helsinki/MAKA,2026-02-27,POINT (25.023255038197192 60.177243735981456)
Puurekisteri_piste.10408,10408,K-9441,POHJOLANKATU,,Katu,PUISTOLEHMUS,Tilia,x vulgaris,30 - 50 cm,,Helsinki/MAKA,2026-02-27,POINT (24.95353544499962 60.21671103395548)
Puurekisteri_piste.10410,10410,K-9443,POHJOLANKATU,,Katu,PUISTOLEHMUS,Tilia,x vulgaris,0 - 10 cm,,Helsinki/MAKA,2026-02-27,POINT (24.955050595670574 60.21727671960361)
Puurekisteri_piste.10412,10412,K-9445,POHJOLANKATU,,Katu,PUISTOLEHMUS,Tilia,x vulgaris,0 - 10 cm,,Helsinki/MAKA,2026-02-27,POINT (24.955299974472062 60.217347738781164)
Puurekisteri_piste.10413,10413,P-43001-36,,LAIVASTOPUISTO,Puisto,RAUDUSKOIVU,Betula,pendula,0 - 10 cm,,Helsinki/MAKA,2026-02-27,POINT (24.97005582211831 60.16858651188346)
Puurekisteri_piste.10414,10414,P-43001-37,,LAIVASTOPUISTO,Puisto,RAUDUSKOIVU,Betula,pendula,0 - 10 cm,,Helsinki/MAKA,2026-02-27,POINT (24.970126271861144 60.16859038804508)
Puurekisteri_piste.10415,10415,P-43001-38,,LAIVASTOPUISTO,Puisto,PUISTOLEHMUS,Tilia,x vulgaris,70 cm -,,Helsinki/MAKA,2026-02-27,POINT (24.970229168011016 60.168312551278625)
Puurekisteri_piste.10416,10416,P-53003-1314,,TULLISAAREN KARTANO,Puisto,LEHTOSAARNI,Fraxinus,excelsior,30 - 50 cm,,Helsinki/MAKA,2026-02-27,POINT (25.034561472605827 60.18024376496298)
Puurekisteri_piste.10418,10418,P-53003-1316,,TULLISAAREN KARTANO,Puisto,METSÄVAAHTERA,Acer,platanoides,30 - 50 cm,,Helsinki/MAKA,2026-02-27,POINT (25.034484935272626 60.18025013858695)
Puurekisteri_piste.10419,10419,P-53003-1317,,TULLISAAREN KARTANO,Puisto,METSÄVAAHTERA,Acer,platanoides,20 - 30 cm,,Helsinki/MAKA,2026-02-27,POINT (25.03446392223025 60.180252451623616)
Puurekisteri_piste.10421,10421,K-5040,VIHERNIEMENKATU,,Katu,PUISTOLEHMUS,Tilia,x vulgaris,20 - 30 cm,,Helsinki/MAKA,2026-02-27,POINT (24.953106346764176 60.17937347426498)
Puurekisteri_piste.10422,10422,P-53003-299,,TULLISAAREN KARTANO,Puisto,METSÄTAMMI,Quercus,robur,70 cm -,,Helsinki/MAKA,2026-02-27,POINT (25.030135602996104 60.178471458040285)
Puurekisteri_piste.10427,10427,P-42005-957,,KAIVOPUISTO,Puisto,METSÄVAAHTERA,Acer,platanoides,50 - 70 cm,,Helsinki/MAKA,2026-02-27,POINT (24.954010121762913 60.157745898214635)
Puurekisteri_piste.10429,10429,P-42005-959,,KAIVOPUISTO,Puisto,METSÄVAAHTERA,Acer,platanoides,50 - 70 cm,,Helsinki/MAKA,2026-02-27,POINT (24.953687626373625 60.157688233580984)
Puurekisteri_piste.10430,10430,P-42005-960,,KAIVOPUISTO,Puisto,METSÄVAAHTERA,Acer,platanoides,50 - 70 cm,,Helsinki/MAKA,2026-02-27,POINT (24.953983823359923 60.157588340822926)
Puurekisteri_piste.10431,10431,P-43002-13,,MERIKASARMINPUISTO,Puisto,METSÄTAMMI,Quercus,robur,20 - 30 cm,,Helsinki/MAKA,2026-02-27,POINT (24.97463847504277 60.16758403448733)
Puurekisteri_piste.10434,10434,P-43002-16,,MERIKASARMINPUISTO,Puisto,METSÄTAMMI,Quercus,robur,20 - 30 cm,,Helsinki/MAKA,2026-02-27,POINT (24.97453348146313 60.16754057290282)
Puurekisteri_piste.10435,10435,P-43067-356,,TERVASAARI,Puisto,METSÄVAAHTERA,Acer,platanoides,0 - 10 cm,,Helsinki/MAKA,2026-02-27,POINT (24.96970342122207 60.172933343916334)
Puurekisteri_piste.10436,10436,P-43067-357,,TERVASAARI,Puisto,METSÄVAAHTERA,Acer,platanoides,0 - 10 cm,,Helsinki/MAKA,2026-02-27,POINT (24.96964863326499 60.17294501328005)
Puurekisteri_piste.10437,10437,K-4156,VELLAMONKATU,,Katu,RAUDUSKOIVU,Betula,pendula,70 cm -,,Helsinki/MAKA,2026-02-27,POINT (24.966512626525557 60.1954600832138)
Puurekisteri_piste.10438,10438,P-43001-210,,LAIVASTOPUISTO,Puisto,VUORIJALAVA,Ulmus,glabra,10 - 20 cm,,Helsinki/MAKA,2026-02-27,POINT (24.977539738695963 60.16903434509785)
Puurekisteri_piste.10439,10439,P-43067-158,,TERVASAARI,Puisto,RAUDUSKOIVU,Betula,pendula,10 - 20 cm,,Helsinki/MAKA,2026-02-27,POINT (24.969951321266795 60.174003742784485)
Puurekisteri_piste.10441,10441,P-42005-942,,KAIVOPUISTO,Puisto,LEPPÄ,Alnus,sp.,50 - 70 cm,,Helsinki/MAKA,2026-02-27,POINT (24.954448474831747 60.157855375905335)
Puurekisteri_piste.10442,10442,P-42005-943,,KAIVOPUISTO,Puisto,PUISTOLEHMUS,Tilia,x vulgaris,70 cm -,,Helsinki/MAKA,2026-02-27,POINT (24.954730703448384 60.15785122328364)
Puurekisteri_piste.10825,10825,P-53003-115,,TULLISAAREN KARTANO,Puisto,METSÄMÄNTY,Pinus,sylvestris,50 - 70 cm,,Helsinki/MAKA,2026-02-27,POINT (25.03355440692744 60.17763732993411)
Puurekisteri_piste.10826,10826,P-53003-116,,TULLISAAREN KARTANO,Puisto,RAUDUSKOIVU,Betula,pendula,30 - 50 cm,,Helsinki/MAKA,2026-02-27,POINT (25.03347012761542 60.1776625290566)
Puurekisteri_piste.10827,10827,P-44017-177,,KATRI VALAN PUISTO,Puisto,METSÄVAAHTERA,Acer,platanoides,10 - 20 cm,,Helsinki/MAKA,2026-02-27,POINT (24.964830522383135 60.18565279263699)
Puurekisteri_piste.10828,10828,P-34019-87,,ALPPIPUISTO (ETELÄ),Puisto,KOTIPIHLAJA,Sorbus,aucuparia,20 - 30 cm,,Helsinki/MAKA,2026-02-27,POINT (24.940846902193467 60.18664585048825)
Puurekisteri_piste.10831,10831,P-34019-90,,ALPPIPUISTO (ETELÄ),Puisto,RAUDUSKOIVU,Betula,pendula,30 - 50 cm,,Helsinki/MAKA,2026-02-27,POINT (24.94089331920856 60.186561061743596)
Puurekisteri_piste.10683,10683,P-44017-201,,KATRI VALAN PUISTO,Puisto,METSÄVAAHTERA,Acer,platanoides,20 - 30 cm,,Helsinki/MAKA,2026-02-27,POINT (24.96380954235159 60.18567941524197)
Puurekisteri_piste.10684,10684,P-44017-202,,KATRI VALAN PUISTO,Puisto,METSÄVAAHTERA,Acer,platanoides,20 - 30 cm,,Helsinki/MAKA,2026-02-27,POINT (24.963870713695556 60.18566786022258)
Puurekisteri_piste.10685,10685,K-9410,POHJOLANKATU,,Katu,PUISTOLEHMUS,Tilia,x vulgaris,20 - 30 cm,,Helsinki/MAKA,2026-02-27,POINT (24.95184889688436 60.21605938835339)
Puurekisteri_piste.10689,10689,P-34019-217,,ALPPIPUISTO (ETELÄ),Puisto,METSÄHAAPA,Populus,tremula,10 - 20 cm,,Helsinki/MAKA,2026-02-27,POINT (24.93934419582486 60.18622645512611)
Puurekisteri_piste.10690,10690,P-42001-326,,TÄHTITORNIN VUORI,Puisto,METSÄVAAHTERA,Acer,platanoides,50 - 70 cm,,Helsinki/MAKA,2026-02-27,POINT (24.95182632886553 60.16283464146261)
Puurekisteri_piste.10693,10693,P-42001-511,,TÄHTITORNIN VUORI,Puisto,METSÄVAAHTERA,Acer,platanoides,10 - 20 cm,,Helsinki/MAKA,2026-02-27,POINT (24.95575132613463 60.16148237469288)
Puurekisteri_piste.10698,10698,P-42001-516,,TÄHTITORNIN VUORI,Puisto,VUORIJALAVA,Ulmus,glabra,50 - 70 cm,,Helsinki/MAKA,2026-02-27,POINT (24.95568442784289 60.1615083437305)
Puurekisteri_piste.10700,10700,P-54037-495,,HERTTONIEMENKARTANO,Puisto,KUUSI,Picea,sp.,0 - 10 cm,,Helsinki/MAKA,2026-02-27,POINT (25.044565932999365 60.189954831641415)
Puurekisteri_piste.10701,10701,P-54037-840,,HERTTONIEMENKARTANO,Puisto,KELTAKOIVU,Betula,alleghaniensis,0 - 10 cm,,Helsinki/MAKA,2026-02-27,POINT (25.046453964403 60.18935155615556)
Puurekisteri_piste.10704,10704,P-34019-188,,ALPPIPUISTO (ETELÄ),Puisto,RAUDUSKOIVU,Betula,pendula,0 - 10 cm,,Helsinki/MAKA,2026-02-27,POINT (24.93820092940153 60.186766609320955)
Puurekisteri_piste.9994,9994,K-2872,HUOPALAHDENTIE,,Katu,PUISTOLEHMUS,Tilia,x vulgaris,30 - 50 cm,,Helsinki/MAKA,2026-02-27,POINT (24.882104904511802 60.2023428023499)
Puurekisteri_piste.9995,9995,K-2873,HUOPALAHDENTIE,,Katu,PUISTOLEHMUS,Tilia,x vulgaris,20 - 30 cm,,Helsinki/MAKA,2026-02-27,POINT (24.882090600147553 60.20239377780889)
Puurekisteri_piste.9996,9996,K-3544,SIBELIUKSENKATU,,Katu,PUISTOLEHMUS,Tilia,x vulgaris,10 - 20 cm,,Helsinki/MAKA,2026-02-27,POINT (24.917320258838206 60.18087333473245)
Puurekisteri_piste.9997,9997,K-3545,SIBELIUKSENKATU,,Katu,PUISTOLEHMUS,Tilia,x vulgaris,30 - 50 cm,,Helsinki/MAKA,2026-02-27,POINT (24.917435579572015 60.18090744372645)
Puurekisteri_piste.9999,9999,K-5954,UNIONINKATU,,Katu,PUISTOLEHMUS,Tilia,x vulgaris,20 - 30 cm,,Helsinki/MAKA,2026-02-27,POINT (24.951660286761747 60.163080906392786)
Puurekisteri_piste.10000,10000,K-5955,LAIVASILLANKATU,,Katu,PUISTOLEHMUS,Tilia,x vulgaris,20 - 30 cm,,Helsinki/MAKA,2026-02-27,POINT (24.95579963913352 60.16073910203328)
Puurekisteri_piste.10001,10001,K-7202,ITÄMERENKATU,,Katu,PUISTOLEHMUS,Tilia,x vulgaris,10 - 20 cm,,Helsinki/MAKA,2026-02-27,POINT (24.907225965120404 60.163180360898345)
Puurekisteri_piste.10003,10003,P-43067-137,,TERVASAARI,Puisto,KOIVU,Betula,sp.,20 - 30 cm,,Helsinki/MAKA,2026-02-27,POINT (24.969589581115613 60.17418829212158)
Puurekisteri_piste.10004,10004,P-43067-138,,TERVASAARI,Puisto,VIRGINIANTUOMI,Prunus,virginiana,0 - 10 cm,,Helsinki/MAKA,2026-02-27,POINT (24.969587414570153 60.174157343298624)
Puurekisteri_piste.10005,10005,P-43067-139,,TERVASAARI,Puisto,VIRGINIANTUOMI,Prunus,virginiana,0 - 10 cm,,Helsinki/MAKA,2026-02-27,POINT (24.96957860308238 60.174133132020195)
Puurekisteri_piste.10006,10006,P-33016-57,,KAISANIEMENPUISTO,Puisto,METSÄVAAHTERA,Acer,platanoides,30 - 50 cm,,Helsinki/MAKA,2026-02-27,POINT (24.942317996431793 60.17435194783545)
Puurekisteri_piste.10007,10007,P-33016-58,,KAISANIEMENPUISTO,Puisto,RAUDUSKOIVU,Betula,pendula,30 - 50 cm,,Helsinki/MAKA,2026-02-27,POINT (24.942564933729724 60.17421164975054)
Puurekisteri_piste.10719,10719,K-2866,HUOPALAHDENTIE,,Katu,PUISTOLEHMUS,Tilia,x vulgaris,30 - 50 cm,,Helsinki/MAKA,2026-02-27,POINT (24.882278000696125 60.20203607731452)
Puurekisteri_piste.10720,10720,K-2867,HUOPALAHDENTIE,,Katu,PUISTOLEHMUS,Tilia,x vulgaris,30 - 50 cm,,Helsinki/MAKA,2026-02-27,POINT (24.882243511232105 60.20207914870004)
Puurekisteri_piste.10721,10721,K-4632,ALEKSIS KIVEN KATU,,Katu,PUISTOLEHMUS,Tilia,x vulgaris,30 - 50 cm,,Helsinki/MAKA,2026-02-27,POINT (24.95942394857458 60.189362888854035)
Puurekisteri_piste.10722,10722,K-4050,HÄMEENTIE,,Katu,PUISTOLEHMUS,Tilia,x vulgaris,30 - 50 cm,,Helsinki/MAKA,2026-02-27,POINT (24.964387364562967 60.19111747449419)
Puurekisteri_piste.10725,10725,K-4954,MARSALKANTIE,,Katu,VALKOPAJU,Salix,alba,10 - 20 cm,,Helsinki/MAKA,2026-02-27,POINT (24.999688323787762 60.18470154480104)
Puurekisteri_piste.10726,10726,K-5554,POHJOISRANTA,,Katu,PUISTOLEHMUS,Tilia,x vulgaris,20 - 30 cm,,Helsinki/MAKA,2026-02-27,POINT (24.96000969997285 60.17086936679285)
Puurekisteri_piste.10727,10727,K-5555,POHJOISRANTA,,Katu,PUISTOLEHMUS,Tilia,x vulgaris,30 - 50 cm,,Helsinki/MAKA,2026-02-27,POINT (24.959955574863177 60.17079964456094)
Puurekisteri_piste.10728,10728,K-8023,EHRENSTRÖMINTIE,,Katu,METSÄVAAHTERA,Acer,platanoides,30 - 50 cm,,Helsinki/MAKA,2026-02-27,POINT (24.962499063674255 60.15787383754858)
Puurekisteri_piste.10558,10558,P-43067-348,,TERVASAARI,Puisto,VUORIJALAVA,Ulmus,glabra,0 - 10 cm,,Helsinki/MAKA,2026-02-27,POINT (24.969584010325782 60.172847422404004)
Puurekisteri_piste.10559,10559,P-42003-100,,MYLLYRINNE,Puisto,METSÄVAAHTERA,Acer,platanoides,50 - 70 cm,,Helsinki/MAKA,2026-02-27,POINT (24.959859399302864 60.15980626196356)
Puurekisteri_piste.10560,10560,P-33003-147,,VANHA KIRKKOPUISTO,Puisto,METSÄVAAHTERA,Acer,platanoides,10 - 20 cm,,Helsinki/MAKA,2026-02-27,POINT (24.940424407263876 60.16652414102077)
Puurekisteri_piste.10561,10561,P-33065-6,,VÄINÄMÖISENPUISTIKKO,Puisto,PUISTOLEHMUS,Tilia,x vulgaris,30 - 50 cm,,Helsinki/MAKA,2026-02-27,POINT (24.918713385267026 60.170905648879454)
Puurekisteri_piste.10565,10565,P-53003-1321,,TULLISAAREN KARTANO,Puisto,METSÄVAAHTERA,Acer,platanoides,30 - 50 cm,,Helsinki/MAKA,2026-02-27,POINT (25.034386909854174 60.180219440062956)
Puurekisteri_piste.10571,10571,P-32031-109,,SINEBRYCHOFFIN PUISTO,Puisto,METSÄVAAHTERA,Acer,platanoides,20 - 30 cm,,Helsinki/MAKA,2026-02-27,POINT (24.93396667484399 60.16073081969133)
Puurekisteri_piste.10572,10572,P-32031-110,,SINEBRYCHOFFIN PUISTO,Puisto,METSÄVAAHTERA,Acer,platanoides,30 - 50 cm,,Helsinki/MAKA,2026-02-27,POINT (24.93404931145039 60.1607612969627)
Puurekisteri_piste.10573,10573,P-34019-177,,ALPPIPUISTO (ETELÄ),Puisto,AMERIKANJALOPÄHKINÄ,Juglans,cinerea,0 - 10 cm,,Helsinki/MAKA,2026-02-27,POINT (24.93943531911411 60.187055389879994)
Puurekisteri_piste.10575,10575,P-43067-267,,TERVASAARI,Puisto,METSÄVAAHTERA,Acer,platanoides,0 - 10 cm,,Helsinki/MAKA,2026-02-27,POINT (24.96804223019031 60.17348238274801)
Puurekisteri_piste.11801,11801,P-33016-171,,KAISANIEMENPUISTO,Puisto,RAUDUSKOIVU,Betula,pendula,30 - 50 cm,,Helsinki/MAKA,2026-02-27,POINT (24.942683874775053 60.1767493646635)
Puurekisteri_piste.11802,11802,P-32016-32,,ENSIPUISTIKKO,Puisto,KARTIOJALAVA,Ulmus,glabra,20 - 30 cm,,Helsinki/MAKA,2026-02-27,POINT (24.941679480413118 60.15598803723515)
Puurekisteri_piste.11803,11803,P-32016-33,,ENSIPUISTIKKO,Puisto,KARTIOJALAVA,Ulmus,glabra,20 - 30 cm,,Helsinki/MAKA,2026-02-27,POINT (24.94180263174932 60.15598947964691)
Puurekisteri_piste.11807,11807,K-4675,STURENKATU,,Katu,PUISTOLEHMUS,Tilia,x vulgaris,0 - 10 cm,,Helsinki/MAKA,2026-02-27,POINT (24.943715307981766 60.187400898652626)
Puurekisteri_piste.11808,11808,K-4676,STURENKATU,,Katu,PUISTOLEHMUS,Tilia,x vulgaris,0 - 10 cm,,Helsinki/MAKA,2026-02-27,POINT (24.943783464790375 60.18744351946263)
Puurekisteri_piste.11809,11809,K-4677,STURENKATU,,Katu,PUISTOLEHMUS,Tilia,x vulgaris,0 - 10 cm,,Helsinki/MAKA,2026-02-27,POINT (24.94384819850493 60.18748766663705)
Puurekisteri_piste.11811,11811,K-9237,MÄKELÄNKATU,,Katu,METSÄVAAHTERA,Acer,platanoides,30 - 50 cm,,Helsinki/MAKA,2026-02-27,POINT (24.944363425278816 60.21112247556078)
Puurekisteri_piste.11816,11816,K-6043,,,Katu,PUISTOLEHMUS,Tilia,x vulgaris,10 - 20 cm,,Helsinki/MAKA,2026-02-27,POINT (24.931864150491045 60.17587732479349)
Puurekisteri_piste.11104,11104,P-42005-1005,,KAIVOPUISTO,Puisto,METSÄTAMMI,Quercus,robur,20 - 30 cm,,Helsinki/MAKA,2026-02-27,POINT (24.955447651905267 60.15672501632197)
Puurekisteri_piste.11105,11105,P-42005-1006,,KAIVOPUISTO,Puisto,METSÄTAMMI,Quercus,robur,50 - 70 cm,,Helsinki/MAKA,2026-02-27,POINT (24.955358944847827 60.15677476037285)
Puurekisteri_piste.11106,11106,K-6201,HIETANIEMENKATU,,Katu,RAUDUSKOIVU,Betula,pendula,30 - 50 cm,,Helsinki/MAKA,2026-02-27,POINT (24.908325132437064 60.17323436268153)
Puurekisteri_piste.11108,11108,K-641,MÄKELÄNKATU,,Katu,PUISTOLEHMUS,Tilia,x vulgaris,20 - 30 cm,,Helsinki/MAKA,2026-02-27,POINT (24.945243586824326 60.20294852813221)
Puurekisteri_piste.11109,11109,K-9019,MERISATAMANRANTA,,Katu,PUISTOLEHMUS,Tilia,x vulgaris,50 - 70 cm,,Helsinki/MAKA,2026-02-27,POINT (24.947509119047595 60.15500140120089)
Puurekisteri_piste.11111,11111,K-9020,MERISATAMANRANTA,,Katu,PUISTOLEHMUS,Tilia,x vulgaris,30 - 50 cm,,Helsinki/MAKA,2026-02-27,POINT (24.947667760965526 60.15502075563089)
Puurekisteri_piste.11112,11112,K-9021,MERISATAMANRANTA,,Katu,PUISTOLEHMUS,Tilia,x vulgaris,50 - 70 cm,,Helsinki/MAKA,2026-02-27,POINT (24.94782028227817 60.15504127791481)
Puurekisteri_piste.11113,11113,K-9023,MERISATAMANRANTA,,Katu,PUISTOLEHMUS,Tilia,x vulgaris,50 - 70 cm,,Helsinki/MAKA,2026-02-27,POINT (24.94815468626969 60.15509694567558)
Puurekisteri_piste.11114,11114,P-33016-174,,KAISANIEMENPUISTO,Puisto,HEVOSKASTANJA,Aesculus,hippocastanum,30 - 50 cm,,Helsinki/MAKA,2026-02-27,POINT (24.942402164595094 60.17681210212103)
Puurekisteri_piste.10476,10476,K-9180,MÄKELÄNKATU,,Katu,METSÄVAAHTERA,Acer,platanoides,0 - 10 cm,,Helsinki/MAKA,2026-02-27,POINT (24.944659280971717 60.20997978007873)
Puurekisteri_piste.10477,10477,P-33016-93,,KAISANIEMENPUISTO,Puisto,METSÄVAAHTERA,Acer,platanoides,50 - 70 cm,,Helsinki/MAKA,2026-02-27,POINT (24.942736428914806 60.173587634222)
Puurekisteri_piste.10478,10478,P-33016-94,,KAISANIEMENPUISTO,Puisto,METSÄVAAHTERA,Acer,platanoides,30 - 50 cm,,Helsinki/MAKA,2026-02-27,POINT (24.942835871298648 60.173602484302606)
Puurekisteri_piste.10481,10481,K-9249,MÄKELÄNKATU,,Katu,METSÄVAAHTERA,Acer,platanoides,20 - 30 cm,,Helsinki/MAKA,2026-02-27,POINT (24.94379500256575 60.21199039521966)
Puurekisteri_piste.10486,10486,K-667,RATAMESTARINKATU,,Katu,PUISTOLEHMUS,Tilia,x vulgaris,10 - 20 cm,,Helsinki/MAKA,2026-02-27,POINT (24.939304235816945 60.200480935117554)
Puurekisteri_piste.10487,10487,K-9013,MERISATAMANRANTA,,Katu,PUISTOLEHMUS,Tilia,x vulgaris,50 - 70 cm,,Helsinki/MAKA,2026-02-27,POINT (24.946491335776397 60.15483861176516)
Puurekisteri_piste.10488,10488,P-53003-803,,TULLISAAREN KARTANO,Puisto,METSÄKUUSI,Picea,abies,30 - 50 cm,,Helsinki/MAKA,2026-02-27,POINT (25.027147093904116 60.1780620784137)
Puurekisteri_piste.10490,10490,K-7928,HEIKKILÄNTIE,,Katu,HOPEASALAVA,Salix,alba,30 - 50 cm,,Helsinki/MAKA,2026-02-27,POINT (24.883713256225473 60.15624631349004)
Puurekisteri_piste.10491,10491,K-7929,HEIKKILÄNTIE,,Katu,PAJU,Salix,sp.,20 - 30 cm,,Helsinki/MAKA,2026-02-27,POINT (24.88387197923211 60.15632614837391)
Puurekisteri_piste.10495,10495,P-43001-198,,LAIVASTOPUISTO,Puisto,TUOMI/KIRSIKKA,Prunus,sp.,0 - 10 cm,,Helsinki/MAKA,2026-02-27,POINT (24.976414595394697 60.16911531363439)
Puurekisteri_piste.10496,10496,P-43001-199,,LAIVASTOPUISTO,Puisto,TUOMI/KIRSIKKA,Prunus,sp.,10 - 20 cm,,Helsinki/MAKA,2026-02-27,POINT (24.976415050237247 60.16910735680834)
Puurekisteri_piste.10497,10497,P-43001-200,,LAIVASTOPUISTO,Puisto,TUOMI/KIRSIKKA,Prunus,sp.,10 - 20 cm,,Helsinki/MAKA,2026-02-27,POINT (24.97642347787773 60.169094250162296)
Puurekisteri_piste.10498,10498,P-43001-201,,LAIVASTOPUISTO,Puisto,TUOMI/KIRSIKKA,Prunus,sp.,0 - 10 cm,,Helsinki/MAKA,2026-02-27,POINT (24.976437078553182 60.16908628780222)
Puurekisteri_piste.11098,11098,K-6084,RUNEBERGINKATU,,Katu,PUISTOLEHMUS,Tilia,x vulgaris,20 - 30 cm,,Helsinki/MAKA,2026-02-27,POINT (24.921823440667943 60.17494122328258)
Puurekisteri_piste.11100,11100,K-7866,SÄRKINIEMENTIE,,Katu,RAUDUSKOIVU,Betula,pendula,10 - 20 cm,,Helsinki/MAKA,2026-02-27,POINT (24.876591618875555 60.15404859136706)
Puurekisteri_piste.11103,11103,P-42005-1004,,KAIVOPUISTO,Puisto,RAUDUSKOIVU,Betula,pendula,30 - 50 cm,,Helsinki/MAKA,2026-02-27,POINT (24.955473458400263 60.156679201145714)
Puurekisteri_piste.10911,10911,P-33101-9,,LASTENLEHTO,Puisto,METSÄVAAHTERA,Acer,platanoides,20 - 30 cm,,Helsinki/MAKA,2026-02-27,POINT (24.928322077994974 60.1662131507851)
Puurekisteri_piste.10914,10914,K-6685,RUNEBERGINKATU,,Katu,VUORIJALAVA,Ulmus,glabra,10 - 20 cm,,Helsinki/MAKA,2026-02-27,POINT (24.927696335133806 60.16908392059034)
Puurekisteri_piste.10915,10915,P-53003-828,,TULLISAAREN KARTANO,Puisto,RAUDUSKOIVU,Betula,pendula,50 - 70 cm,,Helsinki/MAKA,2026-02-27,POINT (25.02974803229325 60.18061058969185)
Puurekisteri_piste.10916,10916,K-9150,MÄKELÄNKATU,,Katu,PUISTOLEHMUS,Tilia,x vulgaris,10 - 20 cm,,Helsinki/MAKA,2026-02-27,POINT (24.945451745605506 60.209491468878966)
Puurekisteri_piste.10917,10917,K-9151,MÄKELÄNKATU,,Katu,PUISTOLEHMUS,Tilia,x vulgaris,10 - 20 cm,,Helsinki/MAKA,2026-02-27,POINT (24.945402391446247 60.20957360187698)
Puurekisteri_piste.10924,10924,P-43067-288,,TERVASAARI,Puisto,VIRGINIANTUOMI,Prunus,virginiana,0 - 10 cm,,Helsinki/MAKA,2026-02-27,POINT (24.967232245262416 60.173705436913565)
Puurekisteri_piste.10925,10925,P-43067-289,,TERVASAARI,Puisto,HIESKOIVU,Betula,pubescens,20 - 30 cm,,Helsinki/MAKA,2026-02-27,POINT (24.967267165628588 60.17368201428166)
Puurekisteri_piste.10926,10926,P-43067-290,,TERVASAARI,Puisto,HIESKOIVU,Betula,pubescens,0 - 10 cm,,Helsinki/MAKA,2026-02-27,POINT (24.967302080024517 60.173653146306016)
Puurekisteri_piste.10927,10927,P-43067-291,,TERVASAARI,Puisto,BERLIININPOPPELI,Populus,x berolinensis,20 - 30 cm,,Helsinki/MAKA,2026-02-27,POINT (24.967269466013285 60.1735383768221)
Puurekisteri_piste.10928,10928,P-43067-292,,TERVASAARI,Puisto,RAITA,Salix,caprea,20 - 30 cm,,Helsinki/MAKA,2026-02-27,POINT (24.9675562050225 60.173378769620314)
Puurekisteri_piste.11250,11250,P-32028-140,,TEHTAANPUISTO,Puisto,HEVOSKASTANJA,Aesculus,hippocastanum,30 - 50 cm,,Helsinki/MAKA,2026-02-27,POINT (24.939344117511762 60.15848815992536)
Puurekisteri_piste.11255,11255,K-279,KOSKELANTIE,,Katu,PUISTOLEHMUS,Tilia,x vulgaris,50 - 70 cm,,Helsinki/MAKA,2026-02-27,POINT (24.979117560942797 60.21693997787114)
Puurekisteri_piste.11257,11257,P-54037-67,,HERTTONIEMENKARTANO,Puisto,KUUSI,Picea,sp.,30 - 50 cm,,Helsinki/MAKA,2026-02-27,POINT (25.041482927121287 60.18888521780911)
Puurekisteri_piste.11258,11258,P-42002-6,,ULLANPUISTIKKO,Puisto,ORAPIHLAJA,Crataegus,sp.,10 - 20 cm,,Helsinki/MAKA,2026-02-27,POINT (24.95343050901467 60.16075485717381)
Puurekisteri_piste.11261,11261,P-42002-9,,ULLANPUISTIKKO,Puisto,RUSOKIRSIKKA,Prunus,sargentii,30 - 50 cm,,Helsinki/MAKA,2026-02-27,POINT (24.952442517892447 60.1607328134796)
Puurekisteri_piste.11265,11265,P-32031-144,,SINEBRYCHOFFIN PUISTO,Puisto,METSÄVAAHTERA,Acer,platanoides,50 - 70 cm,,Helsinki/MAKA,2026-02-27,POINT (24.934205462078133 60.161053022680434)
Puurekisteri_piste.11268,11268,P-33016-70,,KAISANIEMENPUISTO,Puisto,ORAPIHLAJA,Crataegus,sp.,10 - 20 cm,,Helsinki/MAKA,2026-02-27,POINT (24.942511582484546 60.17388252895268)
Puurekisteri_piste.11269,11269,P-33016-437,,KAISANIEMENPUISTO,Puisto,METSÄTAMMI,Quercus,robur,70 cm -,,Helsinki/MAKA,2026-02-27,POINT (24.94512560976457 60.173405692160735)
Puurekisteri_piste.11271,11271,P-33016-439,,KAISANIEMENPUISTO,Puisto,METSÄLEHMUS,Tilia,cordata,70 cm -,,Helsinki/MAKA,2026-02-27,POINT (24.945687999180624 60.17357899017903)
Puurekisteri_piste.11272,11272,P-33102-8,,LAPINLAHDEN PUISTIKKO,Puisto,VUORIJALAVA,Ulmus,glabra,30 - 50 cm,,Helsinki/MAKA,2026-02-27,POINT (24.931063284000547 60.16636230307164)
Puurekisteri_piste.11273,11273,P-33054-152,,HESPERIAN ESPLANADI,Puisto,VUORIJALAVA,Ulmus,glabra,50 - 70 cm,,Helsinki/MAKA,2026-02-27,POINT (24.92118454557355 60.17645601224778)
Puurekisteri_piste.11275,11275,P-53003-1108,,TULLISAAREN KARTANO,Puisto,LEHTOSAARNI,Fraxinus,excelsior,20 - 30 cm,,Helsinki/MAKA,2026-02-27,POINT (25.033195180711143 60.18123448112695)
Puurekisteri_piste.11277,11277,P-33054-184,,HESPERIAN ESPLANADI,Puisto,DOUGLASKUUSI,Pseudotsuga,menziesii,30 - 50 cm,,Helsinki/MAKA,2026-02-27,POINT (24.915002074238846 60.176301230140865)
Puurekisteri_piste.11278,11278,P-33054-185,,HESPERIAN ESPLANADI,Puisto,DOUGLASKUUSI,Pseudotsuga,menziesii,50 - 70 cm,,Helsinki/MAKA,2026-02-27,POINT (24.91502515300571 60.17626468593497)
Puurekisteri_piste.11279,11279,P-33054-186,,HESPERIAN ESPLANADI,Puisto,METSÄVAAHTERA,Acer,platanoides,30 - 50 cm,,Helsinki/MAKA,2026-02-27,POINT (24.915193064042477 60.17630031898791)
Puurekisteri_piste.11280,11280,P-44017-236,,KATRI VALAN PUISTO,Puisto,KOTIPIHLAJA,Sorbus,aucuparia,0 - 10 cm,,Helsinki/MAKA,2026-02-27,POINT (24.96342259848715 60.18623562583241)
Puurekisteri_piste.11281,11281,P-44017-237,,KATRI VALAN PUISTO,Puisto,VUORIJALAVA,Ulmus,glabra,0 - 10 cm,,Helsinki/MAKA,2026-02-27,POINT (24.963434165638983 60.186229030628155)
Puurekisteri_piste.11284,11284,P-42005-945,,KAIVOPUISTO,Puisto,PUISTOLEHMUS,Tilia,x vulgaris,50 - 70 cm,,Helsinki/MAKA,2026-02-27,POINT (24.95473160759293 60.15776460466758)
Puurekisteri_piste.11287,11287,K-9002,MERISATAMANRANTA,,Katu,PUISTOLEHMUS,Tilia,x vulgaris,30 - 50 cm,,Helsinki/MAKA,2026-02-27,POINT (24.944634980803166 60.154556866486956)
Puurekisteri_piste.11290,11290,P-42003-78,,MYLLYRINNE,Puisto,TUOMI/KIRSIKKA,Prunus,sp.,0 - 10 cm,,Helsinki/MAKA,2026-02-27,POINT (24.95911878115756 60.15971840611985)
Puurekisteri_piste.11291,11291,P-42003-79,,MYLLYRINNE,Puisto,TUOMI/KIRSIKKA,Prunus,sp.,0 - 10 cm,,Helsinki/MAKA,2026-02-27,POINT (24.95914067741896 60.15966508081747)
Puurekisteri_piste.11292,11292,P-42003-80,,MYLLYRINNE,Puisto,METSÄVAAHTERA,Acer,platanoides,20 - 30 cm,,Helsinki/MAKA,2026-02-27,POINT (24.95920752821166 60.15967934291606)
Puurekisteri_piste.11118,11118,K-7869,SÄRKINIEMENTIE,,Katu,RAUDUSKOIVU,Betula,pendula,20 - 30 cm,,Helsinki/MAKA,2026-02-27,POINT (24.87655525162729 60.153912243735306)
Puurekisteri_piste.11119,11119,K-787,RAUTATIELÄISENKATU,,Katu,PYLVÄSHAAPA,Populus,tremula,0 - 10 cm,,Helsinki/MAKA,2026-02-27,POINT (24.93412478014036 60.20106423942645)
Puurekisteri_piste.11120,11120,K-7925,HEIKKILÄNTIE,,Katu,HOPEASALAVA,Salix,alba,30 - 50 cm,,Helsinki/MAKA,2026-02-27,POINT (24.883255112440068 60.155993708752945)
Puurekisteri_piste.11124,11124,P-33016-307,,KAISANIEMENPUISTO,Puisto,RAUDUSKOIVU,Betula,pendula,30 - 50 cm,,Helsinki/MAKA,2026-02-27,POINT (24.946996797174315 60.174066108675326)
Puurekisteri_piste.11125,11125,P-33016-308,,KAISANIEMENPUISTO,Puisto,PUISTOLEHMUS,Tilia,x vulgaris,70 cm -,,Helsinki/MAKA,2026-02-27,POINT (24.946617764564603 60.174073608010374)
Puurekisteri_piste.11126,11126,P-33054-72,,HESPERIAN ESPLANADI,Puisto,METSÄTAMMI,Quercus,robur,50 - 70 cm,,Helsinki/MAKA,2026-02-27,POINT (24.9252486756021 60.17716631137306)
Puurekisteri_piste.11127,11127,P-33054-73,,HESPERIAN ESPLANADI,Puisto,HEVOSKASTANJA,Aesculus,hippocastanum,50 - 70 cm,,Helsinki/MAKA,2026-02-27,POINT (24.924709572362975 60.17724674984411)
Puurekisteri_piste.11131,11131,K-9622,KÄPYLÄNTIE,,Katu,PUISTOLEHMUS,Tilia,x vulgaris,30 - 50 cm,,Helsinki/MAKA,2026-02-27,POINT (24.960825937712688 60.21908109860648)
Puurekisteri_piste.11132,11132,K-9623,KÄPYLÄNTIE,,Katu,PUISTOLEHMUS,Tilia,x vulgaris,30 - 50 cm,,Helsinki/MAKA,2026-02-27,POINT (24.960940004740923 60.21912351700267)
Puurekisteri_piste.11134,11134,P-53003-505,,TULLISAAREN KARTANO,Puisto,METSÄKUUSI,Picea,abies,30 - 50 cm,,Helsinki/MAKA,2026-02-27,POINT (25.02783806676102 60.17788696007404)
Puurekisteri_piste.11135,11135,P-53003-506,,TULLISAAREN KARTANO,Puisto,METSÄKUUSI,Picea,abies,20 - 30 cm,,Helsinki/MAKA,2026-02-27,POINT (25.027801914521547 60.177907550004136)
Puurekisteri_piste.11137,11137,P-53003-1110,,TULLISAAREN KARTANO,Puisto,METSÄKUUSI,Picea,abies,30 - 50 cm,,Helsinki/MAKA,2026-02-27,POINT (25.033046898045093 60.181039644897574)
Puurekisteri_piste.11138,11138,P-53003-1111,,TULLISAAREN KARTANO,Puisto,METSÄKUUSI,Picea,abies,50 - 70 cm,,Helsinki/MAKA,2026-02-27,POINT (25.032999181297992 60.181018225354755)
Puurekisteri_piste.11140,11140,P-53003-888,,TULLISAAREN KARTANO,Puisto,RAUDUSKOIVU,Betula,pendula,70 cm -,,Helsinki/MAKA,2026-02-27,POINT (25.029203038400883 60.180615650549306)
Puurekisteri_piste.11143,11143,P-53003-891,,TULLISAAREN KARTANO,Puisto,METSÄMÄNTY,Pinus,sylvestris,30 - 50 cm,,Helsinki/MAKA,2026-02-27,POINT (25.029200863101885 60.18072196508208)
Puurekisteri_piste.11144,11144,P-53003-892,,TULLISAAREN KARTANO,Puisto,METSÄTAMMI,Quercus,robur,0 - 10 cm,,Helsinki/MAKA,2026-02-27,POINT (25.029182940764933 60.18067929310264)
Puurekisteri_piste.11145,11145,P-53003-893,,TULLISAAREN KARTANO,Puisto,TERVALEPPÄ,Alnus,glutinosa,50 - 70 cm,,Helsinki/MAKA,2026-02-27,POINT (25.02912453375682 60.18070464237468)
Puurekisteri_piste.10456,10456,K-3620,MECHELININKATU,,Katu,PUISTOLEHMUS,Tilia,x vulgaris,50 - 70 cm,,Helsinki/MAKA,2026-02-27,POINT (24.917817629719263 60.176182486706594)
Puurekisteri_piste.10457,10457,K-9606,KÄPYLÄNTIE,,Katu,PUISTOLEHMUS,Tilia,x vulgaris,20 - 30 cm,,Helsinki/MAKA,2026-02-27,POINT (24.960933523284236 60.21854614018127)
Puurekisteri_piste.10459,10459,K-5327,HAKANIEMENKATU,,Katu,PUISTOLEHMUS,Tilia,x vulgaris,20 - 30 cm,,Helsinki/MAKA,2026-02-27,POINT (24.954383355526595 60.178704134760665)
Puurekisteri_piste.10460,10460,K-5328,HAKANIEMENKATU,,Katu,PUISTOLEHMUS,Tilia,x vulgaris,20 - 30 cm,,Helsinki/MAKA,2026-02-27,POINT (24.954231390431865 60.17863398640392)
Puurekisteri_piste.10461,10461,K-5329,HAKANIEMENKATU,,Katu,PUISTOLEHMUS,Tilia,x vulgaris,20 - 30 cm,,Helsinki/MAKA,2026-02-27,POINT (24.954057444876398 60.1785648307031)
Puurekisteri_piste.10462,10462,K-877,ASEMAPÄÄLLIKÖNKATU,,Katu,PUISTOLEHMUS,Tilia,x vulgaris,20 - 30 cm,,Helsinki/MAKA,2026-02-27,POINT (24.94204021464474 60.19895481198576)
Puurekisteri_piste.10468,10468,P-53003-830,,TULLISAAREN KARTANO,Puisto,METSÄVAAHTERA,Acer,platanoides,20 - 30 cm,,Helsinki/MAKA,2026-02-27,POINT (25.029760331355405 60.18071131863982)
Puurekisteri_piste.10469,10469,P-53003-831,,TULLISAAREN KARTANO,Puisto,PUISTOLEHMUS,Tilia,x vulgaris,70 cm -,,Helsinki/MAKA,2026-02-27,POINT (25.02992168850586 60.18073666664471)
Puurekisteri_piste.10470,10470,K-6660,MANNERHEIMINTIE,,Katu,PUISTOLEHMUS,Tilia,x vulgaris,50 - 70 cm,,Helsinki/MAKA,2026-02-27,POINT (24.93357569086983 60.17303432446413)
Puurekisteri_piste.10473,10473,P-34042-1,,VAUHTIPUISTO,Puisto,HIESKOIVU,Betula,pubescens,30 - 50 cm,,Helsinki/MAKA,2026-02-27,POINT (24.934266569096298 60.187657396514965)
Puurekisteri_piste.10474,10474,P-34042-2,,VAUHTIPUISTO,Puisto,RAUDUSKOIVU,Betula,pendula,30 - 50 cm,,Helsinki/MAKA,2026-02-27,POINT (24.9343322665317 60.18764573930308)
Puurekisteri_piste.10628,10628,P-33016-430,,KAISANIEMENPUISTO,Puisto,RAUTATIENOMENAPUU,Malus,Hyvingiensis,20 - 30 cm,,Helsinki/MAKA,2026-02-27,POINT (24.94449888437571 60.17374485584235)
Puurekisteri_piste.10629,10629,K-9450,POHJOLANKATU,,Katu,PUISTOLEHMUS,Tilia,x vulgaris,0 - 10 cm,,Helsinki/MAKA,2026-02-27,POINT (24.956006080771015 60.217556586343115)
Puurekisteri_piste.10630,10630,K-9451,POHJOLANKATU,,Katu,PUISTOLEHMUS,Tilia,x vulgaris,0 - 10 cm,,Helsinki/MAKA,2026-02-27,POINT (24.9562069222249 60.21761361533126)
Puurekisteri_piste.10632,10632,P-43001-260,,LAIVASTOPUISTO,Puisto,RAITA,Salix,caprea,10 - 20 cm,,Helsinki/MAKA,2026-02-27,POINT (24.97901403419911 60.16763434538671)
Puurekisteri_piste.10633,10633,P-43001-261,,LAIVASTOPUISTO,Puisto,METSÄVAAHTERA,Acer,platanoides,10 - 20 cm,,Helsinki/MAKA,2026-02-27,POINT (24.97893706627434 60.16764233502702)
Puurekisteri_piste.10634,10634,P-43001-262,,LAIVASTOPUISTO,Puisto,METSÄVAAHTERA,Acer,platanoides,10 - 20 cm,,Helsinki/MAKA,2026-02-27,POINT (24.978855368880147 60.1676292678767)
Puurekisteri_piste.10635,10635,P-43001-263,,LAIVASTOPUISTO,Puisto,METSÄVAAHTERA,Acer,platanoides,10 - 20 cm,,Helsinki/MAKA,2026-02-27,POINT (24.9788890788053 60.16758058159449)
Puurekisteri_piste.10638,10638,P-32016-12,,ENSIPUISTIKKO,Puisto,ISOLEHTILEHMUS,Tilia,platyphyllos,30 - 50 cm,,Helsinki/MAKA,2026-02-27,POINT (24.94233582450978 60.155287544203304)
Puurekisteri_piste.10639,10639,P-32016-13,,ENSIPUISTIKKO,Puisto,ISOLEHTILEHMUS,Tilia,platyphyllos,50 - 70 cm,,Helsinki/MAKA,2026-02-27,POINT (24.942373894478653 60.15521589042685)
Puurekisteri_piste.10640,10640,P-32016-14,,ENSIPUISTIKKO,Puisto,PUISTOLEHMUSLAJIKE,Tilia,x vulgaris,30 - 50 cm,,Helsinki/MAKA,2026-02-27,POINT (24.942271214423652 60.15512963800464)
Puurekisteri_piste.10641,10641,P-32016-15,,ENSIPUISTIKKO,Puisto,PUISTOLEHMUSLAJIKE,Tilia,x vulgaris,50 - 70 cm,,Helsinki/MAKA,2026-02-27,POINT (24.942133394050348 60.15511211458084)
Puurekisteri_piste.10642,10642,P-32016-16,,ENSIPUISTIKKO,Puisto,PUISTOLEHMUS,Tilia,x vulgaris,50 - 70 cm,,Helsinki/MAKA,2026-02-27,POINT (24.94199263887666 60.15509166642132)
Puurekisteri_piste.10643,10643,P-32016-17,,ENSIPUISTIKKO,Puisto,PUISTOLEHMUSLAJIKE,Tilia,x vulgaris,50 - 70 cm,,Helsinki/MAKA,2026-02-27,POINT (24.941857754693025 60.15507852849068)
Puurekisteri_piste.10644,10644,K-9673,OULUNKYLÄNTIE,,Katu,METSÄVAAHTERA,Acer,platanoides,20 - 30 cm,,Helsinki/MAKA,2026-02-27,POINT (24.962898710904067 60.22085495386487)
Puurekisteri_piste.10646,10646,K-9676,OULUNKYLÄNTIE,,Katu,METSÄVAAHTERA,Acer,platanoides,20 - 30 cm,,Helsinki/MAKA,2026-02-27,POINT (24.962605241125804 60.22062151068867)
Puurekisteri_piste.10647,10647,K-9677,OULUNKYLÄNTIE,,Katu,METSÄVAAHTERA,Acer,platanoides,30 - 50 cm,,Helsinki/MAKA,2026-02-27,POINT (24.962531360723332 60.22054946268065)
Puurekisteri_piste.10648,10648,K-9678,OULUNKYLÄNTIE,,Katu,METSÄVAAHTERA,Acer,platanoides,30 - 50 cm,,Helsinki/MAKA,2026-02-27,POINT (24.962425164466833 60.22045965378958)
Puurekisteri_piste.10650,10650,P-44017-195,,KATRI VALAN PUISTO,Puisto,VUORIJALAVA,Ulmus,glabra,30 - 50 cm,,Helsinki/MAKA,2026-02-27,POINT (24.96402043176326 60.185580637683266)
Puurekisteri_piste.10651,10651,P-44017-196,,KATRI VALAN PUISTO,Puisto,VUORIJALAVA,Ulmus,glabra,30 - 50 cm,,Helsinki/MAKA,2026-02-27,POINT (24.963571423924673 60.18569267555312)
Puurekisteri_piste.10652,10652,K-5738,KAISANIEMENRANTA,,Katu,PUISTOLEHMUS,Tilia,x vulgaris,30 - 50 cm,,Helsinki/MAKA,2026-02-27,POINT (24.94718293627344 60.17604306591978)
Puurekisteri_piste.11064,11064,K-668,RATAMESTARINKATU,,Katu,PUISTOLEHMUS,Tilia,x vulgaris,10 - 20 cm,,Helsinki/MAKA,2026-02-27,POINT (24.93927939012488 60.200544124638604)
Puurekisteri_piste.11068,11068,P-34019-71,,ALPPIPUISTO (ETELÄ),Puisto,OMENAPUU,Malus,sp.,10 - 20 cm,,Helsinki/MAKA,2026-02-27,POINT (24.94196613934794 60.18683904878424)
Puurekisteri_piste.11069,11069,P-34019-72,,ALPPIPUISTO (ETELÄ),Puisto,METSÄVAAHTERA,Acer,platanoides,20 - 30 cm,,Helsinki/MAKA,2026-02-27,POINT (24.94181892456142 60.18679375609298)
Puurekisteri_piste.11070,11070,P-44017-151,,KATRI VALAN PUISTO,Puisto,VUORIJALAVA,Ulmus,glabra,30 - 50 cm,,Helsinki/MAKA,2026-02-27,POINT (24.964881513892596 60.18652826146027)
Puurekisteri_piste.11072,11072,K-3559,SIBELIUKSENKATU,,Katu,PUISTOLEHMUS,Tilia,x vulgaris,50 - 70 cm,,Helsinki/MAKA,2026-02-27,POINT (24.91923425961885 60.18144009995169)
Puurekisteri_piste.11074,11074,K-6263,HIETANIEMENKATU,,Katu,RAUDUSKOIVU,Betula,pendula,20 - 30 cm,,Helsinki/MAKA,2026-02-27,POINT (24.917706408407803 60.17067980330404)
Puurekisteri_piste.10500,10500,P-43001-203,,LAIVASTOPUISTO,Puisto,PURPPURATUOMI,Prunus,padus,10 - 20 cm,,Helsinki/MAKA,2026-02-27,POINT (24.976185498595054 60.16902307526614)
Puurekisteri_piste.10502,10502,P-43001-205,,LAIVASTOPUISTO,Puisto,PURPPURATUOMI,Prunus,padus,10 - 20 cm,,Helsinki/MAKA,2026-02-27,POINT (24.97613196378627 60.16900999371663)
Puurekisteri_piste.10503,10503,P-34019-186,,ALPPIPUISTO (ETELÄ),Puisto,OMENAPUU,Malus,sp.,0 - 10 cm,,Helsinki/MAKA,2026-02-27,POINT (24.93946988009132 60.18676725878673)
Puurekisteri_piste.10504,10504,P-34019-187,,ALPPIPUISTO (ETELÄ),Puisto,RAUDUSKOIVU,Betula,pendula,10 - 20 cm,,Helsinki/MAKA,2026-02-27,POINT (24.938296823185734 60.18671798540169)
Puurekisteri_piste.10506,10506,P-33016-90,,KAISANIEMENPUISTO,Puisto,METSÄVAAHTERA,Acer,platanoides,50 - 70 cm,,Helsinki/MAKA,2026-02-27,POINT (24.942867260264748 60.17345719365273)
Puurekisteri_piste.10507,10507,P-33016-91,,KAISANIEMENPUISTO,Puisto,METSÄVAAHTERA,Acer,platanoides,50 - 70 cm,,Helsinki/MAKA,2026-02-27,POINT (24.942774485109535 60.17350015883524)
Puurekisteri_piste.10508,10508,P-32031-176,,SINEBRYCHOFFIN PUISTO,Puisto,METSÄVAAHTERA,Acer,platanoides,20 - 30 cm,,Helsinki/MAKA,2026-02-27,POINT (24.934321488106875 60.16155956638767)
Puurekisteri_piste.10509,10509,P-32031-177,,SINEBRYCHOFFIN PUISTO,Puisto,METSÄVAAHTERA,Acer,platanoides,20 - 30 cm,,Helsinki/MAKA,2026-02-27,POINT (24.934177707615156 60.16152909647268)
Puurekisteri_piste.11293,11293,K-7625,POHJOISESPLANADI,,Katu,PUISTOLEHMUS,Tilia,x vulgaris,20 - 30 cm,,Helsinki/MAKA,2026-02-27,POINT (24.942747177783787 60.16742451538454)
Puurekisteri_piste.10929,10929,P-43067-293,,TERVASAARI,Puisto,RAITA,Salix,caprea,10 - 20 cm,,Helsinki/MAKA,2026-02-27,POINT (24.96752980033041 60.173323409272676)
Puurekisteri_piste.10930,10930,P-43067-294,,TERVASAARI,Puisto,METSÄVAAHTERA,Acer,platanoides,0 - 10 cm,,Helsinki/MAKA,2026-02-27,POINT (24.967907836756122 60.17338534107661)
Puurekisteri_piste.10931,10931,P-43067-295,,TERVASAARI,Puisto,METSÄVAAHTERA,Acer,platanoides,0 - 10 cm,,Helsinki/MAKA,2026-02-27,POINT (24.967948283004205 60.17340547085981)
Puurekisteri_piste.10932,10932,P-43067-296,,TERVASAARI,Puisto,METSÄVAAHTERA,Acer,platanoides,0 - 10 cm,,Helsinki/MAKA,2026-02-27,POINT (24.968025857661452 60.17341850940323)
Puurekisteri_piste.10934,10934,P-33054-112,,HESPERIAN ESPLANADI,Puisto,VUORIJALAVA,Ulmus,glabra,30 - 50 cm,,Helsinki/MAKA,2026-02-27,POINT (24.9180697645784 60.17659923288746)
Puurekisteri_piste.10935,10935,P-33054-113,,HESPERIAN ESPLANADI,Puisto,VUORIJALAVA,Ulmus,glabra,30 - 50 cm,,Helsinki/MAKA,2026-02-27,POINT (24.91809741530546 60.176528456731006)
Puurekisteri_piste.10937,10937,P-44017-247,,KATRI VALAN PUISTO,Puisto,KANADANHEMLOKKI,Tsuga,canadensis,10 - 20 cm,,Helsinki/MAKA,2026-02-27,POINT (24.963918920905453 60.18702397695786)
Puurekisteri_piste.10938,10938,P-44017-248,,KATRI VALAN PUISTO,Puisto,KANADANHEMLOKKI,Tsuga,canadensis,0 - 10 cm,,Helsinki/MAKA,2026-02-27,POINT (24.963932141647195 60.18701655723935)
Puurekisteri_piste.10939,10939,P-44017-249,,KATRI VALAN PUISTO,Puisto,KANADANHEMLOKKI,Tsuga,canadensis,0 - 10 cm,,Helsinki/MAKA,2026-02-27,POINT (24.963966874723603 60.18701901768886)
Puurekisteri_piste.10940,10940,P-44017-250,,KATRI VALAN PUISTO,Puisto,VUORIJALAVA,Ulmus,glabra,0 - 10 cm,,Helsinki/MAKA,2026-02-27,POINT (24.96415380713272 60.18706015309614)
Puurekisteri_piste.10941,10941,P-44017-251,,KATRI VALAN PUISTO,Puisto,METSÄMÄNTY,Pinus,sylvestris,10 - 20 cm,,Helsinki/MAKA,2026-02-27,POINT (24.965558110056012 60.186679635759134)
Puurekisteri_piste.10942,10942,K-819,RATAMESTARINKATU,,Katu,PUISTOLEHMUS,Tilia,x vulgaris,20 - 30 cm,,Helsinki/MAKA,2026-02-27,POINT (24.939877120512847 60.1993654940334)
Puurekisteri_piste.11217,11217,P-32008-145,,URSININKALLIO,Puisto,LEHMUS,Tilia,sp.,30 - 50 cm,,Helsinki/MAKA,2026-02-27,POINT (24.945860157791813 60.15457251670262)
Puurekisteri_piste.11218,11218,K-9270,MÄKELÄNKATU,,Katu,METSÄVAAHTERA,Acer,platanoides,20 - 30 cm,,Helsinki/MAKA,2026-02-27,POINT (24.9434294330014 60.212811965207614)
Puurekisteri_piste.11220,11220,P-33054-110,,HESPERIAN ESPLANADI,Puisto,VUORIJALAVA,Ulmus,glabra,30 - 50 cm,,Helsinki/MAKA,2026-02-27,POINT (24.918369072085422 60.176633617308646)
Puurekisteri_piste.11223,11223,P-43001-254,,LAIVASTOPUISTO,Puisto,TUOMI/KIRSIKKA,Prunus,sp.,10 - 20 cm,,Helsinki/MAKA,2026-02-27,POINT (24.97934082753774 60.167684276143966)
Puurekisteri_piste.11226,11226,P-53003-746,,TULLISAAREN KARTANO,Puisto,RAITA,Salix,caprea,30 - 50 cm,,Helsinki/MAKA,2026-02-27,POINT (25.03089097363326 60.18057760192313)
Puurekisteri_piste.11228,11228,P-53003-748,,TULLISAAREN KARTANO,Puisto,METSÄVAAHTERA,Acer,platanoides,30 - 50 cm,,Helsinki/MAKA,2026-02-27,POINT (25.03095247290105 60.180674161181535)
Puurekisteri_piste.11229,11229,K-9411,POHJOLANKATU,,Katu,PUISTOLEHMUS,Tilia,x vulgaris,30 - 50 cm,,Helsinki/MAKA,2026-02-27,POINT (24.951968889040664 60.216095979158894)
Puurekisteri_piste.11230,11230,P-42005-938,,KAIVOPUISTO,Puisto,TERVALEPPÄ,Alnus,glutinosa,50 - 70 cm,,Helsinki/MAKA,2026-02-27,POINT (24.95460593626723 60.15793660465292)
Puurekisteri_piste.11232,11232,K-7067,SELKÄMERENKATU,,Katu,PUISTOLEHMUS,Tilia,x vulgaris,10 - 20 cm,,Helsinki/MAKA,2026-02-27,POINT (24.916811392478635 60.16047958288618)
Puurekisteri_piste.11233,11233,K-7068,SELKÄMERENKATU,,Katu,PUISTOLEHMUS,Tilia,x vulgaris,10 - 20 cm,,Helsinki/MAKA,2026-02-27,POINT (24.91671017779059 60.160552010967756)
Puurekisteri_piste.11236,11236,K-533,MÄKELÄNKATU,,Katu,PUISTOLEHMUS,Tilia,x vulgaris,20 - 30 cm,,Helsinki/MAKA,2026-02-27,POINT (24.94553171424427 60.20530637104516)
Puurekisteri_piste.11237,11237,K-5330,HAKANIEMENKATU,,Katu,PUISTOLEHMUS,Tilia,x vulgaris,20 - 30 cm,,Helsinki/MAKA,2026-02-27,POINT (24.95391702785753 60.178509667859934)
Puurekisteri_piste.11238,11238,K-9111,HERNESAARENRANTA,,Katu,PUISTOLEHMUS,Tilia,x vulgaris,10 - 20 cm,,Helsinki/MAKA,2026-02-27,POINT (24.928580478257672 60.15083484503692)
Puurekisteri_piste.11239,11239,K-9112,HERNESAARENRANTA,,Katu,PUISTOLEHMUS,Tilia,x vulgaris,10 - 20 cm,,Helsinki/MAKA,2026-02-27,POINT (24.928499626494258 60.150757751599485)
Puurekisteri_piste.11240,11240,K-9113,HERNESAARENRANTA,,Katu,PUISTOLEHMUS,Tilia,x vulgaris,10 - 20 cm,,Helsinki/MAKA,2026-02-27,POINT (24.928423458596242 60.15069214628825)
Puurekisteri_piste.11243,11243,P-42001-432,,TÄHTITORNIN VUORI,Puisto,RAUDUSKOIVU,Betula,pendula,30 - 50 cm,,Helsinki/MAKA,2026-02-27,POINT (24.95526118517426 60.162282559549055)
Puurekisteri_piste.11247,11247,P-32028-137,,TEHTAANPUISTO,Puisto,METSÄTAMMI,Quercus,robur,30 - 50 cm,,Helsinki/MAKA,2026-02-27,POINT (24.940054572709688 60.15871679052212)
Puurekisteri_piste.10510,10510,K-9256,MÄKELÄNKATU,,Katu,METSÄVAAHTERA,Acer,platanoides,20 - 30 cm,,Helsinki/MAKA,2026-02-27,POINT (24.943881519629702 60.212163423332655)
Puurekisteri_piste.10511,10511,K-9257,MÄKELÄNKATU,,Katu,METSÄVAAHTERA,Acer,platanoides,20 - 30 cm,,Helsinki/MAKA,2026-02-27,POINT (24.94368875010558 60.21222197576489)
Puurekisteri_piste.10512,10512,P-32016-18,,ENSIPUISTIKKO,Puisto,MONGOLIANVAAHTERA,Acer,tataricum,20 - 30 cm,,Helsinki/MAKA,2026-02-27,POINT (24.94220681251009 60.155290489493474)
Puurekisteri_piste.10514,10514,P-32016-20,,ENSIPUISTIKKO,Puisto,PUISTOLEHMUS,Tilia,x vulgaris,50 - 70 cm,,Helsinki/MAKA,2026-02-27,POINT (24.94116004280254 60.15528188279785)
Puurekisteri_piste.10516,10516,K-7629,POHJOISESPLANADI,,Katu,PUISTOLEHMUS,Tilia,x vulgaris,30 - 50 cm,,Helsinki/MAKA,2026-02-27,POINT (24.943416341356166 60.167635198285716)
Puurekisteri_piste.10519,10519,K-9323,POHJOLANKATU,,Katu,PUISTOLEHMUS,Tilia,x vulgaris,50 - 70 cm,,Helsinki/MAKA,2026-02-27,POINT (24.946017357555846 60.214199790012174)
Puurekisteri_piste.10520,10520,K-9324,POHJOLANKATU,,Katu,PUISTOLEHMUS,Tilia,x vulgaris,50 - 70 cm,,Helsinki/MAKA,2026-02-27,POINT (24.94614491294535 60.2142372821721)
Puurekisteri_piste.10521,10521,K-9325,POHJOLANKATU,,Katu,PUISTOLEHMUS,Tilia,x vulgaris,50 - 70 cm,,Helsinki/MAKA,2026-02-27,POINT (24.946243450313506 60.21430350067002)
Puurekisteri_piste.10522,10522,K-9027,MERISATAMANRANTA,,Katu,PUISTOLEHMUS,Tilia,x vulgaris,50 - 70 cm,,Helsinki/MAKA,2026-02-27,POINT (24.94884798176162 60.1552045935491)
Puurekisteri_piste.10523,10523,K-9028,MERISATAMANRANTA,,Katu,PUISTOLEHMUS,Tilia,x vulgaris,20 - 30 cm,,Helsinki/MAKA,2026-02-27,POINT (24.94902985855067 60.15523112166275)
Puurekisteri_piste.10524,10524,P-33102-13,,LAPINLAHDEN PUISTIKKO,Puisto,VUORIJALAVA,Ulmus,glabra,10 - 20 cm,,Helsinki/MAKA,2026-02-27,POINT (24.93195988604483 60.16624253681787)
Puurekisteri_piste.10525,10525,P-53003-112,,TULLISAAREN KARTANO,Puisto,RAUDUSKOIVU,Betula,pendula,30 - 50 cm,,Helsinki/MAKA,2026-02-27,POINT (25.033317201422673 60.177614267760966)
Puurekisteri_piste.10526,10526,K-7913,MELKONKATU,,Katu,PUISTOLEHMUS,Tilia,x vulgaris,10 - 20 cm,,Helsinki/MAKA,2026-02-27,POINT (24.881255508418107 60.15454002173556)
Puurekisteri_piste.10527,10527,K-7914,MELKONKATU,,Katu,PUISTOLEHMUS,Tilia,x vulgaris,10 - 20 cm,,Helsinki/MAKA,2026-02-27,POINT (24.881142771275005 60.1545617983252)
Puurekisteri_piste.10528,10528,K-7916,HEIKKILÄNTIE,,Katu,HOPEASALAVA,Salix,alba,30 - 50 cm,,Helsinki/MAKA,2026-02-27,POINT (24.8816782886205 60.1551296473636)
Puurekisteri_piste.10529,10529,P-34019-281,,ALPPIPUISTO (ETELÄ),Puisto,KOIVU,Betula,sp.,30 - 50 cm,,Helsinki/MAKA,2026-02-27,POINT (24.938020980600406 60.188106939692695)
Puurekisteri_piste.10531,10531,P-33101-16,,LASTENLEHTO,Puisto,METSÄVAAHTERA,Acer,platanoides,10 - 20 cm,,Helsinki/MAKA,2026-02-27,POINT (24.928212085823258 60.1661567965536)
Puurekisteri_piste.10532,10532,P-33101-17,,LASTENLEHTO,Puisto,METSÄVAAHTERA,Acer,platanoides,10 - 20 cm,,Helsinki/MAKA,2026-02-27,POINT (24.928196198373804 60.1661271088548)
Puurekisteri_piste.10533,10533,P-33101-18,,LASTENLEHTO,Puisto,METSÄVAAHTERA,Acer,platanoides,10 - 20 cm,,Helsinki/MAKA,2026-02-27,POINT (24.92813664014562 60.166110287993895)
Puurekisteri_piste.10534,10534,P-33101-19,,LASTENLEHTO,Puisto,METSÄVAAHTERA,Acer,platanoides,10 - 20 cm,,Helsinki/MAKA,2026-02-27,POINT (24.928266670175915 60.16612265122948)
Puurekisteri_piste.10535,10535,K-3551,SIBELIUKSENKATU,,Katu,PUISTOLEHMUS,Tilia,x vulgaris,30 - 50 cm,,Helsinki/MAKA,2026-02-27,POINT (24.91821724564308 60.18111927746268)
Puurekisteri_piste.10536,10536,K-6740,LAPINLAHDENKATU,,Katu,METSÄVAAHTERA,Acer,platanoides,20 - 30 cm,,Helsinki/MAKA,2026-02-27,POINT (24.922777807874624 60.167600919630004)
Puurekisteri_piste.10541,10541,P-53003-852,,TULLISAAREN KARTANO,Puisto,METSÄMÄNTY,Pinus,sylvestris,30 - 50 cm,,Helsinki/MAKA,2026-02-27,POINT (25.028932323660698 60.18018107123585)
Puurekisteri_piste.10542,10542,P-53003-853,,TULLISAAREN KARTANO,Puisto,TERVALEPPÄ,Alnus,glutinosa,50 - 70 cm,,Helsinki/MAKA,2026-02-27,POINT (25.029008719393783 60.18011286809517)
Puurekisteri_piste.10543,10543,P-53003-854,,TULLISAAREN KARTANO,Puisto,TERVALEPPÄ,Alnus,glutinosa,30 - 50 cm,,Helsinki/MAKA,2026-02-27,POINT (25.029031455084993 60.18012414316368)
Puurekisteri_piste.10545,10545,P-42003-23,,MYLLYRINNE,Puisto,PUISTOLEHMUS,Tilia,x vulgaris,50 - 70 cm,,Helsinki/MAKA,2026-02-27,POINT (24.955772512724366 60.15936061029797)
Puurekisteri_piste.10547,10547,P-43067-359,,TERVASAARI,Puisto,METSÄVAAHTERA,Acer,platanoides,20 - 30 cm,,Helsinki/MAKA,2026-02-27,POINT (24.96909801245062 60.17284358376134)
Puurekisteri_piste.10554,10554,P-33016-166,,KAISANIEMENPUISTO,Puisto,RAUTATIENOMENAPUU,Malus,Hyvingiensis,30 - 50 cm,,Helsinki/MAKA,2026-02-27,POINT (24.94251450732151 60.17652324430831)
Puurekisteri_piste.10555,10555,P-43067-345,,TERVASAARI,Puisto,RAUDUSKOIVU,Betula,pendula,10 - 20 cm,,Helsinki/MAKA,2026-02-27,POINT (24.969860383443418 60.17279911437793)
Puurekisteri_piste.10556,10556,P-43067-346,,TERVASAARI,Puisto,VUORIJALAVA,Ulmus,glabra,0 - 10 cm,,Helsinki/MAKA,2026-02-27,POINT (24.96950582952203 60.17284544259212)
Puurekisteri_piste.10557,10557,P-43067-347,,TERVASAARI,Puisto,VUORIJALAVA,Ulmus,glabra,0 - 10 cm,,Helsinki/MAKA,2026-02-27,POINT (24.969570259114 60.17281328174632)
Puurekisteri_piste.11294,11294,K-7626,POHJOISESPLANADI,,Katu,PUISTOLEHMUS,Tilia,x vulgaris,20 - 30 cm,,Helsinki/MAKA,2026-02-27,POINT (24.94266777803393 60.167474072475436)
Puurekisteri_piste.11295,11295,P-32031-38,,SINEBRYCHOFFIN PUISTO,Puisto,SAARNIVAAHTERA,Acer,negundo,10 - 20 cm,,Helsinki/MAKA,2026-02-27,POINT (24.932855389847514 60.16150293942025)
Puurekisteri_piste.11298,11298,K-3294,LINNANKOSKENKATU,,Katu,PUISTOLEHMUS,Tilia,x vulgaris,30 - 50 cm,,Helsinki/MAKA,2026-02-27,POINT (24.910383657563393 60.185068849411145)
Puurekisteri_piste.11299,11299,K-3295,LINNANKOSKENKATU,,Katu,PUISTOLEHMUS,Tilia,x vulgaris,50 - 70 cm,,Helsinki/MAKA,2026-02-27,POINT (24.910124500298938 60.185086331031044)
Puurekisteri_piste.11040,11040,K-7697,ISOKAARI,,Katu,OMENAPUU,Malus,sp.,20 - 30 cm,,Helsinki/MAKA,2026-02-27,POINT (24.859526799607973 60.16209136505892)
Puurekisteri_piste.11041,11041,K-7096,SELKÄMERENKATU,,Katu,PUISTOLEHMUS,Tilia,x vulgaris,10 - 20 cm,,Helsinki/MAKA,2026-02-27,POINT (24.91559960437777 60.162959788116765)
Puurekisteri_piste.11042,11042,K-7097,SELKÄMERENKATU,,Katu,PUISTOLEHMUS,Tilia,x vulgaris,10 - 20 cm,,Helsinki/MAKA,2026-02-27,POINT (24.915586080196594 60.163071710068074)
Puurekisteri_piste.11047,11047,K-9001,MERISATAMANRANTA,,Katu,PUISTOLEHMUS,Tilia,x vulgaris,30 - 50 cm,,Helsinki/MAKA,2026-02-27,POINT (24.944504612191462 60.154539567659896)
Puurekisteri_piste.11053,11053,K-7607,MANNERHEIMINTIE,,Katu,PUISTOLEHMUS,Tilia,x vulgaris,10 - 20 cm,,Helsinki/MAKA,2026-02-27,POINT (24.94272033514684 60.16714960540667)
Puurekisteri_piste.11055,11055,P-43002-7,,MERIKASARMINPUISTO,Puisto,RAUDUSKOIVU,Betula,pendula,10 - 20 cm,,Helsinki/MAKA,2026-02-27,POINT (24.9743874693891 60.16842828308675)
Puurekisteri_piste.11056,11056,P-43002-8,,MERIKASARMINPUISTO,Puisto,RAUDUSKOIVU,Betula,pendula,0 - 10 cm,,Helsinki/MAKA,2026-02-27,POINT (24.974350305011146 60.16848842304002)
Puurekisteri_piste.11147,11147,P-43067-339,,TERVASAARI,Puisto,KOTIPIHLAJA,Sorbus,aucuparia,0 - 10 cm,,Helsinki/MAKA,2026-02-27,POINT (24.96924128249878 60.17287799921806)
Puurekisteri_piste.11148,11148,P-43067-261,,TERVASAARI,Puisto,METSÄVAAHTERA,Acer,platanoides,0 - 10 cm,,Helsinki/MAKA,2026-02-27,POINT (24.96820373028464 60.17347973905007)
Puurekisteri_piste.11149,11149,P-43067-262,,TERVASAARI,Puisto,METSÄVAAHTERA,Acer,platanoides,0 - 10 cm,,Helsinki/MAKA,2026-02-27,POINT (24.96814142345347 60.173449273126046)
Puurekisteri_piste.51700,51700,P-33030-352,,HESPERIANPUISTO,Puisto,HOPEAPOPPELI,Populus,alba,70 cm -,,Helsinki/MAKA,2026-02-27,POINT (24.93197690619214 60.18275189958582)
Puurekisteri_piste.51701,51701,P-33030-353,,HESPERIANPUISTO,Puisto,MAKEDONIANMÄNTY,Pinus,peuce,20 - 30 cm,,Helsinki/MAKA,2026-02-27,POINT (24.931280856463246 60.179417209774854)
Puurekisteri_piste.11155,11155,P-43001-133,,LAIVASTOPUISTO,Puisto,OMENAPUU,Malus,sp.,0 - 10 cm,,Helsinki/MAKA,2026-02-27,POINT (24.974780118937673 60.16903581974044)
Puurekisteri_piste.11156,11156,P-43001-134,,LAIVASTOPUISTO,Puisto,OMENAPUU,Malus,sp.,0 - 10 cm,,Helsinki/MAKA,2026-02-27,POINT (24.97481866276835 60.169056476863155)
Puurekisteri_piste.11157,11157,P-43001-135,,LAIVASTOPUISTO,Puisto,TUOMI/KIRSIKKA,Prunus,sp.,10 - 20 cm,,Helsinki/MAKA,2026-02-27,POINT (24.974734912599597 60.1690471587984)
Puurekisteri_piste.11159,11159,P-43001-137,,LAIVASTOPUISTO,Puisto,KOTIPIHLAJA,Sorbus,aucuparia,0 - 10 cm,,Helsinki/MAKA,2026-02-27,POINT (24.974670786647987 60.16908114674759)
Puurekisteri_piste.11160,11160,P-32028-103,,TEHTAANPUISTO,Puisto,VUORIJALAVA,Ulmus,glabra,20 - 30 cm,,Helsinki/MAKA,2026-02-27,POINT (24.941264273636357 60.15870069665899)
Puurekisteri_piste.11163,11163,K-9684,OULUNKYLÄNTIE,,Katu,METSÄVAAHTERA,Acer,platanoides,20 - 30 cm,,Helsinki/MAKA,2026-02-27,POINT (24.96175942923262 60.219868571468915)
Puurekisteri_piste.11164,11164,K-9685,OULUNKYLÄNTIE,,Katu,METSÄVAAHTERA,Acer,platanoides,30 - 50 cm,,Helsinki/MAKA,2026-02-27,POINT (24.96163192122067 60.219756330383966)
Puurekisteri_piste.11018,11018,K-6779,MECHELININKATU,,Katu,PUISTOLEHMUS,Tilia,x vulgaris,10 - 20 cm,,Helsinki/MAKA,2026-02-27,POINT (24.92087371525207 60.163877071293264)
Puurekisteri_piste.11019,11019,K-9258,MÄKELÄNKATU,,Katu,METSÄVAAHTERA,Acer,platanoides,20 - 30 cm,,Helsinki/MAKA,2026-02-27,POINT (24.94365111073906 60.212303388020096)
Puurekisteri_piste.11020,11020,P-33016-424,,KAISANIEMENPUISTO,Puisto,PUISTOLEHMUS,Tilia,x vulgaris,70 cm -,,Helsinki/MAKA,2026-02-27,POINT (24.945574781997276 60.17379085435638)
Puurekisteri_piste.11022,11022,P-33016-426,,KAISANIEMENPUISTO,Puisto,PUISTOLEHMUS,Tilia,x vulgaris,70 cm -,,Helsinki/MAKA,2026-02-27,POINT (24.945637642547606 60.17374464560913)
Puurekisteri_piste.11609,11609,K-9014,MERISATAMANRANTA,,Katu,PUISTOLEHMUS,Tilia,x vulgaris,50 - 70 cm,,Helsinki/MAKA,2026-02-27,POINT (24.946665646423906 60.154865054848806)
Puurekisteri_piste.11023,11023,P-33016-427,,KAISANIEMENPUISTO,Puisto,JAPANINJALOPÄHKINÄ,Juglans,ailanthifolia,20 - 30 cm,,Helsinki/MAKA,2026-02-27,POINT (24.94539817994465 60.17376341837869)
Puurekisteri_piste.11025,11025,K-3711,MÄNTYMÄENTIE,,Katu,PUISTOLEHMUS,Tilia,x vulgaris,0 - 10 cm,,Helsinki/MAKA,2026-02-27,POINT (24.926598821423894 60.18397124787555)
Puurekisteri_piste.11026,11026,K-4659,ALEKSIS KIVEN KATU,,Katu,PUISTOLEHMUS,Tilia,x vulgaris,30 - 50 cm,,Helsinki/MAKA,2026-02-27,POINT (24.96026155169325 60.189409165952235)
Puurekisteri_piste.11031,11031,P-53003-267,,TULLISAAREN KARTANO,Puisto,METSÄVAAHTERA,Acer,platanoides,30 - 50 cm,,Helsinki/MAKA,2026-02-27,POINT (25.030176271721253 60.17872626099708)
Puurekisteri_piste.11032,11032,K-9044,MERIKATU,,Katu,METSÄVAAHTERA,Acer,platanoides,20 - 30 cm,,Helsinki/MAKA,2026-02-27,POINT (24.94515955439255 60.15539910686231)
Puurekisteri_piste.11033,11033,K-9045,MERIKATU,,Katu,METSÄVAAHTERA,Acer,platanoides,20 - 30 cm,,Helsinki/MAKA,2026-02-27,POINT (24.94531747873021 60.15542124658634)
Puurekisteri_piste.11034,11034,P-34019-92,,ALPPIPUISTO (ETELÄ),Puisto,RAUDUSKOIVU,Betula,pendula,30 - 50 cm,,Helsinki/MAKA,2026-02-27,POINT (24.941358006983563 60.18653141170416)
Puurekisteri_piste.11036,11036,P-43067-126,,TERVASAARI,Puisto,LEPPÄ,Alnus,sp.,20 - 30 cm,,Helsinki/MAKA,2026-02-27,POINT (24.969423543939342 60.17412351472138)
Puurekisteri_piste.11037,11037,P-43067-127,,TERVASAARI,Puisto,LEPPÄ,Alnus,sp.,20 - 30 cm,,Helsinki/MAKA,2026-02-27,POINT (24.96934399567245 60.17411866052981)
Puurekisteri_piste.11038,11038,P-43067-128,,TERVASAARI,Puisto,RAUDUSKOIVU,Betula,pendula,10 - 20 cm,,Helsinki/MAKA,2026-02-27,POINT (24.969205332876662 60.1742835199883)
Puurekisteri_piste.11039,11039,K-7696,ISOKAARI,,Katu,OMENAPUU,Malus,sp.,20 - 30 cm,,Helsinki/MAKA,2026-02-27,POINT (24.8595164440256 60.16214009637364)
Puurekisteri_piste.11754,11754,K-7302,GYLDENINTIE,,Katu,OMENAPUU,Malus,sp.,10 - 20 cm,,Helsinki/MAKA,2026-02-27,POINT (24.878851031227796 60.163261025153815)
Puurekisteri_piste.11756,11756,K-7118,ITÄMERENKATU,,Katu,PUISTOLEHMUS,Tilia,x vulgaris,10 - 20 cm,,Helsinki/MAKA,2026-02-27,POINT (24.917131799146617 60.1635269884648)
Puurekisteri_piste.11766,11766,P-43067-167,,TERVASAARI,Puisto,RAUDUSKOIVU,Betula,pendula,20 - 30 cm,,Helsinki/MAKA,2026-02-27,POINT (24.97000518931364 60.17384747303842)
Puurekisteri_piste.11767,11767,P-44017-147,,KATRI VALAN PUISTO,Puisto,KORISTEOMENALAJIKE,Malus,Royalty,0 - 10 cm,,Helsinki/MAKA,2026-02-27,POINT (24.964545903719056 60.1866058228415)
Puurekisteri_piste.11769,11769,P-42002-13,,ULLANPUISTIKKO,Puisto,OMENAPUU,Malus,sp.,30 - 50 cm,,Helsinki/MAKA,2026-02-27,POINT (24.952823509302508 60.16064944900292)
Puurekisteri_piste.11770,11770,P-42002-14,,ULLANPUISTIKKO,Puisto,OMENAPUU,Malus,sp.,20 - 30 cm,,Helsinki/MAKA,2026-02-27,POINT (24.95297878265078 60.160671695120335)
Puurekisteri_piste.11771,11771,K-7073,SELKÄMERENKATU,,Katu,PUISTOLEHMUS,Tilia,x vulgaris,10 - 20 cm,,Helsinki/MAKA,2026-02-27,POINT (24.916177084994754 60.16091423906665)
Puurekisteri_piste.11772,11772,K-7074,SELKÄMERENKATU,,Katu,PUISTOLEHMUS,Tilia,x vulgaris,10 - 20 cm,,Helsinki/MAKA,2026-02-27,POINT (24.91608847314204 60.160989449447136)
Puurekisteri_piste.11083,11083,P-33031-20,,HAKASALMENPUISTO,Puisto,METSÄVAAHTERA,Acer,platanoides,50 - 70 cm,,Helsinki/MAKA,2026-02-27,POINT (24.933827436860845 60.174802578367704)
Puurekisteri_piste.11084,11084,P-32031-147,,SINEBRYCHOFFIN PUISTO,Puisto,VUORIJALAVA,Ulmus,glabra,20 - 30 cm,,Helsinki/MAKA,2026-02-27,POINT (24.934146160341935 60.161110704306594)
Puurekisteri_piste.11085,11085,P-32031-148,,SINEBRYCHOFFIN PUISTO,Puisto,METSÄVAAHTERA,Acer,platanoides,20 - 30 cm,,Helsinki/MAKA,2026-02-27,POINT (24.934337850243843 60.16111398030032)
Puurekisteri_piste.11086,11086,P-43067-266,,TERVASAARI,Puisto,METSÄVAAHTERA,Acer,platanoides,0 - 10 cm,,Helsinki/MAKA,2026-02-27,POINT (24.968003701087085 60.17346633607635)
Puurekisteri_piste.11088,11088,K-9483,KÄPYLÄNTIE,,Katu,PUISTOLEHMUS,Tilia,x vulgaris,20 - 30 cm,,Helsinki/MAKA,2026-02-27,POINT (24.95878853018086 60.21448232433374)
Puurekisteri_piste.11089,11089,K-4373,ALEKSIS KIVEN KATU,,Katu,PUISTOLEHMUS,Tilia,x vulgaris,30 - 50 cm,,Helsinki/MAKA,2026-02-27,POINT (24.947396821591585 60.1913386589582)
Puurekisteri_piste.11090,11090,K-4375,ALEKSIS KIVEN KATU,,Katu,PUISTOLEHMUS,Tilia,x vulgaris,10 - 20 cm,,Helsinki/MAKA,2026-02-27,POINT (24.947609809747096 60.19125496595014)
Puurekisteri_piste.11091,11091,K-4380,ALEKSIS KIVEN KATU,,Katu,PUISTOLEHMUS,Tilia,x vulgaris,30 - 50 cm,,Helsinki/MAKA,2026-02-27,POINT (24.94827668466293 60.19097811994668)
Puurekisteri_piste.11094,11094,P-33016-361,,KAISANIEMENPUISTO,Puisto,VUORIJALAVA,Ulmus,glabra,70 cm -,,Helsinki/MAKA,2026-02-27,POINT (24.94917433449829 60.173843748467)
Puurekisteri_piste.11096,11096,P-33054-9,,HESPERIAN ESPLANADI,Puisto,HEVOSKASTANJA,Aesculus,hippocastanum,70 cm -,,Helsinki/MAKA,2026-02-27,POINT (24.928967221569067 60.177511245900405)
Puurekisteri_piste.11604,11604,P-33054-85,,HESPERIAN ESPLANADI,Puisto,VUORIJALAVA,Ulmus,glabra,70 cm -,,Helsinki/MAKA,2026-02-27,POINT (24.92006997527541 60.176894192071515)
Puurekisteri_piste.11605,11605,P-34019-162,,ALPPIPUISTO (ETELÄ),Puisto,VUORIJALAVA,Ulmus,glabra,20 - 30 cm,,Helsinki/MAKA,2026-02-27,POINT (24.940021676920075 60.18693880404504)
Puurekisteri_piste.11607,11607,K-9745,OULUNKYLÄNTIE,,Katu,METSÄVAAHTERA,Acer,platanoides,20 - 30 cm,,Helsinki/MAKA,2026-02-27,POINT (24.96599554072313 60.22336359377683)
Puurekisteri_piste.11608,11608,K-9746,OULUNKYLÄNTIE,,Katu,METSÄVAAHTERA,Acer,platanoides,10 - 20 cm,,Helsinki/MAKA,2026-02-27,POINT (24.96609884406229 60.22343518099171)
Puurekisteri_piste.11612,11612,P-42001-431,,TÄHTITORNIN VUORI,Puisto,METSÄVAAHTERA,Acer,platanoides,30 - 50 cm,,Helsinki/MAKA,2026-02-27,POINT (24.955303088426515 60.162300807108096)
Puurekisteri_piste.11613,11613,P-54037-200,,HERTTONIEMENKARTANO,Puisto,VAAHTERA,Acer,sp.,0 - 10 cm,,Helsinki/MAKA,2026-02-27,POINT (25.042945968330542 60.18798718868225)
Puurekisteri_piste.11614,11614,P-24032-157,,MUNKKINIEMEN PUISTOTIE PUISTOKAISTAT,Puisto,ISOLEHTILEHMUS,Tilia,platyphyllos,30 - 50 cm,,Helsinki/MAKA,2026-02-27,POINT (24.880822761545225 60.19713219282156)
Puurekisteri_piste.11615,11615,P-53003-195,,TULLISAAREN KARTANO,Puisto,METSÄTAMMI,Quercus,robur,30 - 50 cm,,Helsinki/MAKA,2026-02-27,POINT (25.031393688624643 60.17830277138424)
Puurekisteri_piste.11617,11617,P-53003-197,,TULLISAAREN KARTANO,Puisto,METSÄTAMMI,Quercus,robur,0 - 10 cm,,Helsinki/MAKA,2026-02-27,POINT (25.031354075378207 60.17828885924198)
Puurekisteri_piste.11619,11619,P-53003-199,,TULLISAAREN KARTANO,Puisto,METSÄTAMMI,Quercus,robur,0 - 10 cm,,Helsinki/MAKA,2026-02-27,POINT (25.031248569884895 60.178286171535035)
Puurekisteri_piste.11621,11621,P-53003-201,,TULLISAAREN KARTANO,Puisto,METSÄTAMMI,Quercus,robur,10 - 20 cm,,Helsinki/MAKA,2026-02-27,POINT (25.03118563995878 60.178256066935596)
Puurekisteri_piste.11623,11623,P-53003-628,,TULLISAAREN KARTANO,Puisto,METSÄMÄNTY,Pinus,sylvestris,30 - 50 cm,,Helsinki/MAKA,2026-02-27,POINT (25.031874710568694 60.18001234844298)
Puurekisteri_piste.11624,11624,P-53003-629,,TULLISAAREN KARTANO,Puisto,METSÄVAAHTERA,Acer,platanoides,30 - 50 cm,,Helsinki/MAKA,2026-02-27,POINT (25.031965691066052 60.17995891371954)
Puurekisteri_piste.11626,11626,P-43067-142,,TERVASAARI,Puisto,METSÄVAAHTERA,Acer,platanoides,0 - 10 cm,,Helsinki/MAKA,2026-02-27,POINT (24.969800300465728 60.17417519087906)
Puurekisteri_piste.11631,11631,K-5395,PITKÄNSILLANRANTA,,Katu,PUISTOLEHMUS,Tilia,x vulgaris,30 - 50 cm,,Helsinki/MAKA,2026-02-27,POINT (24.94822362528511 60.17716620433365)
Puurekisteri_piste.11632,11632,K-5397,PITKÄNSILLANRANTA,,Katu,PUISTOLEHMUS,Tilia,x vulgaris,30 - 50 cm,,Helsinki/MAKA,2026-02-27,POINT (24.948508262754583 60.177122973422044)
Puurekisteri_piste.11633,11633,K-5482,POHJOISRANTA,,Katu,PUISTOLEHMUS,Tilia,x vulgaris,20 - 30 cm,,Helsinki/MAKA,2026-02-27,POINT (24.96186253070305 60.174971245630125)
Puurekisteri_piste.11634,11634,K-5483,POHJOISRANTA,,Katu,PUISTOLEHMUS,Tilia,x vulgaris,20 - 30 cm,,Helsinki/MAKA,2026-02-27,POINT (24.961839403163577 60.17506163435155)
Puurekisteri_piste.11690,11690,P-34019-166,,ALPPIPUISTO (ETELÄ),Puisto,VUORIJALAVA,Ulmus,glabra,50 - 70 cm,,Helsinki/MAKA,2026-02-27,POINT (24.9397521335391 60.186980039004794)
Puurekisteri_piste.11691,11691,P-34019-161,,ALPPIPUISTO (ETELÄ),Puisto,VUORIJALAVA,Ulmus,glabra,10 - 20 cm,,Helsinki/MAKA,2026-02-27,POINT (24.939996862687483 60.18692562475008)
Puurekisteri_piste.11692,11692,P-33054-187,,HESPERIAN ESPLANADI,Puisto,METSÄVAAHTERA,Acer,platanoides,30 - 50 cm,,Helsinki/MAKA,2026-02-27,POINT (24.915261260424 60.176262635280686)
Puurekisteri_piste.11693,11693,P-43001-264,,LAIVASTOPUISTO,Puisto,RAITA,Salix,caprea,20 - 30 cm,,Helsinki/MAKA,2026-02-27,POINT (24.978987572786608 60.16757660793928)
Puurekisteri_piste.11694,11694,P-43001-265,,LAIVASTOPUISTO,Puisto,ISOLEHTILEHMUS,Tilia,platyphyllos,20 - 30 cm,,Helsinki/MAKA,2026-02-27,POINT (24.978943014365754 60.16750546032149)
Puurekisteri_piste.11695,11695,P-42003-24,,MYLLYRINNE,Puisto,METSÄVAAHTERA,Acer,platanoides,70 cm -,,Helsinki/MAKA,2026-02-27,POINT (24.955686558955495 60.15930501018602)
Puurekisteri_piste.11696,11696,P-32031-111,,SINEBRYCHOFFIN PUISTO,Puisto,VUORIJALAVA,Ulmus,glabra,0 - 10 cm,,Helsinki/MAKA,2026-02-27,POINT (24.934123679055173 60.16077941598842)
Puurekisteri_piste.11697,11697,P-34019-61,,ALPPIPUISTO (ETELÄ),Puisto,METSÄVAAHTERA,Acer,platanoides,0 - 10 cm,,Helsinki/MAKA,2026-02-27,POINT (24.941686379966146 60.18718608070102)
Puurekisteri_piste.11698,11698,P-34019-62,,ALPPIPUISTO (ETELÄ),Puisto,OMENAPUU,Malus,sp.,10 - 20 cm,,Helsinki/MAKA,2026-02-27,POINT (24.94166161183298 60.187246231749484)
Puurekisteri_piste.11699,11699,P-44017-243,,KATRI VALAN PUISTO,Puisto,SIPERIANSEMBRA,Pinus,cembra,0 - 10 cm,,Helsinki/MAKA,2026-02-27,POINT (24.963971879859095 60.18705197338348)
Puurekisteri_piste.11700,11700,K-744,RATAPIHANTIE,,Katu,VUORIJALAVA,Ulmus,glabra,10 - 20 cm,,Helsinki/MAKA,2026-02-27,POINT (24.93292312558737 60.203671766375926)
Puurekisteri_piste.11701,11701,K-7440,MANNERHEIMINTIE,,Katu,PUISTOLEHMUS,Tilia,x vulgaris,10 - 20 cm,,Helsinki/MAKA,2026-02-27,POINT (24.93713222364256 60.17051419518608)
Puurekisteri_piste.11703,11703,K-3973,TYKISTÖNKATU,,Katu,PUISTOLEHMUS,Tilia,x vulgaris,20 - 30 cm,,Helsinki/MAKA,2026-02-27,POINT (24.92481107160064 60.179286921520465)
Puurekisteri_piste.11705,11705,K-2899,TIETOKUJA,,Katu,METSÄLEHMUS,Tilia,cordata,30 - 50 cm,,Helsinki/MAKA,2026-02-27,POINT (24.881876646886372 60.201410832174794)
Puurekisteri_piste.11707,11707,P-53003-1880,,TULLISAAREN KARTANO,Puisto,METSÄKUUSI,Picea,abies,20 - 30 cm,,Helsinki/MAKA,2026-02-27,POINT (25.023784013663697 60.17757070051744)
Puurekisteri_piste.11708,11708,P-53003-1881,,TULLISAAREN KARTANO,Puisto,METSÄMÄNTY,Pinus,sylvestris,30 - 50 cm,,Helsinki/MAKA,2026-02-27,POINT (25.023714351835235 60.177598739794604)
Puurekisteri_piste.11709,11709,K-9232,MÄKELÄNKATU,,Katu,METSÄVAAHTERA,Acer,platanoides,30 - 50 cm,,Helsinki/MAKA,2026-02-27,POINT (24.943998809835325 60.2114769738551)
Puurekisteri_piste.11711,11711,K-9234,MÄKELÄNKATU,,Katu,METSÄVAAHTERA,Acer,platanoides,20 - 30 cm,,Helsinki/MAKA,2026-02-27,POINT (24.943942463408426 60.21162740935338)
Puurekisteri_piste.11712,11712,K-9235,MÄKELÄNKATU,,Katu,METSÄVAAHTERA,Acer,platanoides,20 - 30 cm,,Helsinki/MAKA,2026-02-27,POINT (24.94389616010832 60.211697783624544)
Puurekisteri_piste.11713,11713,K-9236,MÄKELÄNKATU,,Katu,METSÄVAAHTERA,Acer,platanoides,20 - 30 cm,,Helsinki/MAKA,2026-02-27,POINT (24.943892606062096 60.21177290727552)
Puurekisteri_piste.11715,11715,P-42005-961,,KAIVOPUISTO,Puisto,METSÄVAAHTERA,Acer,platanoides,10 - 20 cm,,Helsinki/MAKA,2026-02-27,POINT (24.95415768127068 60.157540878324056)
Puurekisteri_piste.11716,11716,K-973,RATAMESTARINKATU,,Katu,PUISTOLEHMUS,Tilia,x vulgaris,20 - 30 cm,,Helsinki/MAKA,2026-02-27,POINT (24.9407976693752 60.19783507009516)
Puurekisteri_piste.11718,11718,K-3623,MECHELININKATU,,Katu,PUISTOLEHMUS,Tilia,x vulgaris,30 - 50 cm,,Helsinki/MAKA,2026-02-27,POINT (24.918013836359673 60.1761368062978)
Puurekisteri_piste.11719,11719,K-3624,MECHELININKATU,,Katu,PUISTOLEHMUS,Tilia,x vulgaris,30 - 50 cm,,Helsinki/MAKA,2026-02-27,POINT (24.91799149024044 60.176203851501924)
Puurekisteri_piste.11720,11720,K-3625,MECHELININKATU,,Katu,PUISTOLEHMUS,Tilia,x vulgaris,30 - 50 cm,,Helsinki/MAKA,2026-02-27,POINT (24.917940676755514 60.1762787944119)
Puurekisteri_piste.11721,11721,P-53003-1930,,TULLISAAREN KARTANO,Puisto,METSÄMÄNTY,Pinus,sylvestris,30 - 50 cm,,Helsinki/MAKA,2026-02-27,POINT (25.023423083162843 60.177357915569004)
Puurekisteri_piste.11722,11722,K-9403,POHJOLANKATU,,Katu,PUISTOLEHMUS,Tilia,x vulgaris,50 - 70 cm,,Helsinki/MAKA,2026-02-27,POINT (24.95076528480356 60.215831756865555)
Puurekisteri_piste.11725,11725,K-6463,ARKADIANKATU,,Katu,PUISTOLEHMUS,Tilia,x vulgaris,30 - 50 cm,,Helsinki/MAKA,2026-02-27,POINT (24.918802079498896 60.171536088943874)
Puurekisteri_piste.11726,11726,K-6464,ARKADIANKATU,,Katu,PUISTOLEHMUS,Tilia,x vulgaris,30 - 50 cm,,Helsinki/MAKA,2026-02-27,POINT (24.91891112483949 60.17154580568381)
Puurekisteri_piste.11727,11727,P-43001-57,,LAIVASTOPUISTO,Puisto,METSÄVAAHTERA,Acer,platanoides,10 - 20 cm,,Helsinki/MAKA,2026-02-27,POINT (24.972411681719194 60.168798202451924)
Puurekisteri_piste.11728,11728,P-43001-58,,LAIVASTOPUISTO,Puisto,METSÄVAAHTERA,Acer,platanoides,10 - 20 cm,,Helsinki/MAKA,2026-02-27,POINT (24.972405267112094 60.16885867807397)
Puurekisteri_piste.11729,11729,P-43001-59,,LAIVASTOPUISTO,Puisto,METSÄVAAHTERA,Acer,platanoides,10 - 20 cm,,Helsinki/MAKA,2026-02-27,POINT (24.972543152111015 60.168900103610106)
Puurekisteri_piste.11730,11730,P-43001-60,,LAIVASTOPUISTO,Puisto,METSÄVAAHTERA,Acer,platanoides,10 - 20 cm,,Helsinki/MAKA,2026-02-27,POINT (24.972553456525365 60.16883917589555)
Puurekisteri_piste.11731,11731,P-43001-61,,LAIVASTOPUISTO,Puisto,METSÄVAAHTERA,Acer,platanoides,20 - 30 cm,,Helsinki/MAKA,2026-02-27,POINT (24.972727740121194 60.168876050827535)
Puurekisteri_piste.11733,11733,P-43001-63,,LAIVASTOPUISTO,Puisto,KOTIPIHLAJA,Sorbus,aucuparia,10 - 20 cm,,Helsinki/MAKA,2026-02-27,POINT (24.97297194727904 60.16889539781989)
Puurekisteri_piste.11734,11734,P-43001-64,,LAIVASTOPUISTO,Puisto,KOTIPIHLAJA,Sorbus,aucuparia,0 - 10 cm,,Helsinki/MAKA,2026-02-27,POINT (24.97301753152746 60.16894463732496)
Puurekisteri_piste.11735,11735,P-43067-208,,TERVASAARI,Puisto,RAUDUSKOIVU,Betula,pendula,20 - 30 cm,,Helsinki/MAKA,2026-02-27,POINT (24.96986986330207 60.17339964020476)
Puurekisteri_piste.11736,11736,K-9143,MÄKELÄNKATU,,Katu,PUISTOLEHMUS,Tilia,x vulgaris,10 - 20 cm,,Helsinki/MAKA,2026-02-27,POINT (24.94560039413806 60.20906897471289)
Puurekisteri_piste.11737,11737,K-9144,MÄKELÄNKATU,,Katu,PUISTOLEHMUS,Tilia,x vulgaris,10 - 20 cm,,Helsinki/MAKA,2026-02-27,POINT (24.945595560333707 60.2091158265665)
Puurekisteri_piste.11738,11738,K-9145,MÄKELÄNKATU,,Katu,PUISTOLEHMUS,Tilia,x vulgaris,10 - 20 cm,,Helsinki/MAKA,2026-02-27,POINT (24.94555716956699 60.20914679849302)
Puurekisteri_piste.11773,11773,K-876,ASEMAPÄÄLLIKÖNKATU,,Katu,PUISTOLEHMUS,Tilia,x vulgaris,20 - 30 cm,,Helsinki/MAKA,2026-02-27,POINT (24.942025117564558 60.19902778352998)
Puurekisteri_piste.11775,11775,P-43067-201,,TERVASAARI,Puisto,RAUDUSKOIVU,Betula,pendula,20 - 30 cm,,Helsinki/MAKA,2026-02-27,POINT (24.969781132116523 60.17324869647189)
Puurekisteri_piste.11776,11776,P-43067-202,,TERVASAARI,Puisto,HIESKOIVU,Betula,pubescens,20 - 30 cm,,Helsinki/MAKA,2026-02-27,POINT (24.96985342135947 60.173241213820866)
Puurekisteri_piste.11777,11777,P-43067-203,,TERVASAARI,Puisto,TERVALEPPÄ,Alnus,glutinosa,0 - 10 cm,,Helsinki/MAKA,2026-02-27,POINT (24.97019762472937 60.173343600777734)
Puurekisteri_piste.11778,11778,P-43067-204,,TERVASAARI,Puisto,TERVALEPPÄ,Alnus,glutinosa,0 - 10 cm,,Helsinki/MAKA,2026-02-27,POINT (24.97024260854667 60.173415033825925)
Puurekisteri_piste.11779,11779,P-43067-205,,TERVASAARI,Puisto,TERVALEPPÄ,Alnus,glutinosa,0 - 10 cm,,Helsinki/MAKA,2026-02-27,POINT (24.970256394063597 60.17346411113841)
Puurekisteri_piste.11780,11780,P-43001-235,,LAIVASTOPUISTO,Puisto,KOTIPIHLAJA,Sorbus,aucuparia,0 - 10 cm,,Helsinki/MAKA,2026-02-27,POINT (24.97825760024849 60.16835303924137)
Puurekisteri_piste.11781,11781,P-43001-236,,LAIVASTOPUISTO,Puisto,KOTIPIHLAJA,Sorbus,aucuparia,0 - 10 cm,,Helsinki/MAKA,2026-02-27,POINT (24.97823596583935 60.168329649048765)
Puurekisteri_piste.11782,11782,P-43001-237,,LAIVASTOPUISTO,Puisto,KOTIPIHLAJA,Sorbus,aucuparia,10 - 20 cm,,Helsinki/MAKA,2026-02-27,POINT (24.97834110564141 60.1683249226422)
Puurekisteri_piste.11783,11783,P-43001-238,,LAIVASTOPUISTO,Puisto,PURPPURATUOMI,Prunus,padus,10 - 20 cm,,Helsinki/MAKA,2026-02-27,POINT (24.97866598611873 60.16840527599609)
Puurekisteri_piste.11784,11784,P-43001-239,,LAIVASTOPUISTO,Puisto,PURPPURATUOMI,Prunus,padus,0 - 10 cm,,Helsinki/MAKA,2026-02-27,POINT (24.978713862792173 60.168403851275656)
Puurekisteri_piste.11787,11787,P-43001-301,,LAIVASTOPUISTO,Puisto,KOTIPIHLAJA,Sorbus,aucuparia,10 - 20 cm,,Helsinki/MAKA,2026-02-27,POINT (24.97838479459429 60.16690411046939)
Puurekisteri_piste.11792,11792,P-53003-1103,,TULLISAAREN KARTANO,Puisto,RAITA,Salix,caprea,20 - 30 cm,,Helsinki/MAKA,2026-02-27,POINT (25.032949309421852 60.18116244728508)
Puurekisteri_piste.11793,11793,P-53003-1104,,TULLISAAREN KARTANO,Puisto,RAITA,Salix,caprea,30 - 50 cm,,Helsinki/MAKA,2026-02-27,POINT (25.032986407909277 60.181153950316244)
Puurekisteri_piste.11795,11795,P-33016-136,,KAISANIEMENPUISTO,Puisto,METSÄVAAHTERA,Acer,platanoides,50 - 70 cm,,Helsinki/MAKA,2026-02-27,POINT (24.94346552407478 60.17421436056258)
Puurekisteri_piste.11796,11796,P-43067-274,,TERVASAARI,Puisto,VIRGINIANTUOMI,Prunus,virginiana,0 - 10 cm,,Helsinki/MAKA,2026-02-27,POINT (24.96810868824991 60.17358431507685)
Puurekisteri_piste.11797,11797,P-43067-275,,TERVASAARI,Puisto,VIRGINIANTUOMI,Prunus,virginiana,0 - 10 cm,,Helsinki/MAKA,2026-02-27,POINT (24.968075941832883 60.17360065920624)
Puurekisteri_piste.11798,11798,P-43067-340,,TERVASAARI,Puisto,KOTIPIHLAJA,Sorbus,aucuparia,0 - 10 cm,,Helsinki/MAKA,2026-02-27,POINT (24.96925179446443 60.17290129440946)
Puurekisteri_piste.11799,11799,P-43067-341,,TERVASAARI,Puisto,RAUDUSKOIVU,Betula,pendula,0 - 10 cm,,Helsinki/MAKA,2026-02-27,POINT (24.969615850738272 60.17301114933982)
Puurekisteri_piste.11531,11531,K-2074,TILKANKATU,,Katu,RAUDUSKOIVU,Betula,pendula,10 - 20 cm,,Helsinki/MAKA,2026-02-27,POINT (24.894523034614163 60.20337789427951)
Puurekisteri_piste.11196,11196,P-42001-493,,TÄHTITORNIN VUORI,Puisto,VUORIJALAVA,Ulmus,glabra,10 - 20 cm,,Helsinki/MAKA,2026-02-27,POINT (24.955667799687863 60.16175613848973)
Puurekisteri_piste.11197,11197,P-43001-102,,LAIVASTOPUISTO,Puisto,OMENAPUU,Malus,sp.,0 - 10 cm,,Helsinki/MAKA,2026-02-27,POINT (24.97531637298854 60.169091561528916)
Puurekisteri_piste.11198,11198,P-43001-103,,LAIVASTOPUISTO,Puisto,OMENAPUU,Malus,sp.,10 - 20 cm,,Helsinki/MAKA,2026-02-27,POINT (24.975371675470004 60.169096460755775)
Puurekisteri_piste.11200,11200,P-42003-59,,MYLLYRINNE,Puisto,METSÄVAAHTERA,Acer,platanoides,10 - 20 cm,,Helsinki/MAKA,2026-02-27,POINT (24.957399169050152 60.16010642256153)
Puurekisteri_piste.11201,11201,P-42003-60,,MYLLYRINNE,Puisto,METSÄVAAHTERA,Acer,platanoides,20 - 30 cm,,Helsinki/MAKA,2026-02-27,POINT (24.957368775869845 60.160121594847816)
Puurekisteri_piste.11202,11202,P-42003-61,,MYLLYRINNE,Puisto,METSÄVAAHTERA,Acer,platanoides,10 - 20 cm,,Helsinki/MAKA,2026-02-27,POINT (24.95744176824798 60.16012521406261)
Puurekisteri_piste.11203,11203,P-54037-841,,HERTTONIEMENKARTANO,Puisto,KOIVULAJI,Betula,albosinensis,0 - 10 cm,,Helsinki/MAKA,2026-02-27,POINT (25.046444648110665 60.189267339703896)
Puurekisteri_piste.11205,11205,P-54037-843,,HERTTONIEMENKARTANO,Puisto,KOIVULAJI,Betula,albosinensis,0 - 10 cm,,Helsinki/MAKA,2026-02-27,POINT (25.046460724057095 60.189237756153716)
Puurekisteri_piste.11206,11206,P-54037-844,,HERTTONIEMENKARTANO,Puisto,RAUDUSKOIVU,Betula,pendula,0 - 10 cm,,Helsinki/MAKA,2026-02-27,POINT (25.04653024647948 60.18907685691197)
Puurekisteri_piste.11207,11207,P-54037-845,,HERTTONIEMENKARTANO,Puisto,RAUDUSKOIVU,Betula,pendula,0 - 10 cm,,Helsinki/MAKA,2026-02-27,POINT (25.046562560920336 60.189060698467806)
Puurekisteri_piste.11208,11208,P-54037-846,,HERTTONIEMENKARTANO,Puisto,RAUDUSKOIVU,Betula,pendula,0 - 10 cm,,Helsinki/MAKA,2026-02-27,POINT (25.046540893224936 60.18903921417663)
Puurekisteri_piste.11209,11209,P-54037-847,,HERTTONIEMENKARTANO,Puisto,PAPERIKOIVU,Betula,papyrifera,0 - 10 cm,,Helsinki/MAKA,2026-02-27,POINT (25.046444410529702 60.18873851587039)
Puurekisteri_piste.11211,11211,P-42001-43,,TÄHTITORNIN VUORI,Puisto,METSÄVAAHTERA,Acer,platanoides,50 - 70 cm,,Helsinki/MAKA,2026-02-27,POINT (24.950117528765418 60.161051630215745)
Puurekisteri_piste.11168,11168,K-5175,SÖRNÄISTEN RANTATIE,,Katu,PUISTOLEHMUS,Tilia,x vulgaris,10 - 20 cm,,Helsinki/MAKA,2026-02-27,POINT (24.9606959542033 60.181745905997325)
Puurekisteri_piste.11172,11172,P-24032-75,,MUNKKINIEMEN PUISTOTIE PUISTOKAISTAT,Puisto,PUISTOLEHMUS,Tilia,x vulgaris,30 - 50 cm,,Helsinki/MAKA,2026-02-27,POINT (24.881304115483037 60.197246391647674)
Puurekisteri_piste.11173,11173,P-24032-76,,MUNKKINIEMEN PUISTOTIE PUISTOKAISTAT,Puisto,PUISTOLEHMUS,Tilia,x vulgaris,50 - 70 cm,,Helsinki/MAKA,2026-02-27,POINT (24.88121938493079 60.19726219892077)
Puurekisteri_piste.11174,11174,K-7233,KELLOSAARENKATU,,Katu,KOTIPIHLAJA,Sorbus,aucuparia,0 - 10 cm,,Helsinki/MAKA,2026-02-27,POINT (24.911054722227114 60.16229258186088)
Puurekisteri_piste.11175,11175,K-724,RATAMESTARINKATU,,Katu,PUISTOLEHMUS,Tilia,x vulgaris,0 - 10 cm,,Helsinki/MAKA,2026-02-27,POINT (24.938526225944944 60.2021173269858)
Puurekisteri_piste.11176,11176,K-7246,KELLOSAARENRANTA,,Katu,PUISTOLEHMUS,Tilia,x vulgaris,10 - 20 cm,,Helsinki/MAKA,2026-02-27,POINT (24.910449273077713 60.1616416453796)
Puurekisteri_piste.11177,11177,K-7301,GYLDENINTIE,,Katu,OMENAPUU,Malus,sp.,10 - 20 cm,,Helsinki/MAKA,2026-02-27,POINT (24.87888548382849 60.16333085981628)
Puurekisteri_piste.11178,11178,K-7363,MANNERHEIMINTIE,,Katu,PUISTOLEHMUS,Tilia,x vulgaris,10 - 20 cm,,Helsinki/MAKA,2026-02-27,POINT (24.941315451097086 60.16807366355518)
Puurekisteri_piste.11179,11179,K-737,RAUTATIELÄISENKATU,,Katu,PUISTOLEHMUS,Tilia,x vulgaris,20 - 30 cm,,Helsinki/MAKA,2026-02-27,POINT (24.93907308519173 60.20175743280719)
Puurekisteri_piste.11181,11181,P-32008-60,,URSININKALLIO,Puisto,KURILIENLEHTIKUUSI,Larix,gmelinii,50 - 70 cm,,Helsinki/MAKA,2026-02-27,POINT (24.939382423427244 60.153738333687684)
Puurekisteri_piste.11182,11182,P-34019-218,,ALPPIPUISTO (ETELÄ),Puisto,KOTIPIHLAJA,Sorbus,aucuparia,10 - 20 cm,,Helsinki/MAKA,2026-02-27,POINT (24.938922738811577 60.18637564413597)
Puurekisteri_piste.11183,11183,P-34019-219,,ALPPIPUISTO (ETELÄ),Puisto,KOTIPIHLAJA,Sorbus,aucuparia,0 - 10 cm,,Helsinki/MAKA,2026-02-27,POINT (24.938851809265717 60.18641676890056)
Puurekisteri_piste.11184,11184,P-34019-220,,ALPPIPUISTO (ETELÄ),Puisto,METSÄHAAPA,Populus,tremula,10 - 20 cm,,Helsinki/MAKA,2026-02-27,POINT (24.93877411315745 60.18647280702892)
Puurekisteri_piste.11185,11185,P-34019-221,,ALPPIPUISTO (ETELÄ),Puisto,METSÄHAAPA,Populus,tremula,10 - 20 cm,,Helsinki/MAKA,2026-02-27,POINT (24.938754270898446 60.186476929412244)
Puurekisteri_piste.11186,11186,P-34019-222,,ALPPIPUISTO (ETELÄ),Puisto,METSÄHAAPA,Populus,tremula,10 - 20 cm,,Helsinki/MAKA,2026-02-27,POINT (24.93878734662057 60.18647857274537)
Puurekisteri_piste.11187,11187,P-34019-223,,ALPPIPUISTO (ETELÄ),Puisto,METSÄHAAPA,Populus,tremula,10 - 20 cm,,Helsinki/MAKA,2026-02-27,POINT (24.938782389590354 60.18648681275419)
Puurekisteri_piste.11188,11188,P-34019-224,,ALPPIPUISTO (ETELÄ),Puisto,METSÄHAAPA,Populus,tremula,10 - 20 cm,,Helsinki/MAKA,2026-02-27,POINT (24.938759240689503 60.18649505525836)
Puurekisteri_piste.11189,11189,P-53003-1191,,TULLISAAREN KARTANO,Puisto,METSÄKUUSI,Picea,abies,30 - 50 cm,,Helsinki/MAKA,2026-02-27,POINT (25.03347248064005 60.180529709002535)
Puurekisteri_piste.11192,11192,P-54037-769,,HERTTONIEMENKARTANO,Puisto,PUISTOLEHMUS,Tilia,x vulgaris,70 cm -,,Helsinki/MAKA,2026-02-27,POINT (25.044037571261576 60.186659874037666)
Puurekisteri_piste.11195,11195,P-42001-492,,TÄHTITORNIN VUORI,Puisto,VUORIJALAVA,Ulmus,glabra,20 - 30 cm,,Helsinki/MAKA,2026-02-27,POINT (24.955598307483648 60.161780418108556)
Puurekisteri_piste.10864,10864,P-32041-1,,NEITSYTPUISTO,Puisto,PUISTOLEHMUS,Tilia,x vulgaris,50 - 70 cm,,Helsinki/MAKA,2026-02-27,POINT (24.950258424101296 60.158724422122575)
Puurekisteri_piste.10865,10865,P-32041-2,,NEITSYTPUISTO,Puisto,PUISTOLEHMUS,Tilia,x vulgaris,50 - 70 cm,,Helsinki/MAKA,2026-02-27,POINT (24.950173333708953 60.158707618657466)
Puurekisteri_piste.10866,10866,P-32041-3,,NEITSYTPUISTO,Puisto,PUISTOLEHMUS,Tilia,x vulgaris,30 - 50 cm,,Helsinki/MAKA,2026-02-27,POINT (24.950101445320577 60.158693738164374)
Puurekisteri_piste.11076,11076,P-33016-219,,KAISANIEMENPUISTO,Puisto,METSÄVAAHTERA,Acer,platanoides,50 - 70 cm,,Helsinki/MAKA,2026-02-27,POINT (24.942502044220998 60.17595930539905)
Puurekisteri_piste.11077,11077,P-33016-220,,KAISANIEMENPUISTO,Puisto,METSÄVAAHTERA,Acer,platanoides,50 - 70 cm,,Helsinki/MAKA,2026-02-27,POINT (24.942637950186135 60.17596836769144)
Puurekisteri_piste.11079,11079,P-33031-16,,HAKASALMENPUISTO,Puisto,METSÄVAAHTERA,Acer,platanoides,10 - 20 cm,,Helsinki/MAKA,2026-02-27,POINT (24.933729796863975 60.17482918464253)
Puurekisteri_piste.11080,11080,P-33031-17,,HAKASALMENPUISTO,Puisto,ONTARIONPOPPELI,Populus,balsamifera,30 - 50 cm,,Helsinki/MAKA,2026-02-27,POINT (24.933658472142724 60.17499476665002)
Puurekisteri_piste.11081,11081,P-33031-18,,HAKASALMENPUISTO,Puisto,METSÄVAAHTERA,Acer,platanoides,30 - 50 cm,,Helsinki/MAKA,2026-02-27,POINT (24.933831671498073 60.17490771486385)
Puurekisteri_piste.10705,10705,P-34019-189,,ALPPIPUISTO (ETELÄ),Puisto,OMENAPUU,Malus,sp.,20 - 30 cm,,Helsinki/MAKA,2026-02-27,POINT (24.938172824750666 60.1867830917097)
Puurekisteri_piste.10706,10706,P-34019-190,,ALPPIPUISTO (ETELÄ),Puisto,KOTIPIHLAJA,Sorbus,aucuparia,10 - 20 cm,,Helsinki/MAKA,2026-02-27,POINT (24.938050476808222 60.18684160711643)
Puurekisteri_piste.10707,10707,P-34019-191,,ALPPIPUISTO (ETELÄ),Puisto,TERVALEPPÄ,Alnus,glutinosa,30 - 50 cm,,Helsinki/MAKA,2026-02-27,POINT (24.94044655392404 60.18616944335429)
Puurekisteri_piste.10709,10709,K-9819,OULUNKYLÄNTIE,,Katu,METSÄVAAHTERA,Acer,platanoides,10 - 20 cm,,Helsinki/MAKA,2026-02-27,POINT (24.967899233977338 60.22662839723873)
Puurekisteri_piste.11636,11636,P-33016-268,,KAISANIEMENPUISTO,Puisto,HEVOSKASTANJA,Aesculus,hippocastanum,70 cm -,,Helsinki/MAKA,2026-02-27,POINT (24.944658757841406 60.174181559928996)
Puurekisteri_piste.11638,11638,K-7441,MANNERHEIMINTIE,,Katu,PUISTOLEHMUS,Tilia,x vulgaris,20 - 30 cm,,Helsinki/MAKA,2026-02-27,POINT (24.93698978709628 60.17061832669094)
Puurekisteri_piste.11639,11639,P-44017-285,,KATRI VALAN PUISTO,Puisto,METSÄVAAHTERA,Acer,platanoides,10 - 20 cm,,Helsinki/MAKA,2026-02-27,POINT (24.965687955577465 60.18622223503212)
Puurekisteri_piste.11640,11640,P-32016-25,,ENSIPUISTIKKO,Puisto,KARTIOJALAVA,Ulmus,glabra,30 - 50 cm,,Helsinki/MAKA,2026-02-27,POINT (24.941825901909137 60.155698501387306)
Puurekisteri_piste.11641,11641,P-32016-26,,ENSIPUISTIKKO,Puisto,JALOPÄHKINÄ,Juglans,sp.,10 - 20 cm,,Helsinki/MAKA,2026-02-27,POINT (24.941433025041764 60.15574681527701)
Puurekisteri_piste.11642,11642,P-32001-3,,VUORIMIEHENPUISTIKKO,Puisto,,Prunus,sp.,0 - 10 cm,,Helsinki/MAKA,2026-02-27,POINT (24.946700962612482 60.15906978297059)
Puurekisteri_piste.11647,11647,P-53003-833,,TULLISAAREN KARTANO,Puisto,METSÄKUUSI,Picea,abies,30 - 50 cm,,Helsinki/MAKA,2026-02-27,POINT (25.02996004454093 60.180609867485664)
Puurekisteri_piste.11648,11648,P-53003-834,,TULLISAAREN KARTANO,Puisto,METSÄKUUSI,Picea,abies,50 - 70 cm,,Helsinki/MAKA,2026-02-27,POINT (25.029900687882968 60.180576968003734)
Puurekisteri_piste.11653,11653,P-34019-25,,ALPPIPUISTO (ETELÄ),Puisto,OMENAPUU,Malus,sp.,10 - 20 cm,,Helsinki/MAKA,2026-02-27,POINT (24.942694410773765 60.187130865668436)
Puurekisteri_piste.11654,11654,P-42003-72,,MYLLYRINNE,Puisto,METSÄVAAHTERA,Acer,platanoides,30 - 50 cm,,Helsinki/MAKA,2026-02-27,POINT (24.959035852260165 60.159834590024744)
Puurekisteri_piste.11655,11655,P-42003-73,,MYLLYRINNE,Puisto,METSÄVAAHTERA,Acer,platanoides,30 - 50 cm,,Helsinki/MAKA,2026-02-27,POINT (24.959041571109886 60.159826495296166)
Puurekisteri_piste.11656,11656,P-53003-307,,TULLISAAREN KARTANO,Puisto,METSÄVAAHTERA,Acer,platanoides,20 - 30 cm,,Helsinki/MAKA,2026-02-27,POINT (25.031261739202673 60.17895300967781)
Puurekisteri_piste.11657,11657,P-43067-119,,TERVASAARI,Puisto,METSÄTAMMI,Quercus,robur,0 - 10 cm,,Helsinki/MAKA,2026-02-27,POINT (24.968837748988776 60.173913155468156)
Puurekisteri_piste.11658,11658,P-43067-120,,TERVASAARI,Puisto,METSÄTAMMI,Quercus,robur,0 - 10 cm,,Helsinki/MAKA,2026-02-27,POINT (24.96888787581652 60.17390107167838)
Puurekisteri_piste.10952,10952,K-9404,POHJOLANKATU,,Katu,PUISTOLEHMUS,Tilia,x vulgaris,30 - 50 cm,,Helsinki/MAKA,2026-02-27,POINT (24.950869602910046 60.21589177767682)
Puurekisteri_piste.10953,10953,P-53003-301,,TULLISAAREN KARTANO,Puisto,METSÄVAAHTERA,Acer,platanoides,30 - 50 cm,,Helsinki/MAKA,2026-02-27,POINT (25.031366204342067 60.178867961961785)
Puurekisteri_piste.10954,10954,P-53003-302,,TULLISAAREN KARTANO,Puisto,METSÄVAAHTERA,Acer,platanoides,20 - 30 cm,,Helsinki/MAKA,2026-02-27,POINT (25.031335732610692 60.17887784233442)
Puurekisteri_piste.10955,10955,P-53003-303,,TULLISAAREN KARTANO,Puisto,METSÄVAAHTERA,Acer,platanoides,30 - 50 cm,,Helsinki/MAKA,2026-02-27,POINT (25.031330820169394 60.178885143380604)
Puurekisteri_piste.10957,10957,K-9791,OULUNKYLÄNTIE,,Katu,METSÄVAAHTERA,Acer,platanoides,10 - 20 cm,,Helsinki/MAKA,2026-02-27,POINT (24.967828050972 60.225563059706104)
Puurekisteri_piste.10959,10959,P-43002-58,,MERIKASARMINPUISTO,Puisto,METSÄTAMMI,Quercus,robur,10 - 20 cm,,Helsinki/MAKA,2026-02-27,POINT (24.97321313430931 60.16712834589981)
Puurekisteri_piste.10960,10960,P-44017-271,,KATRI VALAN PUISTO,Puisto,METSÄMÄNTY,Pinus,sylvestris,10 - 20 cm,,Helsinki/MAKA,2026-02-27,POINT (24.96568011358124 60.186530877955775)
Puurekisteri_piste.10961,10961,P-42003-115,,MYLLYRINNE,Puisto,METSÄVAAHTERA,Acer,platanoides,0 - 10 cm,,Helsinki/MAKA,2026-02-27,POINT (24.96036881526357 60.15980695639126)
Puurekisteri_piste.10962,10962,K-9298,POHJOLANKATU,,Katu,PUISTOLEHMUS,Tilia,x vulgaris,30 - 50 cm,,Helsinki/MAKA,2026-02-27,POINT (24.9439394437309 60.21347191799887)
Puurekisteri_piste.10963,10963,K-9299,POHJOLANKATU,,Katu,PUISTOLEHMUS,Tilia,x vulgaris,50 - 70 cm,,Helsinki/MAKA,2026-02-27,POINT (24.94397845569634 60.213544341569566)
Puurekisteri_piste.10967,10967,K-9418,POHJOLANKATU,,Katu,PUISTOLEHMUS,Tilia,x vulgaris,50 - 70 cm,,Helsinki/MAKA,2026-02-27,POINT (24.95287777892556 60.2163816236255)
Puurekisteri_piste.10969,10969,P-44017-214,,KATRI VALAN PUISTO,Puisto,VUORIJALAVA,Ulmus,glabra,20 - 30 cm,,Helsinki/MAKA,2026-02-27,POINT (24.963436205706294 60.18599098052559)
Puurekisteri_piste.10970,10970,P-44017-215,,KATRI VALAN PUISTO,Puisto,VUORIJALAVA,Ulmus,glabra,10 - 20 cm,,Helsinki/MAKA,2026-02-27,POINT (24.963487532846276 60.1860379281406)
Puurekisteri_piste.10971,10971,P-44017-216,,KATRI VALAN PUISTO,Puisto,LEHTOSAARNI,Fraxinus,excelsior,0 - 10 cm,,Helsinki/MAKA,2026-02-27,POINT (24.963624736453035 60.18599421522307)
Puurekisteri_piste.10972,10972,P-43001-242,,LAIVASTOPUISTO,Puisto,KOTIPIHLAJA,Sorbus,aucuparia,0 - 10 cm,,Helsinki/MAKA,2026-02-27,POINT (24.978982000279615 60.16835754364938)
Puurekisteri_piste.10973,10973,P-43001-243,,LAIVASTOPUISTO,Puisto,TUOMI/KIRSIKKA,Prunus,sp.,10 - 20 cm,,Helsinki/MAKA,2026-02-27,POINT (24.978965045319786 60.168326195785376)
Puurekisteri_piste.11689,11689,P-34019-165,,ALPPIPUISTO (ETELÄ),Puisto,VUORIJALAVA,Ulmus,glabra,20 - 30 cm,,Helsinki/MAKA,2026-02-27,POINT (24.939929083497592 60.18697259792948)
Puurekisteri_piste.10711,10711,P-53003-1025,,TULLISAAREN KARTANO,Puisto,METSÄMÄNTY,Pinus,sylvestris,30 - 50 cm,,Helsinki/MAKA,2026-02-27,POINT (25.031401579897693 60.18128061121848)
Puurekisteri_piste.10712,10712,P-53003-1026,,TULLISAAREN KARTANO,Puisto,METSÄMÄNTY,Pinus,sylvestris,50 - 70 cm,,Helsinki/MAKA,2026-02-27,POINT (25.03139946784047 60.1812677288983)
Puurekisteri_piste.10713,10713,P-53003-1027,,TULLISAAREN KARTANO,Puisto,METSÄTAMMI,Quercus,robur,10 - 20 cm,,Helsinki/MAKA,2026-02-27,POINT (25.031340648986852 60.181242810470366)
Puurekisteri_piste.10718,10718,P-43067-268,,TERVASAARI,Puisto,METSÄVAAHTERA,Acer,platanoides,0 - 10 cm,,Helsinki/MAKA,2026-02-27,POINT (24.968101510055256 60.17349638097646)
Puurekisteri_piste.10974,10974,P-43001-244,,LAIVASTOPUISTO,Puisto,TUOMI/KIRSIKKA,Prunus,sp.,0 - 10 cm,,Helsinki/MAKA,2026-02-27,POINT (24.979033546875662 60.16830791335258)
Puurekisteri_piste.10976,10976,P-33016-271,,KAISANIEMENPUISTO,Puisto,METSÄVAAHTERA,Acer,platanoides,70 cm -,,Helsinki/MAKA,2026-02-27,POINT (24.94468013027632 60.173982746327454)
Puurekisteri_piste.10978,10978,P-33016-273,,KAISANIEMENPUISTO,Puisto,RAUDUSKOIVU,Betula,pendula,50 - 70 cm,,Helsinki/MAKA,2026-02-27,POINT (24.944642180228392 60.173918407321366)
Puurekisteri_piste.10980,10980,P-33016-275,,KAISANIEMENPUISTO,Puisto,HIESKOIVU,Betula,pubescens,50 - 70 cm,,Helsinki/MAKA,2026-02-27,POINT (24.94493184368529 60.17392825423983)
Puurekisteri_piste.10981,10981,P-33016-276,,KAISANIEMENPUISTO,Puisto,RAUDUSKOIVU,Betula,pendula,30 - 50 cm,,Helsinki/MAKA,2026-02-27,POINT (24.94523309370701 60.173936447810014)
Puurekisteri_piste.10982,10982,P-33016-277,,KAISANIEMENPUISTO,Puisto,RAUDUSKOIVU,Betula,pendula,20 - 30 cm,,Helsinki/MAKA,2026-02-27,POINT (24.945377097764382 60.17394137085981)
Puurekisteri_piste.10983,10983,K-7160,ITÄMERENKATU,,Katu,PUISTOLEHMUS,Tilia,x vulgaris,10 - 20 cm,,Helsinki/MAKA,2026-02-27,POINT (24.91195436497453 60.163350028029186)
Puurekisteri_piste.10985,10985,K-6727,MALMINKATU,,Katu,VUORIJALAVA,Ulmus,glabra,30 - 50 cm,,Helsinki/MAKA,2026-02-27,POINT (24.928071982277174 60.16784108586837)
Puurekisteri_piste.10986,10986,K-6729,MALMINKATU,,Katu,VUORIJALAVA,Ulmus,glabra,20 - 30 cm,,Helsinki/MAKA,2026-02-27,POINT (24.9287409183112 60.1676849653968)
Puurekisteri_piste.10987,10987,P-32008-123,,URSININKALLIO,Puisto,ISOLEHTILEHMUS,Tilia,platyphyllos,30 - 50 cm,,Helsinki/MAKA,2026-02-27,POINT (24.942730051677263 60.15409294947005)
Puurekisteri_piste.10988,10988,P-32008-124,,URSININKALLIO,Puisto,DOUGLASKUUSI,Pseudotsuga,menziesii,30 - 50 cm,,Helsinki/MAKA,2026-02-27,POINT (24.942472271268507 60.154020486733685)
Puurekisteri_piste.10991,10991,K-6653,MALMINKATU,,Katu,VUORIJALAVA,Ulmus,glabra,20 - 30 cm,,Helsinki/MAKA,2026-02-27,POINT (24.925742328911827 60.168161346974)
Puurekisteri_piste.10994,10994,P-33016-114,,KAISANIEMENPUISTO,Puisto,METSÄTAMMI,Quercus,robur,30 - 50 cm,,Helsinki/MAKA,2026-02-27,POINT (24.944460036232545 60.17353432595732)
Puurekisteri_piste.10999,10999,K-6698,KAMPINTORI,,Katu,PUISTOLEHMUS,Tilia,x vulgaris,10 - 20 cm,,Helsinki/MAKA,2026-02-27,POINT (24.931533631260866 60.16746800995367)
Puurekisteri_piste.11000,11000,K-6699,MALMINKATU,,Katu,ORAPIHLAJA,Crataegus,sp.,0 - 10 cm,,Helsinki/MAKA,2026-02-27,POINT (24.9324891003588 60.16727549648478)
Puurekisteri_piste.11001,11001,K-670,RATAMESTARINKATU,,Katu,PUISTOLEHMUS,Tilia,x vulgaris,10 - 20 cm,,Helsinki/MAKA,2026-02-27,POINT (24.939213289050446 60.200667185121006)
Puurekisteri_piste.11002,11002,K-6700,FREDRIKINKATU,,Katu,ORAPIHLAJA,Crataegus,sp.,0 - 10 cm,,Helsinki/MAKA,2026-02-27,POINT (24.932675156344782 60.16725564416116)
Puurekisteri_piste.11005,11005,K-318,HÄMEENTIE,,Katu,SUOMENPIHLAJA,Sorbus,hybrida,0 - 10 cm,,Helsinki/MAKA,2026-02-27,POINT (24.97653263828475 60.20999826887848)
Puurekisteri_piste.11006,11006,K-3180,HUOPALAHDENTIE,,Katu,PUISTOLEHMUS,Tilia,x vulgaris,20 - 30 cm,,Helsinki/MAKA,2026-02-27,POINT (24.882897071232623 60.200092297863655)
Puurekisteri_piste.11007,11007,K-3181,HUOPALAHDENTIE,,Katu,PUISTOLEHMUS,Tilia,x vulgaris,20 - 30 cm,,Helsinki/MAKA,2026-02-27,POINT (24.882920751453675 60.20003908114325)
Puurekisteri_piste.11008,11008,K-3182,HUOPALAHDENTIE,,Katu,PUISTOLEHMUS,Tilia,x vulgaris,20 - 30 cm,,Helsinki/MAKA,2026-02-27,POINT (24.882950375874852 60.19999071276666)
Puurekisteri_piste.11012,11012,P-33016-339,,KAISANIEMENPUISTO,Puisto,METSÄVAAHTERA,Acer,platanoides,50 - 70 cm,,Helsinki/MAKA,2026-02-27,POINT (24.949531634163375 60.174535461154406)
Puurekisteri_piste.11013,11013,K-7499,BULEVARDI,,Katu,METSÄVAAHTERA,Acer,platanoides,20 - 30 cm,,Helsinki/MAKA,2026-02-27,POINT (24.935787897792785 60.16396415811329)
Puurekisteri_piste.11014,11014,K-75,KORPPAANMÄENTIE,,Katu,PILARITERVALEPPÄ,Alnus,glutinosa,20 - 30 cm,,Helsinki/MAKA,2026-02-27,POINT (24.892070353801845 60.206084423281226)
Puurekisteri_piste.11015,11015,P-34019-84,,ALPPIPUISTO (ETELÄ),Puisto,KOTIPIHLAJA,Sorbus,aucuparia,30 - 50 cm,,Helsinki/MAKA,2026-02-27,POINT (24.941052024709272 60.186733978962714)
Puurekisteri_piste.25545,25545,K-34405,KOSKELANTIE,,Katu,PUISTOLEHMUS,Tilia,x vulgaris,30 - 50 cm,,Helsinki/MAKA,2026-02-27,POINT (24.962863290936934 60.21463636190783)
Puurekisteri_piste.25546,25546,K-34407,KOSKELANTIE,,Katu,PUISTOLEHMUS,Tilia,x vulgaris,50 - 70 cm,,Helsinki/MAKA,2026-02-27,POINT (24.96302081017745 60.214673828304655)
Puurekisteri_piste.25547,25547,K-34409,KOSKELANTIE,,Katu,PUISTOLEHMUS,Tilia,x vulgaris,50 - 70 cm,,Helsinki/MAKA,2026-02-27,POINT (24.963173823203764 60.21471353977376)
Puurekisteri_piste.25416,25416,K-34433,KOSKELANTIE,,Katu,PUISTOLEHMUS,Tilia,x vulgaris,50 - 70 cm,,Helsinki/MAKA,2026-02-27,POINT (24.962940764049044 60.21456659936582)
Puurekisteri_piste.25417,25417,K-34435,KOSKELANTIE,,Katu,PUISTOLEHMUS,Tilia,x vulgaris,50 - 70 cm,,Helsinki/MAKA,2026-02-27,POINT (24.963106403339985 60.2146065761437)
Puurekisteri_piste.25418,25418,K-34437,KOSKELANTIE,,Katu,PUISTOLEHMUS,Tilia,x vulgaris,50 - 70 cm,,Helsinki/MAKA,2026-02-27,POINT (24.96325634984449 60.21464637825906)
Puurekisteri_piste.25419,25419,K-34439,KOSKELANTIE,,Katu,PUISTOLEHMUS,Tilia,x vulgaris,50 - 70 cm,,Helsinki/MAKA,2026-02-27,POINT (24.963405034274693 60.21468636010908)
Puurekisteri_piste.25420,25420,K-34441,KOSKELANTIE,,Katu,PUISTOLEHMUS,Tilia,x vulgaris,50 - 70 cm,,Helsinki/MAKA,2026-02-27,POINT (24.96356580356442 60.21472561985586)
Puurekisteri_piste.25421,25421,K-34443,KOSKELANTIE,,Katu,PUISTOLEHMUS,Tilia,x vulgaris,50 - 70 cm,,Helsinki/MAKA,2026-02-27,POINT (24.96372441184118 60.21476730344332)
Puurekisteri_piste.25422,25422,K-34445,KOSKELANTIE,,Katu,PUISTOLEHMUS,Tilia,x vulgaris,50 - 70 cm,,Helsinki/MAKA,2026-02-27,POINT (24.963902341873688 60.21482468726197)
Puurekisteri_piste.25424,25424,K-34449,KOSKELANTIE,,Katu,PUISTOLEHMUS,Tilia,x vulgaris,50 - 70 cm,,Helsinki/MAKA,2026-02-27,POINT (24.96418543936822 60.214885895712925)
Puurekisteri_piste.25426,25426,K-34453,KOSKELANTIE,,Katu,PUISTOLEHMUS,Tilia,x vulgaris,30 - 50 cm,,Helsinki/MAKA,2026-02-27,POINT (24.964487873283066 60.21497303571249)
Puurekisteri_piste.25427,25427,P-99101-126,,SUOMENLINNA,Puisto,METSÄVAAHTERA,Acer,platanoides,30 - 50 cm,,Helsinki/MAKA,2026-02-27,POINT (24.989997973662977 60.14787982910446)
Puurekisteri_piste.25428,25428,P-99101-127,,SUOMENLINNA,Puisto,METSÄVAAHTERA,Acer,platanoides,30 - 50 cm,,Helsinki/MAKA,2026-02-27,POINT (24.98986155484331 60.1478738280775)
Puurekisteri_piste.25429,25429,P-99101-128,,SUOMENLINNA,Puisto,METSÄVAAHTERA,Acer,platanoides,70 cm -,,Helsinki/MAKA,2026-02-27,POINT (24.989578788320284 60.14777317310356)
Puurekisteri_piste.25430,25430,P-99101-129,,SUOMENLINNA,Puisto,METSÄLEHMUS,Tilia,cordata,70 cm -,,Helsinki/MAKA,2026-02-27,POINT (24.98937902363968 60.14775991761657)
Puurekisteri_piste.25433,25433,P-99101-132,,SUOMENLINNA,Puisto,PUISTOLEHMUS,Tilia,x vulgaris,70 cm -,,Helsinki/MAKA,2026-02-27,POINT (24.990012025308314 60.147612634275056)
Puurekisteri_piste.25434,25434,P-99101-133,,SUOMENLINNA,Puisto,METSÄMÄNTY,Pinus,sylvestris,30 - 50 cm,,Helsinki/MAKA,2026-02-27,POINT (24.98925425014009 60.14749765283639)
Puurekisteri_piste.25435,25435,P-99101-134,,SUOMENLINNA,Puisto,METSÄLEHMUS,Tilia,cordata,70 cm -,,Helsinki/MAKA,2026-02-27,POINT (24.989409196797396 60.147045782677935)
Puurekisteri_piste.25436,25436,P-99101-135,,SUOMENLINNA,Puisto,METSÄLEHMUS,Tilia,cordata,70 cm -,,Helsinki/MAKA,2026-02-27,POINT (24.98938225882065 60.146976570818346)
Puurekisteri_piste.25438,25438,P-99101-137,,SUOMENLINNA,Puisto,LEHTOSAARNI,Fraxinus,excelsior,0 - 10 cm,,Helsinki/MAKA,2026-02-27,POINT (24.9893986340751 60.14665350832618)
Puurekisteri_piste.25439,25439,P-99101-138,,SUOMENLINNA,Puisto,LEHTOSAARNI,Fraxinus,excelsior,0 - 10 cm,,Helsinki/MAKA,2026-02-27,POINT (24.98948146674286 60.14666196669768)
Puurekisteri_piste.25440,25440,P-99101-139,,SUOMENLINNA,Puisto,LEHTOSAARNI,Fraxinus,excelsior,0 - 10 cm,,Helsinki/MAKA,2026-02-27,POINT (24.989559433061178 60.14667285651967)
Puurekisteri_piste.25441,25441,P-99101-140,,SUOMENLINNA,Puisto,LEHTOSAARNI,Fraxinus,excelsior,0 - 10 cm,,Helsinki/MAKA,2026-02-27,POINT (24.989637396897006 60.14668253181571)
Puurekisteri_piste.25443,25443,P-33045-400,,SIBELIUKSEN PUISTO (A),Puisto,METSÄVAAHTERA,Acer,platanoides,20 - 30 cm,,Helsinki/MAKA,2026-02-27,POINT (24.915097837774667 60.1826017484665)
Puurekisteri_piste.25445,25445,P-33045-402,,SIBELIUKSEN PUISTO (A),Puisto,METSÄVAAHTERA,Acer,platanoides,20 - 30 cm,,Helsinki/MAKA,2026-02-27,POINT (24.91499499025759 60.182653565217024)
Puurekisteri_piste.25237,25237,K-33883,FRANZENINKATU,,Katu,PUISTOLEHMUS,Tilia,x vulgaris,10 - 20 cm,,Helsinki/MAKA,2026-02-27,POINT (24.953547273060735 60.18550224818903)
Puurekisteri_piste.25238,25238,K-33885,FRANZENINKATU,,Katu,PUISTOLEHMUS,Tilia,x vulgaris,10 - 20 cm,,Helsinki/MAKA,2026-02-27,POINT (24.953634139146892 60.1855026753507)
Puurekisteri_piste.25239,25239,K-33887,FRANZENINKATU,,Katu,PUISTOLEHMUS,Tilia,x vulgaris,10 - 20 cm,,Helsinki/MAKA,2026-02-27,POINT (24.95372749410729 60.18550408811178)
Puurekisteri_piste.25240,25240,K-33889,FREDRIKSBERGINKATU,,Katu,METSÄVAAHTERA,Acer,platanoides,20 - 30 cm,,Helsinki/MAKA,2026-02-27,POINT (24.926624969157523 60.197853971567845)
Puurekisteri_piste.11310,11310,P-33253-199,,TOIVO KUULAN PUISTO,Puisto,METSÄMÄNTY,Pinus,sylvestris,30 - 50 cm,,Helsinki/MAKA,2026-02-27,POINT (24.9112977183946 60.17869872341845)
Puurekisteri_piste.11311,11311,P-33044-300,,TOPELIUKSEN PUISTO/POHJ.,Puisto,PUISTOLEHMUS,Tilia,x vulgaris,50 - 70 cm,,Helsinki/MAKA,2026-02-27,POINT (24.921141781518653 60.18054709998476)
Puurekisteri_piste.11312,11312,P-33044-301,,TOPELIUKSEN PUISTO/POHJ.,Puisto,PUISTOLEHMUS,Tilia,x vulgaris,50 - 70 cm,,Helsinki/MAKA,2026-02-27,POINT (24.921058633022582 60.180626031004216)
Puurekisteri_piste.11313,11313,P-32030-30,,TELAKANPUISTIKKO,Puisto,TUOMI/KIRSIKKA,Prunus,sp.,10 - 20 cm,,Helsinki/MAKA,2026-02-27,POINT (24.932466555647558 60.15976810680907)
Puurekisteri_piste.11586,11586,K-6743,MECHELININAUKIO,,Katu,METSÄVAAHTERA,Acer,platanoides,30 - 50 cm,,Helsinki/MAKA,2026-02-27,POINT (24.92266001497729 60.16770090671566)
Puurekisteri_piste.11314,11314,P-32030-31,,TELAKANPUISTIKKO,Puisto,VUORIJALAVA,Ulmus,glabra,30 - 50 cm,,Helsinki/MAKA,2026-02-27,POINT (24.932667938905936 60.15980226939808)
Puurekisteri_piste.11319,11319,K-5378,PITKÄNSILLANRANTA,,Katu,PUISTOLEHMUS,Tilia,x vulgaris,30 - 50 cm,,Helsinki/MAKA,2026-02-27,POINT (24.94593196535303 60.177591284469806)
Puurekisteri_piste.11320,11320,K-5379,PITKÄNSILLANRANTA,,Katu,PUISTOLEHMUS,Tilia,x vulgaris,30 - 50 cm,,Helsinki/MAKA,2026-02-27,POINT (24.946066717765067 60.17756657652279)
Puurekisteri_piste.11321,11321,K-7770,ISOKAARI,,Katu,OMENAPUU,Malus,sp.,10 - 20 cm,,Helsinki/MAKA,2026-02-27,POINT (24.862434600623924 60.157575563005175)
Puurekisteri_piste.11322,11322,K-6490,ARKADIANKATU,,Katu,PUISTOLEHMUS,Tilia,x vulgaris,30 - 50 cm,,Helsinki/MAKA,2026-02-27,POINT (24.91729581338104 60.1712850897669)
Puurekisteri_piste.11542,11542,P-44017-166,,KATRI VALAN PUISTO,Puisto,ISOPOPPELI,Populus,x generosa,30 - 50 cm,,Helsinki/MAKA,2026-02-27,POINT (24.96517831105116 60.18626180176324)
Puurekisteri_piste.11546,11546,K-70,KORPPAANMÄENTIE,,Katu,OMENAPUU,Malus,sp.,10 - 20 cm,,Helsinki/MAKA,2026-02-27,POINT (24.892157356990424 60.205988406498804)
Puurekisteri_piste.11550,11550,P-43001-233,,LAIVASTOPUISTO,Puisto,ISOLEHTILEHMUS,Tilia,platyphyllos,10 - 20 cm,,Helsinki/MAKA,2026-02-27,POINT (24.97826804001331 60.1684176176255)
Puurekisteri_piste.11551,11551,P-43001-234,,LAIVASTOPUISTO,Puisto,KOTIPIHLAJA,Sorbus,aucuparia,0 - 10 cm,,Helsinki/MAKA,2026-02-27,POINT (24.97821729941531 60.16839236784413)
Puurekisteri_piste.11552,11552,K-4052,HÄMEENTIE,,Katu,PUISTOLEHMUS,Tilia,x vulgaris,30 - 50 cm,,Helsinki/MAKA,2026-02-27,POINT (24.964402162062587 60.19126556210949)
Puurekisteri_piste.11553,11553,K-4053,HÄMEENTIE,,Katu,PUISTOLEHMUS,Tilia,x vulgaris,30 - 50 cm,,Helsinki/MAKA,2026-02-27,POINT (24.964402983012736 60.191340595367116)
Puurekisteri_piste.11554,11554,K-4054,HÄMEENTIE,,Katu,PUISTOLEHMUS,Tilia,x vulgaris,30 - 50 cm,,Helsinki/MAKA,2026-02-27,POINT (24.964409037469878 60.191420294055476)
Puurekisteri_piste.11555,11555,K-4055,HÄMEENTIE,,Katu,PUISTOLEHMUS,Tilia,x vulgaris,20 - 30 cm,,Helsinki/MAKA,2026-02-27,POINT (24.96441220828085 60.19150026295433)
Puurekisteri_piste.11557,11557,P-33016-159,,KAISANIEMENPUISTO,Puisto,METSÄVAAHTERA,Acer,platanoides,70 cm -,,Helsinki/MAKA,2026-02-27,POINT (24.942947017459375 60.17594168885941)
Puurekisteri_piste.11558,11558,P-33016-160,,KAISANIEMENPUISTO,Puisto,HIESKOIVU,Betula,pubescens,50 - 70 cm,,Helsinki/MAKA,2026-02-27,POINT (24.94296521371166 60.17589047709125)
Puurekisteri_piste.11559,11559,K-4671,,,Katu,VUORIJALAVA,Ulmus,glabra,30 - 50 cm,,Helsinki/MAKA,2026-02-27,POINT (24.931766813889222 60.184231646183086)
Puurekisteri_piste.11562,11562,P-43067-269,,TERVASAARI,Puisto,METSÄVAAHTERA,Acer,platanoides,0 - 10 cm,,Helsinki/MAKA,2026-02-27,POINT (24.968147897416994 60.173513580822856)
Puurekisteri_piste.11563,11563,P-43067-270,,TERVASAARI,Puisto,METSÄVAAHTERA,Acer,platanoides,0 - 10 cm,,Helsinki/MAKA,2026-02-27,POINT (24.968194074525933 60.17353112178566)
Puurekisteri_piste.11564,11564,P-43067-271,,TERVASAARI,Puisto,METSÄVAAHTERA,Acer,platanoides,0 - 10 cm,,Helsinki/MAKA,2026-02-27,POINT (24.968213171707173 60.17351804863805)
Puurekisteri_piste.11565,11565,P-43067-272,,TERVASAARI,Puisto,KOTIPIHLAJA,Sorbus,aucuparia,30 - 50 cm,,Helsinki/MAKA,2026-02-27,POINT (24.9683018480667 60.173544938255546)
Puurekisteri_piste.11566,11566,P-43067-273,,TERVASAARI,Puisto,VIRGINIANTUOMI,Prunus,virginiana,0 - 10 cm,,Helsinki/MAKA,2026-02-27,POINT (24.96813442709302 60.173611942401855)
Puurekisteri_piste.11568,11568,P-42002-11,,ULLANPUISTIKKO,Puisto,KARTIOJALAVA,Ulmus,glabra,30 - 50 cm,,Helsinki/MAKA,2026-02-27,POINT (24.95263536377074 60.16068819901336)
Puurekisteri_piste.11569,11569,K-9828,OULUNKYLÄNTIE,,Katu,METSÄVAAHTERA,Acer,platanoides,10 - 20 cm,,Helsinki/MAKA,2026-02-27,POINT (24.96812755711755 60.22592160410593)
Puurekisteri_piste.11573,11573,P-53003-271,,TULLISAAREN KARTANO,Puisto,METSÄVAAHTERA,Acer,platanoides,50 - 70 cm,,Helsinki/MAKA,2026-02-27,POINT (25.03019610138761 60.17865342774879)
Puurekisteri_piste.11574,11574,P-53003-272,,TULLISAAREN KARTANO,Puisto,METSÄVAAHTERA,Acer,platanoides,30 - 50 cm,,Helsinki/MAKA,2026-02-27,POINT (25.030211888824226 60.17864907063914)
Puurekisteri_piste.11575,11575,P-53003-273,,TULLISAAREN KARTANO,Puisto,METSÄVAAHTERA,Acer,platanoides,70 cm -,,Helsinki/MAKA,2026-02-27,POINT (25.030241002590675 60.17865339062411)
Puurekisteri_piste.11577,11577,P-53003-275,,TULLISAAREN KARTANO,Puisto,PUISTOLEHMUS,Tilia,x vulgaris,70 cm -,,Helsinki/MAKA,2026-02-27,POINT (25.030515723923195 60.178539544426116)
Puurekisteri_piste.11578,11578,P-53003-276,,TULLISAAREN KARTANO,Puisto,PUISTOLEHMUS,Tilia,x vulgaris,70 cm -,,Helsinki/MAKA,2026-02-27,POINT (25.030589166182665 60.178491151357406)
Puurekisteri_piste.11579,11579,P-42003-98,,MYLLYRINNE,Puisto,METSÄVAAHTERA,Acer,platanoides,20 - 30 cm,,Helsinki/MAKA,2026-02-27,POINT (24.95982786201605 60.15978199120081)
Puurekisteri_piste.11580,11580,P-42003-99,,MYLLYRINNE,Puisto,METSÄVAAHTERA,Acer,platanoides,30 - 50 cm,,Helsinki/MAKA,2026-02-27,POINT (24.959823121066034 60.15980960436137)
Puurekisteri_piste.11581,11581,P-33016-37,,KAISANIEMENPUISTO,Puisto,METSÄVAAHTERA,Acer,platanoides,30 - 50 cm,,Helsinki/MAKA,2026-02-27,POINT (24.942102296248862 60.17569063894567)
Puurekisteri_piste.11582,11582,K-7870,SÄRKINIEMENTIE,,Katu,METSÄHAAPA,Populus,tremula,20 - 30 cm,,Helsinki/MAKA,2026-02-27,POINT (24.876617588444972 60.15388165849405)
Puurekisteri_piste.11583,11583,K-7871,SÄRKINIEMENTIE,,Katu,RAUDUSKOIVU,Betula,pendula,30 - 50 cm,,Helsinki/MAKA,2026-02-27,POINT (24.876526561675185 60.15382445529141)
Puurekisteri_piste.11584,11584,K-9470,EERIKINKATU,,Katu,PUISTOLEHMUS,Tilia,x vulgaris,10 - 20 cm,,Helsinki/MAKA,2026-02-27,POINT (24.935577457279123 60.167342767484534)
Puurekisteri_piste.11585,11585,K-9471,EERIKINKATU,,Katu,PUISTOLEHMUS,Tilia,x vulgaris,0 - 10 cm,,Helsinki/MAKA,2026-02-27,POINT (24.93504134007932 60.167158473683706)
Puurekisteri_piste.11589,11589,P-43067-123,,TERVASAARI,Puisto,PIHLAJA,Sorbus,sp.,0 - 10 cm,,Helsinki/MAKA,2026-02-27,POINT (24.968997128894287 60.174116258385084)
Puurekisteri_piste.10900,10900,K-9633,POHJOLANKATU,,Katu,PUISTOLEHMUS,Tilia,x vulgaris,0 - 10 cm,,Helsinki/MAKA,2026-02-27,POINT (24.959055265063853 60.21845326489609)
Puurekisteri_piste.10901,10901,K-7069,SELKÄMERENKATU,,Katu,PUISTOLEHMUS,Tilia,x vulgaris,10 - 20 cm,,Helsinki/MAKA,2026-02-27,POINT (24.916629314195827 60.16060639914464)
Puurekisteri_piste.10903,10903,P-32030-7,,TELAKANPUISTIKKO,Puisto,VUORIJALAVA,Ulmus,glabra,70 cm -,,Helsinki/MAKA,2026-02-27,POINT (24.933871859920416 60.15973806481172)
Puurekisteri_piste.10905,10905,P-32030-9,,TELAKANPUISTIKKO,Puisto,VUORIJALAVA,Ulmus,glabra,70 cm -,,Helsinki/MAKA,2026-02-27,POINT (24.933963924979768 60.159609877776774)
Puurekisteri_piste.10908,10908,P-43001-164,,LAIVASTOPUISTO,Puisto,SERBIANKUUSI,Picea,omorika,10 - 20 cm,,Helsinki/MAKA,2026-02-27,POINT (24.976564692539284 60.16876407420109)
Puurekisteri_piste.11300,11300,P-42005-962,,KAIVOPUISTO,Puisto,METSÄVAAHTERA,Acer,platanoides,10 - 20 cm,,Helsinki/MAKA,2026-02-27,POINT (24.95402197793423 60.157512411425174)
Puurekisteri_piste.11301,11301,K-948,RATAPIHANTIE,,Katu,VUORIJALAVA,Ulmus,glabra,10 - 20 cm,,Helsinki/MAKA,2026-02-27,POINT (24.93552376310069 60.1970905493824)
Puurekisteri_piste.11306,11306,P-44017-60,,KATRI VALAN PUISTO,Puisto,METSÄVAAHTERA,Acer,platanoides,50 - 70 cm,,Helsinki/MAKA,2026-02-27,POINT (24.965296708576663 60.18649105144801)
Puurekisteri_piste.11307,11307,P-32008-89,,URSININKALLIO,Puisto,KYNÄJALAVA,Ulmus,laevis,30 - 50 cm,,Helsinki/MAKA,2026-02-27,POINT (24.94014794617082 60.15383043919797)
Puurekisteri_piste.11309,11309,P-33253-198,,TOIVO KUULAN PUISTO,Puisto,RAUDUSKOIVU,Betula,pendula,30 - 50 cm,,Helsinki/MAKA,2026-02-27,POINT (24.911082109324436 60.17861721045169)
Puurekisteri_piste.11525,11525,P-53003-858,,TULLISAAREN KARTANO,Puisto,RAUDUSKOIVU,Betula,pendula,30 - 50 cm,,Helsinki/MAKA,2026-02-27,POINT (25.028996629288674 60.18021148990952)
Puurekisteri_piste.11527,11527,P-53003-860,,TULLISAAREN KARTANO,Puisto,METSÄMÄNTY,Pinus,sylvestris,30 - 50 cm,,Helsinki/MAKA,2026-02-27,POINT (25.02917609020549 60.18019082277751)
Puurekisteri_piste.11528,11528,P-53003-861,,TULLISAAREN KARTANO,Puisto,RAUDUSKOIVU,Betula,pendula,50 - 70 cm,,Helsinki/MAKA,2026-02-27,POINT (25.029285531475324 60.180119642224135)
Puurekisteri_piste.11530,11530,K-2071,TILKANKATU,,Katu,RAUDUSKOIVU,Betula,pendula,10 - 20 cm,,Helsinki/MAKA,2026-02-27,POINT (24.894831260113673 60.203526764733105)
Puurekisteri_piste.26167,26167,K-40903,MYLLYPURONTIE,,Katu,RAUDUSKOIVU,Betula,pendula,20 - 30 cm,,Helsinki/MAKA,2026-02-27,POINT (25.058968110460142 60.22450013477041)
Puurekisteri_piste.26169,26169,K-40905,MYLLYPURONTIE,,Katu,RAUDUSKOIVU,Betula,pendula,20 - 30 cm,,Helsinki/MAKA,2026-02-27,POINT (25.059089982986716 60.22460465937348)
Puurekisteri_piste.26170,26170,K-40906,MYLLYPURONTIE,,Katu,RAUDUSKOIVU,Betula,pendula,30 - 50 cm,,Helsinki/MAKA,2026-02-27,POINT (25.059165776172296 60.224649995163674)
Puurekisteri_piste.26173,26173,K-40909,MYLLYPURONTIE,,Katu,RAUDUSKOIVU,Betula,pendula,20 - 30 cm,,Helsinki/MAKA,2026-02-27,POINT (25.05938027715949 60.22481240303494)
Puurekisteri_piste.26174,26174,K-40910,MYLLYPURONTIE,,Katu,RAUDUSKOIVU,Betula,pendula,0 - 10 cm,,Helsinki/MAKA,2026-02-27,POINT (25.059459881594044 60.22486276083084)
Puurekisteri_piste.26175,26175,K-40911,MYLLYPURONTIE,,Katu,RAUDUSKOIVU,Betula,pendula,30 - 50 cm,,Helsinki/MAKA,2026-02-27,POINT (25.05951892199669 60.22491439663286)
Puurekisteri_piste.26176,26176,K-40912,MYLLYPURONTIE,,Katu,RAUDUSKOIVU,Betula,pendula,20 - 30 cm,,Helsinki/MAKA,2026-02-27,POINT (25.05959927446129 60.224970856737166)
Puurekisteri_piste.26177,26177,K-40913,MYLLYPURONTIE,,Katu,RAUDUSKOIVU,Betula,pendula,30 - 50 cm,,Helsinki/MAKA,2026-02-27,POINT (25.0596594127097 60.22502599168446)
Puurekisteri_piste.26178,26178,K-40914,MYLLYPURONTIE,,Katu,RAUDUSKOIVU,Betula,pendula,20 - 30 cm,,Helsinki/MAKA,2026-02-27,POINT (25.059733589787268 60.22507276488438)
Puurekisteri_piste.26179,26179,K-44359,KIVIKONKAARI,,Katu,METSÄVAAHTERA,Acer,platanoides,10 - 20 cm,,Helsinki/MAKA,2026-02-27,POINT (25.06783678275011 60.23975384180417)
Puurekisteri_piste.26186,26186,K-44366,KIVIKONKAARI,,Katu,METSÄVAAHTERA,Acer,platanoides,10 - 20 cm,,Helsinki/MAKA,2026-02-27,POINT (25.068749327645293 60.240320242497575)
Puurekisteri_piste.26187,26187,K-44367,KIVIKONKAARI,,Katu,METSÄVAAHTERA,Acer,platanoides,10 - 20 cm,,Helsinki/MAKA,2026-02-27,POINT (25.068865320992174 60.24034219216573)
Puurekisteri_piste.26188,26188,K-44368,KIVIKONKAARI,,Katu,METSÄVAAHTERA,Acer,platanoides,10 - 20 cm,,Helsinki/MAKA,2026-02-27,POINT (25.069097266372488 60.24037684673012)
Puurekisteri_piste.11323,11323,K-6491,ARKADIANKATU,,Katu,PUISTOLEHMUS,Tilia,x vulgaris,20 - 30 cm,,Helsinki/MAKA,2026-02-27,POINT (24.9171590877029 60.17127027700354)
Puurekisteri_piste.11324,11324,K-6492,ARKADIANKATU,,Katu,PUISTOLEHMUS,Tilia,x vulgaris,30 - 50 cm,,Helsinki/MAKA,2026-02-27,POINT (24.917018398178662 60.17126345204032)
Puurekisteri_piste.11325,11325,K-6493,ARKADIANKATU,,Katu,PUISTOLEHMUS,Tilia,x vulgaris,30 - 50 cm,,Helsinki/MAKA,2026-02-27,POINT (24.916856092052846 60.17125411322597)
Puurekisteri_piste.11326,11326,K-6495,ARKADIANKATU,,Katu,PUISTOLEHMUS,Tilia,x vulgaris,20 - 30 cm,,Helsinki/MAKA,2026-02-27,POINT (24.916489148851678 60.17122026539656)
Puurekisteri_piste.11332,11332,K-4235,VETURITIE,,Katu,METSÄVAAHTERA,Acer,platanoides,10 - 20 cm,,Helsinki/MAKA,2026-02-27,POINT (24.929642278858402 60.19336480725683)
Puurekisteri_piste.11333,11333,K-4239,VETURITIE,,Katu,METSÄVAAHTERA,Acer,platanoides,10 - 20 cm,,Helsinki/MAKA,2026-02-27,POINT (24.929420681170964 60.19315821082957)
Puurekisteri_piste.11334,11334,K-4241,VETURITIE,,Katu,METSÄVAAHTERA,Acer,platanoides,10 - 20 cm,,Helsinki/MAKA,2026-02-27,POINT (24.929308535465857 60.19307017056415)
Puurekisteri_piste.13397,13397,P-54037-141,,HERTTONIEMENKARTANO,Puisto,LEHMUS,Tilia,sp.,70 cm -,,Helsinki/MAKA,2026-02-27,POINT (25.041954289567546 60.188376398280596)
Puurekisteri_piste.11335,11335,K-5739,KAISANIEMENRANTA,,Katu,PUISTOLEHMUS,Tilia,x vulgaris,30 - 50 cm,,Helsinki/MAKA,2026-02-27,POINT (24.947019713027327 60.1760535099263)
Puurekisteri_piste.11336,11336,P-33016-59,,KAISANIEMENPUISTO,Puisto,METSÄLEHMUS,Tilia,cordata,70 cm -,,Helsinki/MAKA,2026-02-27,POINT (24.942727268280407 60.174252105948405)
Puurekisteri_piste.11337,11337,P-33016-60,,KAISANIEMENPUISTO,Puisto,METSÄVAAHTERA,Acer,platanoides,30 - 50 cm,,Helsinki/MAKA,2026-02-27,POINT (24.942755382344828 60.174164550554295)
Puurekisteri_piste.11340,11340,P-43067-317,,TERVASAARI,Puisto,RAUDUSKOIVU,Betula,pendula,20 - 30 cm,,Helsinki/MAKA,2026-02-27,POINT (24.968316359250718 60.17320818322045)
Puurekisteri_piste.11342,11342,P-43067-199,,TERVASAARI,Puisto,POPPELI/HAAPA,Populus,sp.,0 - 10 cm,,Helsinki/MAKA,2026-02-27,POINT (24.96956804385339 60.17329661566065)
Puurekisteri_piste.11343,11343,P-34019-46,,ALPPIPUISTO (ETELÄ),Puisto,SIPERIANSEMBRA,Pinus,cembra,10 - 20 cm,,Helsinki/MAKA,2026-02-27,POINT (24.942167064438095 60.187066534002774)
Puurekisteri_piste.11344,11344,P-34019-47,,ALPPIPUISTO (ETELÄ),Puisto,OMENAPUU,Malus,sp.,10 - 20 cm,,Helsinki/MAKA,2026-02-27,POINT (24.94214559206179 60.1871077341516)
Puurekisteri_piste.11345,11345,P-34019-48,,ALPPIPUISTO (ETELÄ),Puisto,OMENAPUU,Malus,sp.,10 - 20 cm,,Helsinki/MAKA,2026-02-27,POINT (24.942124089967336 60.18710361797651)
Puurekisteri_piste.11346,11346,P-33003-146,,VANHA KIRKKOPUISTO,Puisto,METSÄVAAHTERA,Acer,platanoides,0 - 10 cm,,Helsinki/MAKA,2026-02-27,POINT (24.940454889027155 60.16662116174483)
Puurekisteri_piste.11350,11350,K-9493,KÄPYLÄNTIE,,Katu,PUISTOLEHMUS,Tilia,x vulgaris,20 - 30 cm,,Helsinki/MAKA,2026-02-27,POINT (24.958851348544066 60.21483252130409)
Puurekisteri_piste.11351,11351,K-7856,SÄRKINIEMENTIE,,Katu,JALAVA,Ulmus,sp.,0 - 10 cm,,Helsinki/MAKA,2026-02-27,POINT (24.876265701105616 60.15434054062919)
Puurekisteri_piste.11352,11352,P-43067-370,,TERVASAARI,Puisto,BERLIININPOPPELI,Populus,x berolinensis,30 - 50 cm,,Helsinki/MAKA,2026-02-27,POINT (24.968025224308565 60.17293540272826)
Puurekisteri_piste.11534,11534,P-33016-301,,KAISANIEMENPUISTO,Puisto,SIPERIANLEHTIKUUSI,Larix,sibirica,50 - 70 cm,,Helsinki/MAKA,2026-02-27,POINT (24.946535358604667 60.17431285604452)
Puurekisteri_piste.11536,11536,P-33016-304,,KAISANIEMENPUISTO,Puisto,RAUDUSKOIVU,Betula,pendula,30 - 50 cm,,Helsinki/MAKA,2026-02-27,POINT (24.94697702488164 60.1741783041663)
Puurekisteri_piste.11538,11538,P-33016-306,,KAISANIEMENPUISTO,Puisto,JAPANINJALOPÄHKINÄ,Juglans,ailanthifolia,10 - 20 cm,,Helsinki/MAKA,2026-02-27,POINT (24.946856182555567 60.17409914425969)
Puurekisteri_piste.11540,11540,P-44017-164,,KATRI VALAN PUISTO,Puisto,ISOPOPPELI,Populus,x generosa,30 - 50 cm,,Helsinki/MAKA,2026-02-27,POINT (24.964807997057534 60.18610223881373)
Puurekisteri_piste.11541,11541,P-44017-165,,KATRI VALAN PUISTO,Puisto,ISOPOPPELI,Populus,x generosa,30 - 50 cm,,Helsinki/MAKA,2026-02-27,POINT (24.96509391484971 60.18622228130317)
Puurekisteri_piste.11739,11739,K-9146,MÄKELÄNKATU,,Katu,PUISTOLEHMUS,Tilia,x vulgaris,10 - 20 cm,,Helsinki/MAKA,2026-02-27,POINT (24.945542961707016 60.20919912702066)
Puurekisteri_piste.11740,11740,P-44017-277,,KATRI VALAN PUISTO,Puisto,TATAARIVAAHTERA,Acer,tataricum,10 - 20 cm,,Helsinki/MAKA,2026-02-27,POINT (24.965476375056117 60.18629200815735)
Puurekisteri_piste.11741,11741,P-44017-278,,KATRI VALAN PUISTO,Puisto,MONGOLIANVAAHTERA,Acer,tataricum,10 - 20 cm,,Helsinki/MAKA,2026-02-27,POINT (24.965479668678388 60.1862821207442)
Puurekisteri_piste.11742,11742,P-44017-279,,KATRI VALAN PUISTO,Puisto,METSÄVAAHTERA,Acer,platanoides,20 - 30 cm,,Helsinki/MAKA,2026-02-27,POINT (24.965476327848503 60.18625740386498)
Puurekisteri_piste.11743,11743,P-34019-148,,ALPPIPUISTO (ETELÄ),Puisto,RAUDUSKOIVU,Betula,pendula,20 - 30 cm,,Helsinki/MAKA,2026-02-27,POINT (24.940084410490734 60.186555701828716)
Puurekisteri_piste.11745,11745,P-32016-35,,ENSIPUISTIKKO,Puisto,KARTIOJALAVA,Ulmus,glabra,30 - 50 cm,,Helsinki/MAKA,2026-02-27,POINT (24.94179976354073 60.156087446938756)
Puurekisteri_piste.11746,11746,P-33016-362,,KAISANIEMENPUISTO,Puisto,METSÄVAAHTERA,Acer,platanoides,50 - 70 cm,,Helsinki/MAKA,2026-02-27,POINT (24.94919843637873 60.17377203940338)
Puurekisteri_piste.11747,11747,P-33016-309,,KAISANIEMENPUISTO,Puisto,PUISTOLEHMUS,Tilia,x vulgaris,70 cm -,,Helsinki/MAKA,2026-02-27,POINT (24.946528524531743 60.174042278276154)
Puurekisteri_piste.11748,11748,P-33016-310,,KAISANIEMENPUISTO,Puisto,PUISTOLEHMUS,Tilia,x vulgaris,70 cm -,,Helsinki/MAKA,2026-02-27,POINT (24.946344802492366 60.174046438258465)
Puurekisteri_piste.11749,11749,K-7389,MANNERHEIMINTIE,,Katu,PUISTOLEHMUS,Tilia,x vulgaris,30 - 50 cm,,Helsinki/MAKA,2026-02-27,POINT (24.93960936293463 60.169396075393585)
Puurekisteri_piste.11750,11750,K-3626,MECHELININKATU,,Katu,PUISTOLEHMUS,Tilia,x vulgaris,20 - 30 cm,,Helsinki/MAKA,2026-02-27,POINT (24.91791238433598 60.176351763189686)
Puurekisteri_piste.10844,10844,P-43067-327,,TERVASAARI,Puisto,POPPELI/HAAPA,Populus,sp.,30 - 50 cm,,Helsinki/MAKA,2026-02-27,POINT (24.968341935371477 60.173061668832844)
Puurekisteri_piste.10846,10846,P-54037-199,,HERTTONIEMENKARTANO,Puisto,VAAHTERA,Acer,sp.,0 - 10 cm,,Helsinki/MAKA,2026-02-27,POINT (25.0429620023107 60.18797180993979)
Puurekisteri_piste.10847,10847,P-32016-21,,ENSIPUISTIKKO,Puisto,PUISTOLEHMUS,Tilia,x vulgaris,50 - 70 cm,,Helsinki/MAKA,2026-02-27,POINT (24.94124511811235 60.155350592908896)
Puurekisteri_piste.10848,10848,K-7351,OTAVANTIE,,Katu,RAUDUSKOIVU,Betula,pendula,20 - 30 cm,,Helsinki/MAKA,2026-02-27,POINT (24.879448684384208 60.158452544419255)
Puurekisteri_piste.10875,10875,K-821,RATAMESTARINKATU,,Katu,PUISTOLEHMUS,Tilia,x vulgaris,20 - 30 cm,,Helsinki/MAKA,2026-02-27,POINT (24.939919997546603 60.199308943468054)
Puurekisteri_piste.10851,10851,P-32016-34,,ENSIPUISTIKKO,Puisto,KARTIOJALAVA,Ulmus,glabra,20 - 30 cm,,Helsinki/MAKA,2026-02-27,POINT (24.941799729622364 60.156034808321294)
Puurekisteri_piste.10856,10856,K-705,RAUTATIELÄISENKATU,,Katu,PYLVÄSHAAPA,Populus,tremula,0 - 10 cm,,Helsinki/MAKA,2026-02-27,POINT (24.93820949937987 60.20159043032797)
Puurekisteri_piste.10857,10857,P-42003-101,,MYLLYRINNE,Puisto,METSÄVAAHTERA,Acer,platanoides,30 - 50 cm,,Helsinki/MAKA,2026-02-27,POINT (24.95985852031523 60.15987100677569)
Puurekisteri_piste.10858,10858,P-44017-292,,KATRI VALAN PUISTO,Puisto,METSÄVAAHTERA,Acer,platanoides,10 - 20 cm,,Helsinki/MAKA,2026-02-27,POINT (24.965741080295512 60.18637217105303)
Puurekisteri_piste.10861,10861,P-32030-43,,TELAKANPUISTIKKO,Puisto,METSÄVAAHTERA,Acer,platanoides,20 - 30 cm,,Helsinki/MAKA,2026-02-27,POINT (24.933576167344395 60.15958107588915)
Puurekisteri_piste.10863,10863,P-32030-45,,TELAKANPUISTIKKO,Puisto,METSÄVAAHTERA,Acer,platanoides,20 - 30 cm,,Helsinki/MAKA,2026-02-27,POINT (24.93342620245321 60.15955759126092)
Puurekisteri_piste.25477,25477,K-41865,HIIHTOMÄENTIE,,Katu,PUISTOLEHMUS,Tilia,x vulgaris,10 - 20 cm,,Helsinki/MAKA,2026-02-27,POINT (25.03036117676678 60.194500313353515)
Puurekisteri_piste.25478,25478,K-41866,HIIHTOMÄENTIE,,Katu,PUISTOLEHMUS,Tilia,x vulgaris,10 - 20 cm,,Helsinki/MAKA,2026-02-27,POINT (25.030426319946482 60.19446615325312)
Puurekisteri_piste.25479,25479,K-41867,PETTER WETTERIN TIE,,Katu,PUISTOLEHMUS,Tilia,x vulgaris,0 - 10 cm,,Helsinki/MAKA,2026-02-27,POINT (25.032497469718678 60.19108916631879)
Puurekisteri_piste.25480,25480,K-41868,PETTER WETTERIN TIE,,Katu,PUISTOLEHMUS,Tilia,x vulgaris,0 - 10 cm,,Helsinki/MAKA,2026-02-27,POINT (25.032557939997208 60.191008696473894)
Puurekisteri_piste.25481,25481,K-41869,PETTER WETTERIN TIE,,Katu,PUISTOLEHMUS,Tilia,x vulgaris,0 - 10 cm,,Helsinki/MAKA,2026-02-27,POINT (25.032613373424205 60.190931282458585)
Puurekisteri_piste.25482,25482,K-41870,PETTER WETTERIN TIE,,Katu,PUISTOLEHMUS,Tilia,x vulgaris,0 - 10 cm,,Helsinki/MAKA,2026-02-27,POINT (25.03265548441815 60.19085863658436)
Puurekisteri_piste.25483,25483,K-41871,PETTER WETTERIN TIE,,Katu,PUISTOLEHMUS,Tilia,x vulgaris,0 - 10 cm,,Helsinki/MAKA,2026-02-27,POINT (25.032715752836978 60.190772063614496)
Puurekisteri_piste.25484,25484,K-43515,LEIKOSAARENTIE,,Katu,PUISTOLEHMUS,Tilia,x vulgaris,0 - 10 cm,,Helsinki/MAKA,2026-02-27,POINT (25.132891806055774 60.20202622431454)
Puurekisteri_piste.25486,25486,K-43517,LEIKOSAARENTIE,,Katu,PUISTOLEHMUS,Tilia,x vulgaris,0 - 10 cm,,Helsinki/MAKA,2026-02-27,POINT (25.13269063902764 60.20200751841182)
Puurekisteri_piste.25487,25487,K-43518,LEIKOSAARENTIE,,Katu,PUISTOLEHMUS,Tilia,x vulgaris,10 - 20 cm,,Helsinki/MAKA,2026-02-27,POINT (25.134525432526832 60.2023882674126)
Puurekisteri_piste.25488,25488,K-43519,LEIKOSAARENTIE,,Katu,PUISTOLEHMUS,Tilia,x vulgaris,10 - 20 cm,,Helsinki/MAKA,2026-02-27,POINT (25.134427032391805 60.202368321328905)
Puurekisteri_piste.25489,25489,K-43520,LEIKOSAARENTIE,,Katu,PUISTOLEHMUS,Tilia,x vulgaris,20 - 30 cm,,Helsinki/MAKA,2026-02-27,POINT (25.134303299641417 60.20236241750146)
Puurekisteri_piste.25491,25491,K-43522,LEIKOSAARENTIE,,Katu,PUISTOLEHMUS,Tilia,x vulgaris,20 - 30 cm,,Helsinki/MAKA,2026-02-27,POINT (25.134081711358366 60.2023648386153)
Puurekisteri_piste.11590,11590,P-43067-124,,TERVASAARI,Puisto,KOTIPIHLAJA,Sorbus,aucuparia,0 - 10 cm,,Helsinki/MAKA,2026-02-27,POINT (24.969027124303935 60.17413290922476)
Puurekisteri_piste.11591,11591,K-9625,POHJOLANKATU,,Katu,PUISTOLEHMUS,Tilia,x vulgaris,0 - 10 cm,,Helsinki/MAKA,2026-02-27,POINT (24.960138407278077 60.2187704019294)
Puurekisteri_piste.11592,11592,K-9626,POHJOLANKATU,,Katu,PUISTOLEHMUS,Tilia,x vulgaris,0 - 10 cm,,Helsinki/MAKA,2026-02-27,POINT (24.96000739369273 60.2187354373377)
Puurekisteri_piste.11593,11593,K-9627,POHJOLANKATU,,Katu,PUISTOLEHMUS,Tilia,x vulgaris,0 - 10 cm,,Helsinki/MAKA,2026-02-27,POINT (24.9598613897328 60.21868593712423)
Puurekisteri_piste.11594,11594,K-9628,POHJOLANKATU,,Katu,PUISTOLEHMUS,Tilia,x vulgaris,0 - 10 cm,,Helsinki/MAKA,2026-02-27,POINT (24.959731636391282 60.21864827931093)
Puurekisteri_piste.11595,11595,P-32031-116,,SINEBRYCHOFFIN PUISTO,Puisto,PUISTOLEHMUS,Tilia,x vulgaris,50 - 70 cm,,Helsinki/MAKA,2026-02-27,POINT (24.93447255000346 60.16081784909318)
Puurekisteri_piste.11597,11597,P-53003-856,,TULLISAAREN KARTANO,Puisto,RAUDUSKOIVU,Betula,pendula,30 - 50 cm,,Helsinki/MAKA,2026-02-27,POINT (25.02906827568446 60.18016858309711)
Puurekisteri_piste.11598,11598,P-53003-857,,TULLISAAREN KARTANO,Puisto,RAUDUSKOIVU,Betula,pendula,50 - 70 cm,,Helsinki/MAKA,2026-02-27,POINT (25.029054128493595 60.18018429251864)
Puurekisteri_piste.11601,11601,P-43002-5,,MERIKASARMINPUISTO,Puisto,RAUDUSKOIVU,Betula,pendula,0 - 10 cm,,Helsinki/MAKA,2026-02-27,POINT (24.974418905840913 60.16846297615778)
Puurekisteri_piste.11602,11602,P-43002-6,,MERIKASARMINPUISTO,Puisto,RAUDUSKOIVU,Betula,pendula,10 - 20 cm,,Helsinki/MAKA,2026-02-27,POINT (24.974412993345776 60.168444892357456)
Puurekisteri_piste.11603,11603,P-33054-84,,HESPERIAN ESPLANADI,Puisto,VUORIJALAVA,Ulmus,glabra,30 - 50 cm,,Helsinki/MAKA,2026-02-27,POINT (24.920216849476102 60.176910686521076)
Puurekisteri_piste.10868,10868,K-9181,MÄKELÄNKATU,,Katu,METSÄVAAHTERA,Acer,platanoides,0 - 10 cm,,Helsinki/MAKA,2026-02-27,POINT (24.944638246077396 60.21007070342228)
Puurekisteri_piste.10869,10869,K-5039,VIHERNIEMENKATU,,Katu,PUISTOLEHMUS,Tilia,x vulgaris,20 - 30 cm,,Helsinki/MAKA,2026-02-27,POINT (24.953108591340225 60.179274475954486)
Puurekisteri_piste.10870,10870,K-6048,,,Katu,POPPELI/HAAPA,Populus,sp.,70 cm -,,Helsinki/MAKA,2026-02-27,POINT (24.932035446742297 60.175756502305)
Puurekisteri_piste.10872,10872,K-605,MÄKELÄNKATU,,Katu,PUISTOLEHMUS,Tilia,x vulgaris,30 - 50 cm,,Helsinki/MAKA,2026-02-27,POINT (24.945307130629068 60.202085632356706)
Puurekisteri_piste.10873,10873,K-6050,,,Katu,METSÄVAAHTERA,Acer,platanoides,30 - 50 cm,,Helsinki/MAKA,2026-02-27,POINT (24.932111450308422 60.175681103023884)
Puurekisteri_piste.10874,10874,K-820,RATAMESTARINKATU,,Katu,PUISTOLEHMUS,Tilia,x vulgaris,20 - 30 cm,,Helsinki/MAKA,2026-02-27,POINT (24.93981201063678 60.19932556343487)
Puurekisteri_piste.14612,14612,P-54037-62,,HERTTONIEMENKARTANO,Puisto,KUUSI,Picea,sp.,0 - 10 cm,,Helsinki/MAKA,2026-02-27,POINT (25.041225358716872 60.1888672378328)
Puurekisteri_piste.10876,10876,K-7470,POSTIKATU,,Katu,PUISTOLEHMUS,Tilia,x vulgaris,50 - 70 cm,,Helsinki/MAKA,2026-02-27,POINT (24.938178197447 60.171034539828234)
Puurekisteri_piste.10877,10877,P-33016-42,,KAISANIEMENPUISTO,Puisto,SIPERIANLEHTIKUUSIMUOTO,Larix,sibirica,30 - 50 cm,,Helsinki/MAKA,2026-02-27,POINT (24.94222125597002 60.1751316176722)
Puurekisteri_piste.10878,10878,P-33016-44,,KAISANIEMENPUISTO,Puisto,SIPERIANLEHTIKUUSI,Larix,sibirica,30 - 50 cm,,Helsinki/MAKA,2026-02-27,POINT (24.942212817677188 60.17490208773111)
Puurekisteri_piste.10879,10879,P-33016-45,,KAISANIEMENPUISTO,Puisto,SIPERIANLEHTIKUUSI,Larix,sibirica,30 - 50 cm,,Helsinki/MAKA,2026-02-27,POINT (24.942303948769602 60.17487233848863)
Puurekisteri_piste.10880,10880,P-33016-46,,KAISANIEMENPUISTO,Puisto,SIPERIANLEHTIKUUSI,Larix,sibirica,30 - 50 cm,,Helsinki/MAKA,2026-02-27,POINT (24.942264131659005 60.17480709530155)
Puurekisteri_piste.10881,10881,P-33016-47,,KAISANIEMENPUISTO,Puisto,SIPERIANLEHTIKUUSI,Larix,sibirica,50 - 70 cm,,Helsinki/MAKA,2026-02-27,POINT (24.942221006291796 60.174751763192205)
Puurekisteri_piste.10882,10882,P-33016-48,,KAISANIEMENPUISTO,Puisto,METSÄLEHMUS,Tilia,cordata,70 cm -,,Helsinki/MAKA,2026-02-27,POINT (24.942348409769416 60.17474561938057)
Puurekisteri_piste.10883,10883,P-33016-49,,KAISANIEMENPUISTO,Puisto,METSÄVAAHTERA,Acer,platanoides,50 - 70 cm,,Helsinki/MAKA,2026-02-27,POINT (24.942287057762343 60.174696072190514)
Puurekisteri_piste.10886,10886,K-954,RATAPIHANTIE,,Katu,VUORIJALAVA,Ulmus,glabra,10 - 20 cm,,Helsinki/MAKA,2026-02-27,POINT (24.935026709279253 60.198702207606026)
Puurekisteri_piste.10887,10887,P-33101-102,,LASTENLEHTO,Puisto,AITAORAPIHLAJA,Crataegus,grayana,10 - 20 cm,,Helsinki/MAKA,2026-02-27,POINT (24.929367477650292 60.16648003363257)
Puurekisteri_piste.10888,10888,K-6051,,,Katu,METSÄVAAHTERA,Acer,platanoides,30 - 50 cm,,Helsinki/MAKA,2026-02-27,POINT (24.93220587400023 60.17572938202167)
Puurekisteri_piste.10889,10889,P-32031-175,,SINEBRYCHOFFIN PUISTO,Puisto,METSÄVAAHTERA,Acer,platanoides,20 - 30 cm,,Helsinki/MAKA,2026-02-27,POINT (24.934344615757844 60.16153979041112)
Puurekisteri_piste.10892,10892,P-33016-173,,KAISANIEMENPUISTO,Puisto,VUORIJALAVA,Ulmus,glabra,50 - 70 cm,,Helsinki/MAKA,2026-02-27,POINT (24.942470137711435 60.17684430334147)
Puurekisteri_piste.10894,10894,P-43001-20,,LAIVASTOPUISTO,Puisto,TERVALEPPÄ,Alnus,glutinosa,20 - 30 cm,,Helsinki/MAKA,2026-02-27,POINT (24.968174437279366 60.16862481356403)
Puurekisteri_piste.10895,10895,P-43001-21,,LAIVASTOPUISTO,Puisto,VUORIJALAVA,Ulmus,glabra,30 - 50 cm,,Helsinki/MAKA,2026-02-27,POINT (24.968307517232077 60.16863881212423)
Puurekisteri_piste.10899,10899,K-9632,POHJOLANKATU,,Katu,PUISTOLEHMUS,Tilia,x vulgaris,0 - 10 cm,,Helsinki/MAKA,2026-02-27,POINT (24.9591990897661 60.21849235532274)
Puurekisteri_piste.25492,25492,K-43523,LEIKOSAARENTIE,,Katu,PUISTOLEHMUS,Tilia,x vulgaris,20 - 30 cm,,Helsinki/MAKA,2026-02-27,POINT (25.133969828803288 60.20237893038412)
Puurekisteri_piste.25493,25493,K-41419,LYYPEKINAUKIO,,Katu,PUISTOLEHMUS,Tilia,x vulgaris,10 - 20 cm,,Helsinki/MAKA,2026-02-27,POINT (25.082553554850126 60.2083396477209)
Puurekisteri_piste.25494,25494,K-41420,LYYPEKINAUKIO,,Katu,PUISTOLEHMUS,Tilia,x vulgaris,10 - 20 cm,,Helsinki/MAKA,2026-02-27,POINT (25.082517121942217 60.208375593401854)
Puurekisteri_piste.25495,25495,K-41421,LYYPEKINAUKIO,,Katu,PUISTOLEHMUS,Tilia,x vulgaris,10 - 20 cm,,Helsinki/MAKA,2026-02-27,POINT (25.0824664881893 60.20842098046222)
Puurekisteri_piste.25496,25496,K-41422,LYYPEKINAUKIO,,Katu,PUISTOLEHMUS,Tilia,x vulgaris,10 - 20 cm,,Helsinki/MAKA,2026-02-27,POINT (25.082425914680776 60.20845845696715)
Puurekisteri_piste.25497,25497,K-41423,LYYPEKINAUKIO,,Katu,PUISTOLEHMUS,Tilia,x vulgaris,10 - 20 cm,,Helsinki/MAKA,2026-02-27,POINT (25.082388946659314 60.20849565980445)
Puurekisteri_piste.25498,25498,K-41424,LYYPEKINAUKIO,,Katu,PUISTOLEHMUS,Tilia,x vulgaris,10 - 20 cm,,Helsinki/MAKA,2026-02-27,POINT (25.082569038915437 60.20815150646968)
Puurekisteri_piste.25499,25499,K-41425,LYYPEKINAUKIO,,Katu,PUISTOLEHMUS,Tilia,x vulgaris,10 - 20 cm,,Helsinki/MAKA,2026-02-27,POINT (25.082534916644168 60.20818053835705)
Puurekisteri_piste.25501,25501,K-41427,LYYPEKINAUKIO,,Katu,PUISTOLEHMUS,Tilia,x vulgaris,10 - 20 cm,,Helsinki/MAKA,2026-02-27,POINT (25.08244496795446 60.20826250287108)
Puurekisteri_piste.25502,25502,K-41428,LYYPEKINAUKIO,,Katu,PUISTOLEHMUS,Tilia,x vulgaris,10 - 20 cm,,Helsinki/MAKA,2026-02-27,POINT (25.08240076565944 60.20829549614599)
Puurekisteri_piste.25504,25504,K-41430,LYYPEKINAUKIO,,Katu,PUISTOLEHMUS,Tilia,x vulgaris,10 - 20 cm,,Helsinki/MAKA,2026-02-27,POINT (25.08231458410603 60.208373506841134)
Puurekisteri_piste.25505,25505,K-41431,LYYPEKINAUKIO,,Katu,PUISTOLEHMUS,Tilia,x vulgaris,10 - 20 cm,,Helsinki/MAKA,2026-02-27,POINT (25.08227079166849 60.20841655191413)
Puurekisteri_piste.25506,25506,K-41432,LYYPEKINAUKIO,,Katu,PUISTOLEHMUS,Tilia,x vulgaris,10 - 20 cm,,Helsinki/MAKA,2026-02-27,POINT (25.08223759839685 60.208451237024214)
Puurekisteri_piste.25507,25507,K-41433,LYYPEKINAUKIO,,Katu,PUISTOLEHMUS,Tilia,x vulgaris,10 - 20 cm,,Helsinki/MAKA,2026-02-27,POINT (25.082192521261096 60.20848979597974)
Puurekisteri_piste.25508,25508,K-41434,LYYPEKINAUKIO,,Katu,PUISTOLEHMUS,Tilia,x vulgaris,10 - 20 cm,,Helsinki/MAKA,2026-02-27,POINT (25.08215068363854 60.20852700468434)
Puurekisteri_piste.25509,25509,K-43819,KURKIAISPOLKU,,Katu,PAJU,Salix,sp.,20 - 30 cm,,Helsinki/MAKA,2026-02-27,POINT (25.068946812155463 60.22945411993612)
Puurekisteri_piste.25511,25511,K-43821,KURKIAISPOLKU,,Katu,PAJU,Salix,sp.,10 - 20 cm,,Helsinki/MAKA,2026-02-27,POINT (25.06897747859457 60.22953136274631)
Puurekisteri_piste.25512,25512,K-43822,KURKIAISPOLKU,,Katu,PAJU,Salix,sp.,20 - 30 cm,,Helsinki/MAKA,2026-02-27,POINT (25.068998209676796 60.2295664328752)
Puurekisteri_piste.25513,25513,K-43823,KURKIAISPOLKU,,Katu,PAJU,Salix,sp.,30 - 50 cm,,Helsinki/MAKA,2026-02-27,POINT (25.069014465383933 60.22960949600152)
Puurekisteri_piste.25514,25514,K-43824,KURKIAURANPOLKU,,Katu,VUORIJALAVA,Ulmus,glabra,10 - 20 cm,,Helsinki/MAKA,2026-02-27,POINT (25.073413265091176 60.231752107885804)
Puurekisteri_piste.25515,25515,K-43825,KURKIAURANPOLKU,,Katu,VUORIJALAVA,Ulmus,glabra,20 - 30 cm,,Helsinki/MAKA,2026-02-27,POINT (25.073514847813566 60.231785737926614)
Puurekisteri_piste.25517,25517,K-43827,KURKIAURANPOLKU,,Katu,VUORIJALAVA,Ulmus,glabra,10 - 20 cm,,Helsinki/MAKA,2026-02-27,POINT (25.073760319579247 60.23179164789437)
Puurekisteri_piste.25518,25518,K-43828,KURKIAURANPOLKU,,Katu,VUORIJALAVA,Ulmus,glabra,10 - 20 cm,,Helsinki/MAKA,2026-02-27,POINT (25.073889566426367 60.23175891849973)
Puurekisteri_piste.25519,25519,K-43829,KURKIAURANPOLKU,,Katu,VUORIJALAVA,Ulmus,glabra,20 - 30 cm,,Helsinki/MAKA,2026-02-27,POINT (25.074009994617555 60.23173149457262)
Puurekisteri_piste.25520,25520,K-43830,KURKIAURANPOLKU,,Katu,VUORIJALAVA,Ulmus,glabra,10 - 20 cm,,Helsinki/MAKA,2026-02-27,POINT (25.074140331372966 60.23170037921682)
Puurekisteri_piste.25521,25521,K-43831,KURKIAURANPOLKU,,Katu,VUORIJALAVA,Ulmus,glabra,20 - 30 cm,,Helsinki/MAKA,2026-02-27,POINT (25.074266900651796 60.23167411474225)
Puurekisteri_piste.25522,25522,K-42997,REKIPELLONTIE,,Katu,VUORIJALAVA,Ulmus,glabra,10 - 20 cm,,Helsinki/MAKA,2026-02-27,POINT (25.09619277175085 60.23896500058346)
Puurekisteri_piste.25524,25524,K-42999,REKIPELLONTIE,,Katu,VUORIJALAVA,Ulmus,glabra,0 - 10 cm,,Helsinki/MAKA,2026-02-27,POINT (25.096383746729778 60.23896349135801)
Puurekisteri_piste.25525,25525,K-42661,KURKIMÄENTIE,,Katu,PUISTOLEHMUS,Tilia,x vulgaris,0 - 10 cm,,Helsinki/MAKA,2026-02-27,POINT (25.071234344758334 60.22851237153973)
Puurekisteri_piste.25526,25526,K-42662,KURKIMÄENTIE,,Katu,PUISTOLEHMUS,Tilia,x vulgaris,0 - 10 cm,,Helsinki/MAKA,2026-02-27,POINT (25.07111711047394 60.22852587766547)
Puurekisteri_piste.25527,25527,K-42663,KURKIMÄENTIE,,Katu,PUISTOLEHMUS,Tilia,x vulgaris,10 - 20 cm,,Helsinki/MAKA,2026-02-27,POINT (25.0710168191381 60.22853505636932)
Puurekisteri_piste.25529,25529,K-42665,KURKIMÄENTIE,,Katu,PUISTOLEHMUS,Tilia,x vulgaris,10 - 20 cm,,Helsinki/MAKA,2026-02-27,POINT (25.07084640097964 60.22855966210942)
Puurekisteri_piste.25530,25530,K-42666,KURKIMÄENTIE,,Katu,PUISTOLEHMUS,Tilia,x vulgaris,20 - 30 cm,,Helsinki/MAKA,2026-02-27,POINT (25.070511488224607 60.22860213477275)
Puurekisteri_piste.25531,25531,K-42667,KURKIMÄENTIE,,Katu,PUISTOLEHMUS,Tilia,x vulgaris,20 - 30 cm,,Helsinki/MAKA,2026-02-27,POINT (25.070398779450286 60.22861886625185)
Puurekisteri_piste.25532,25532,K-42668,KURKIMÄENTIE,,Katu,PUISTOLEHMUS,Tilia,x vulgaris,10 - 20 cm,,Helsinki/MAKA,2026-02-27,POINT (25.07027935156727 60.228626360690505)
Puurekisteri_piste.25533,25533,K-42669,KURKIMÄENTIE,,Katu,PUISTOLEHMUS,Tilia,x vulgaris,10 - 20 cm,,Helsinki/MAKA,2026-02-27,POINT (25.070155814453546 60.2286429246788)
Puurekisteri_piste.25534,25534,K-42670,KURKIMÄENTIE,,Katu,PUISTOLEHMUS,Tilia,x vulgaris,10 - 20 cm,,Helsinki/MAKA,2026-02-27,POINT (25.07002848926826 60.228659851818165)
Puurekisteri_piste.25535,25535,K-44353,KIVIKONKAARI,,Katu,METSÄVAAHTERA,Acer,platanoides,10 - 20 cm,,Helsinki/MAKA,2026-02-27,POINT (25.067469358528534 60.23941516353109)
Puurekisteri_piste.25537,25537,K-44355,KIVIKONKAARI,,Katu,METSÄVAAHTERA,Acer,platanoides,10 - 20 cm,,Helsinki/MAKA,2026-02-27,POINT (25.067590771187884 60.23951950116809)
Puurekisteri_piste.25538,25538,K-44356,KIVIKONKAARI,,Katu,METSÄVAAHTERA,Acer,platanoides,10 - 20 cm,,Helsinki/MAKA,2026-02-27,POINT (25.06765765354619 60.23958018959742)
Puurekisteri_piste.25539,25539,K-44357,KIVIKONKAARI,,Katu,METSÄVAAHTERA,Acer,platanoides,10 - 20 cm,,Helsinki/MAKA,2026-02-27,POINT (25.067712970252046 60.2396380187287)
Puurekisteri_piste.25540,25540,K-44358,KIVIKONKAARI,,Katu,METSÄVAAHTERA,Acer,platanoides,0 - 10 cm,,Helsinki/MAKA,2026-02-27,POINT (25.067768976612967 60.23968857711274)
Puurekisteri_piste.25541,25541,K-34391,KOSKELANTIE,,Katu,PUISTOLEHMUS,Tilia,x vulgaris,50 - 70 cm,,Helsinki/MAKA,2026-02-27,POINT (24.962261584293795 60.21438156464563)
Puurekisteri_piste.25542,25542,K-34397,KOSKELANTIE,,Katu,PUISTOLEHMUS,Tilia,x vulgaris,50 - 70 cm,,Helsinki/MAKA,2026-02-27,POINT (24.962716227233745 60.21459359660495)
Puurekisteri_piste.25543,25543,K-34403,KOSKELANTIE,,Katu,PUISTOLEHMUS,Tilia,x vulgaris,50 - 70 cm,,Helsinki/MAKA,2026-02-27,POINT (24.962796227130923 60.21452482062271)
Puurekisteri_piste.25544,25544,K-34401,KOSKELANTIE,,Katu,PUISTOLEHMUS,Tilia,x vulgaris,50 - 70 cm,,Helsinki/MAKA,2026-02-27,POINT (24.962650797391536 60.21448986320695)
Puurekisteri_piste.26190,26190,K-43597,PORSLAHDENTIE,,Katu,METSÄTAMMI,Quercus,robur,10 - 20 cm,,Helsinki/MAKA,2026-02-27,POINT (25.148969638003763 60.21267602834509)
Puurekisteri_piste.26191,26191,K-43598,PORSLAHDENTIE,,Katu,METSÄTAMMI,Quercus,robur,20 - 30 cm,,Helsinki/MAKA,2026-02-27,POINT (25.149048433422724 60.21264636390783)
Puurekisteri_piste.26194,26194,K-43601,PORSLAHDENTIE,,Katu,METSÄTAMMI,Quercus,robur,20 - 30 cm,,Helsinki/MAKA,2026-02-27,POINT (25.149622081007553 60.21234649688361)
Puurekisteri_piste.26195,26195,K-43602,PORSLAHDENTIE,,Katu,METSÄTAMMI,Quercus,robur,20 - 30 cm,,Helsinki/MAKA,2026-02-27,POINT (25.149696895882386 60.21228937444758)
Puurekisteri_piste.26196,26196,K-43603,PORSLAHDENTIE,,Katu,METSÄTAMMI,Quercus,robur,20 - 30 cm,,Helsinki/MAKA,2026-02-27,POINT (25.149678888453046 60.21224183634866)
Puurekisteri_piste.25380,25380,K-39435,KALLVIKINTIE,,Katu,PUISTOLEHMUS,Tilia,x vulgaris,0 - 10 cm,,Helsinki/MAKA,2026-02-27,POINT (25.13568245707041 60.20808554751415)
Puurekisteri_piste.25381,25381,K-39436,KALLVIKINTIE,,Katu,PUISTOLEHMUS,Tilia,x vulgaris,0 - 10 cm,,Helsinki/MAKA,2026-02-27,POINT (25.13562933971685 60.208015715882695)
Puurekisteri_piste.25447,25447,P-33045-404,,SIBELIUKSEN PUISTO (A),Puisto,METSÄKUUSI,Picea,abies,30 - 50 cm,,Helsinki/MAKA,2026-02-27,POINT (24.914812012853528 60.18270976104911)
Puurekisteri_piste.25448,25448,P-33045-405,,SIBELIUKSEN PUISTO (A),Puisto,METSÄKUUSI,Picea,abies,30 - 50 cm,,Helsinki/MAKA,2026-02-27,POINT (24.91474730828235 60.1826741372643)
Puurekisteri_piste.25449,25449,P-33045-406,,SIBELIUKSEN PUISTO (A),Puisto,METSÄMÄNTY,Pinus,sylvestris,50 - 70 cm,,Helsinki/MAKA,2026-02-27,POINT (24.914593133235734 60.18272049005498)
Puurekisteri_piste.25450,25450,P-33045-662,,SIBELIUKSEN PUISTO (A),Puisto,KOTIPIHLAJA,Sorbus,aucuparia,10 - 20 cm,,Helsinki/MAKA,2026-02-27,POINT (24.914632224755934 60.18043975253162)
Puurekisteri_piste.25453,25453,P-33045-665,,SIBELIUKSEN PUISTO (A),Puisto,METSÄVAAHTERA,Acer,platanoides,20 - 30 cm,,Helsinki/MAKA,2026-02-27,POINT (24.914611172629318 60.180334436421816)
Puurekisteri_piste.25454,25454,P-33045-666,,SIBELIUKSEN PUISTO (A),Puisto,METSÄVAAHTERA,Acer,platanoides,20 - 30 cm,,Helsinki/MAKA,2026-02-27,POINT (24.914581167933687 60.18030021137431)
Puurekisteri_piste.25455,25455,P-33045-667,,SIBELIUKSEN PUISTO (A),Puisto,KOTIPIHLAJA,Sorbus,aucuparia,10 - 20 cm,,Helsinki/MAKA,2026-02-27,POINT (24.914517497411463 60.180332152880254)
Puurekisteri_piste.25456,25456,K-34455,KOSKELANTIE,,Katu,PUISTOLEHMUS,Tilia,x vulgaris,50 - 70 cm,,Helsinki/MAKA,2026-02-27,POINT (24.964649009393312 60.21501480710616)
Puurekisteri_piste.25457,25457,K-34457,KOSKELANTIE,,Katu,PUISTOLEHMUS,Tilia,x vulgaris,50 - 70 cm,,Helsinki/MAKA,2026-02-27,POINT (24.9647957137072 60.215055326574685)
Puurekisteri_piste.25458,25458,K-34459,KOSKELANTIE,,Katu,PUISTOLEHMUS,Tilia,x vulgaris,30 - 50 cm,,Helsinki/MAKA,2026-02-27,POINT (24.964941333582487 60.21509396142899)
Puurekisteri_piste.25460,25460,K-34463,KOSKELANTIE,,Katu,PUISTOLEHMUS,Tilia,x vulgaris,50 - 70 cm,,Helsinki/MAKA,2026-02-27,POINT (24.96540882637219 60.215317378449114)
Puurekisteri_piste.25461,25461,K-34465,KOSKELANTIE,,Katu,PUISTOLEHMUS,Tilia,x vulgaris,50 - 70 cm,,Helsinki/MAKA,2026-02-27,POINT (24.965569961775817 60.215356545897926)
Puurekisteri_piste.25462,25462,K-41983,MANNERHEIMINTIE,,Katu,METSÄTAMMI,Quercus,robur,10 - 20 cm,,Helsinki/MAKA,2026-02-27,POINT (24.899783302622556 60.20072905178891)
Puurekisteri_piste.25463,25463,K-41984,MANNERHEIMINTIE,,Katu,METSÄTAMMI,Quercus,robur,0 - 10 cm,,Helsinki/MAKA,2026-02-27,POINT (24.899839067112907 60.20064837271403)
Puurekisteri_piste.25464,25464,K-41985,MANNERHEIMINTIE,,Katu,METSÄTAMMI,Quercus,robur,10 - 20 cm,,Helsinki/MAKA,2026-02-27,POINT (24.89990420258279 60.2005747855564)
Puurekisteri_piste.25465,25465,K-41986,MANNERHEIMINTIE,,Katu,METSÄTAMMI,Quercus,robur,10 - 20 cm,,Helsinki/MAKA,2026-02-27,POINT (24.899962666200505 60.200501825606594)
Puurekisteri_piste.25466,25466,K-41987,MANNERHEIMINTIE,,Katu,METSÄTAMMI,Quercus,robur,10 - 20 cm,,Helsinki/MAKA,2026-02-27,POINT (24.90001824332622 60.200431108992845)
Puurekisteri_piste.25467,25467,K-41988,MANNERHEIMINTIE,,Katu,METSÄTAMMI,Quercus,robur,0 - 10 cm,,Helsinki/MAKA,2026-02-27,POINT (24.90008247319166 60.200362727272925)
Puurekisteri_piste.25470,25470,K-41991,MANNERHEIMINTIE,,Katu,RUOTSINPIHLAJA,Sorbus,intermedia,30 - 50 cm,,Helsinki/MAKA,2026-02-27,POINT (24.899436756779735 60.20045578920933)
Puurekisteri_piste.11353,11353,P-43067-371,,TERVASAARI,Puisto,BERLIININPOPPELI,Populus,x berolinensis,30 - 50 cm,,Helsinki/MAKA,2026-02-27,POINT (24.967872124697188 60.17295755198156)
Puurekisteri_piste.11354,11354,K-504,HERMANNIN RANTATIE,,Katu,SAKSANPIHLAJALAJIKE,Sorbus,aria,0 - 10 cm,,Helsinki/MAKA,2026-02-27,POINT (24.964898253225932 60.20058322922565)
Puurekisteri_piste.11355,11355,K-5041,VIHERNIEMENKATU,,Katu,PUISTOLEHMUS,Tilia,x vulgaris,20 - 30 cm,,Helsinki/MAKA,2026-02-27,POINT (24.95309364747195 60.17946852599739)
Puurekisteri_piste.11356,11356,K-5042,SÖRNÄISTEN RANTATIE,,Katu,PUISTOLEHMUS,Tilia,x vulgaris,20 - 30 cm,,Helsinki/MAKA,2026-02-27,POINT (24.953092098406497 60.17954203422206)
Puurekisteri_piste.11357,11357,K-5643,MIKONKATU,,Katu,PUISTOLEHMUS,Tilia,x vulgaris,10 - 20 cm,,Helsinki/MAKA,2026-02-27,POINT (24.945277745058515 60.17158512124112)
Puurekisteri_piste.11360,11360,P-32031-20,,SINEBRYCHOFFIN PUISTO,Puisto,PUISTOLEHMUS,Tilia,x vulgaris,20 - 30 cm,,Helsinki/MAKA,2026-02-27,POINT (24.93284214704298 60.16173253524133)
Puurekisteri_piste.11361,11361,P-32031-21,,SINEBRYCHOFFIN PUISTO,Puisto,METSÄVAAHTERA,Acer,platanoides,30 - 50 cm,,Helsinki/MAKA,2026-02-27,POINT (24.932744668437834 60.16178609917797)
Puurekisteri_piste.11363,11363,P-32031-41,,SINEBRYCHOFFIN PUISTO,Puisto,SAARNIVAAHTERA,Acer,negundo,20 - 30 cm,,Helsinki/MAKA,2026-02-27,POINT (24.93302725616766 60.161516106371806)
Puurekisteri_piste.11364,11364,P-32031-42,,SINEBRYCHOFFIN PUISTO,Puisto,SAARNIVAAHTERA,Acer,negundo,10 - 20 cm,,Helsinki/MAKA,2026-02-27,POINT (24.93308839371785 60.161505389452756)
Puurekisteri_piste.11365,11365,K-9169,MÄKELÄNKATU,,Katu,METSÄVAAHTERA,Acer,platanoides,30 - 50 cm,,Helsinki/MAKA,2026-02-27,POINT (24.945190856604565 60.209114107077106)
Puurekisteri_piste.11366,11366,K-9827,OULUNKYLÄNTIE,,Katu,METSÄVAAHTERA,Acer,platanoides,10 - 20 cm,,Helsinki/MAKA,2026-02-27,POINT (24.96813469117256 60.225988556962676)
Puurekisteri_piste.25912,25912,K-41606,MERIPELLONTIE,,Katu,VUORIJALAVA,Ulmus,glabra,10 - 20 cm,,Helsinki/MAKA,2026-02-27,POINT (25.10280931013108 60.20800489450043)
Puurekisteri_piste.25966,25966,K-41772,TURUNLINNANTIE,,Katu,PUISTOLEHMUS,Tilia,x vulgaris,10 - 20 cm,,Helsinki/MAKA,2026-02-27,POINT (25.081588568295874 60.21206566137377)
Puurekisteri_piste.25967,25967,K-41773,TURUNLINNANTIE,,Katu,PUISTOLEHMUS,Tilia,x vulgaris,10 - 20 cm,,Helsinki/MAKA,2026-02-27,POINT (25.08157464691429 60.212022058320535)
Puurekisteri_piste.25968,25968,K-41774,TURUNLINNANTIE,,Katu,PUISTOLEHMUS,Tilia,x vulgaris,10 - 20 cm,,Helsinki/MAKA,2026-02-27,POINT (25.08150659530356 60.21197421277495)
Puurekisteri_piste.25969,25969,K-41775,TURUNLINNANTIE,,Katu,PUISTOLEHMUS,Tilia,x vulgaris,20 - 30 cm,,Helsinki/MAKA,2026-02-27,POINT (25.080025067872636 60.211265785783866)
Puurekisteri_piste.25970,25970,K-41776,TURUNLINNANTIE,,Katu,PUISTOLEHMUS,Tilia,x vulgaris,20 - 30 cm,,Helsinki/MAKA,2026-02-27,POINT (25.079663690141345 60.211167580963874)
Puurekisteri_piste.25971,25971,K-44048,LÄNSIMÄENTIE,,Katu,KOTIPIHLAJA,Sorbus,aucuparia,0 - 10 cm,,Helsinki/MAKA,2026-02-27,POINT (25.107002105568625 60.2395399406952)
Puurekisteri_piste.25972,25972,K-44049,LÄNSIMÄENTIE,,Katu,KOTIPIHLAJA,Sorbus,aucuparia,10 - 20 cm,,Helsinki/MAKA,2026-02-27,POINT (25.106987940772477 60.239366109650675)
Puurekisteri_piste.25973,25973,K-44050,LÄNSIMÄENTIE,,Katu,KOTIPIHLAJA,Sorbus,aucuparia,0 - 10 cm,,Helsinki/MAKA,2026-02-27,POINT (25.10695516528674 60.239348115360585)
Puurekisteri_piste.25983,25983,K-44060,LÄNSIMÄENTIE,,Katu,TERIJOENSALAVA,Salix,fragilis,10 - 20 cm,,Helsinki/MAKA,2026-02-27,POINT (25.107158814636627 60.23836844809263)
Puurekisteri_piste.25984,25984,K-44061,LÄNSIMÄENTIE,,Katu,TERIJOENSALAVA,Salix,fragilis,10 - 20 cm,,Helsinki/MAKA,2026-02-27,POINT (25.107186787773536 60.23833564904418)
Puurekisteri_piste.25988,25988,K-42928,KOSKENHAANTIE,,Katu,KOTIPIHLAJA,Sorbus,aucuparia,0 - 10 cm,,Helsinki/MAKA,2026-02-27,POINT (25.090802803617418 60.23976139351973)
Puurekisteri_piste.25991,25991,K-42931,KOSKENHAANTIE,,Katu,KOTIPIHLAJA,Sorbus,aucuparia,10 - 20 cm,,Helsinki/MAKA,2026-02-27,POINT (25.091139510696085 60.24001262784727)
Puurekisteri_piste.25994,25994,K-42934,KOSKENHAANTIE,,Katu,KOTIPIHLAJA,Sorbus,aucuparia,0 - 10 cm,,Helsinki/MAKA,2026-02-27,POINT (25.091264162025883 60.240134710764615)
Puurekisteri_piste.25241,25241,K-33891,FREDRIKSBERGINKATU,,Katu,METSÄVAAHTERA,Acer,platanoides,10 - 20 cm,,Helsinki/MAKA,2026-02-27,POINT (24.926727916199756 60.197871468678215)
Puurekisteri_piste.25249,25249,K-41157,KAUPPAKARTANONKATU,,Katu,PUISTOLEHMUS,Tilia,x vulgaris,0 - 10 cm,,Helsinki/MAKA,2026-02-27,POINT (25.08887223014491 60.2096641681073)
Puurekisteri_piste.25250,25250,K-41158,KAUPPAKARTANONKATU,,Katu,PUISTOLEHMUS,Tilia,x vulgaris,20 - 30 cm,,Helsinki/MAKA,2026-02-27,POINT (25.08875519777926 60.20963209514795)
Puurekisteri_piste.25251,25251,K-41159,KAUPPAKARTANONKATU,,Katu,PUISTOLEHMUS,Tilia,x vulgaris,20 - 30 cm,,Helsinki/MAKA,2026-02-27,POINT (25.088655568339057 60.209617412130505)
Puurekisteri_piste.25253,25253,K-41161,KAUPPAKARTANONKATU,,Katu,PUISTOLEHMUS,Tilia,x vulgaris,20 - 30 cm,,Helsinki/MAKA,2026-02-27,POINT (25.087673565763538 60.20933637904842)
Puurekisteri_piste.25254,25254,K-41162,KAUPPAKARTANONKATU,,Katu,PUISTOLEHMUS,Tilia,x vulgaris,20 - 30 cm,,Helsinki/MAKA,2026-02-27,POINT (25.08756452033175 60.209313988307024)
Puurekisteri_piste.25255,25255,K-41163,KAUPPAKARTANONKATU,,Katu,PUISTOLEHMUS,Tilia,x vulgaris,20 - 30 cm,,Helsinki/MAKA,2026-02-27,POINT (25.087463177191122 60.20928117643112)
Puurekisteri_piste.25256,25256,K-41164,KAUPPAKARTANONKATU,,Katu,PUISTOLEHMUS,Tilia,x vulgaris,20 - 30 cm,,Helsinki/MAKA,2026-02-27,POINT (25.087346515984077 60.20925062756664)
Puurekisteri_piste.25257,25257,K-41165,KAUPPAKARTANONKATU,,Katu,PUISTOLEHMUS,Tilia,x vulgaris,20 - 30 cm,,Helsinki/MAKA,2026-02-27,POINT (25.08725256891866 60.20921807549664)
Puurekisteri_piste.25258,25258,K-41166,KAUPPAKARTANONKATU,,Katu,PUISTOLEHMUS,Tilia,x vulgaris,20 - 30 cm,,Helsinki/MAKA,2026-02-27,POINT (25.08712671354986 60.2091881662558)
Puurekisteri_piste.25259,25259,K-41167,KAUPPAKARTANONKATU,,Katu,PUISTOLEHMUS,Tilia,x vulgaris,20 - 30 cm,,Helsinki/MAKA,2026-02-27,POINT (25.08701509048706 60.209155187437666)
Puurekisteri_piste.25260,25260,K-41168,KAUPPAKARTANONKATU,,Katu,PUISTOLEHMUS,Tilia,x vulgaris,20 - 30 cm,,Helsinki/MAKA,2026-02-27,POINT (25.086908730885526 60.20912875389911)
Puurekisteri_piste.25261,25261,K-41169,KAUPPAKARTANONKATU,,Katu,PUISTOLEHMUS,Tilia,x vulgaris,10 - 20 cm,,Helsinki/MAKA,2026-02-27,POINT (25.086802190197645 60.20910214100261)
Puurekisteri_piste.25262,25262,K-41170,KAUPPAKARTANONKATU,,Katu,PUISTOLEHMUS,Tilia,x vulgaris,20 - 30 cm,,Helsinki/MAKA,2026-02-27,POINT (25.086700134794434 60.209070855247596)
Puurekisteri_piste.25263,25263,K-41171,KAUPPAKARTANONKATU,,Katu,PUISTOLEHMUS,Tilia,x vulgaris,20 - 30 cm,,Helsinki/MAKA,2026-02-27,POINT (25.086582207176328 60.2090392302544)
Puurekisteri_piste.25264,25264,K-41172,KAUPPAKARTANONKATU,,Katu,PUISTOLEHMUS,Tilia,x vulgaris,10 - 20 cm,,Helsinki/MAKA,2026-02-27,POINT (25.08648070228044 60.20900973869917)
Puurekisteri_piste.11419,11419,K-7906,VATTUNIEMENKATU,,Katu,RAUDUSKOIVU,Betula,pendula,30 - 50 cm,,Helsinki/MAKA,2026-02-27,POINT (24.884927868853598 60.1541446194726)
Puurekisteri_piste.11420,11420,K-7907,VATTUNIEMENKATU,,Katu,RAUDUSKOIVU,Betula,pendula,30 - 50 cm,,Helsinki/MAKA,2026-02-27,POINT (24.88496651828548 60.15436730826755)
Puurekisteri_piste.11421,11421,K-7908,VATTUNIEMENKATU,,Katu,RAUDUSKOIVU,Betula,pendula,30 - 50 cm,,Helsinki/MAKA,2026-02-27,POINT (24.885061552397815 60.154563534887494)
Puurekisteri_piste.11422,11422,P-53003-1932,,TULLISAAREN KARTANO,Puisto,METSÄMÄNTY,Pinus,sylvestris,30 - 50 cm,,Helsinki/MAKA,2026-02-27,POINT (25.023512123096125 60.17726497872028)
Puurekisteri_piste.11423,11423,P-53003-1933,,TULLISAAREN KARTANO,Puisto,METSÄMÄNTY,Pinus,sylvestris,20 - 30 cm,,Helsinki/MAKA,2026-02-27,POINT (25.023600654886593 60.17728037446498)
Puurekisteri_piste.11424,11424,P-53003-306,,TULLISAAREN KARTANO,Puisto,METSÄVAAHTERA,Acer,platanoides,20 - 30 cm,,Helsinki/MAKA,2026-02-27,POINT (25.03126588109828 60.17893303611474)
Puurekisteri_piste.11425,11425,K-7761,ISOKAARI,,Katu,KUUSI,Picea,sp.,20 - 30 cm,,Helsinki/MAKA,2026-02-27,POINT (24.86104064688617 60.15850541794054)
Puurekisteri_piste.11426,11426,K-7762,ISOKAARI,,Katu,KUUSI,Picea,sp.,20 - 30 cm,,Helsinki/MAKA,2026-02-27,POINT (24.860955200319214 60.15855662873094)
Puurekisteri_piste.11427,11427,K-7763,ISOKAARI,,Katu,KUUSI,Picea,sp.,20 - 30 cm,,Helsinki/MAKA,2026-02-27,POINT (24.860952942899754 60.15860994124789)
Puurekisteri_piste.11431,11431,P-33054-57,,HESPERIAN ESPLANADI,Puisto,HEVOSKASTANJA,Aesculus,hippocastanum,50 - 70 cm,,Helsinki/MAKA,2026-02-27,POINT (24.9259018123994 60.177383067721266)
Puurekisteri_piste.11432,11432,P-33054-58,,HESPERIAN ESPLANADI,Puisto,HEVOSKASTANJA,Aesculus,hippocastanum,50 - 70 cm,,Helsinki/MAKA,2026-02-27,POINT (24.9257631850625 60.17736555875702)
Puurekisteri_piste.11433,11433,P-33054-59,,HESPERIAN ESPLANADI,Puisto,HEVOSKASTANJA,Aesculus,hippocastanum,50 - 70 cm,,Helsinki/MAKA,2026-02-27,POINT (24.925616749260392 60.177349023768485)
Puurekisteri_piste.11438,11438,K-9446,POHJOLANKATU,,Katu,PUISTOLEHMUS,Tilia,x vulgaris,0 - 10 cm,,Helsinki/MAKA,2026-02-27,POINT (24.95546111366776 60.21739248315702)
Puurekisteri_piste.11439,11439,P-33054-196,,HESPERIAN ESPLANADI,Puisto,PIHTA,Abies,sp.,30 - 50 cm,,Helsinki/MAKA,2026-02-27,POINT (24.916219209733452 60.17635378960719)
Puurekisteri_piste.11441,11441,K-931,RATAPIHANTIE,,Katu,VUORIJALAVA,Ulmus,glabra,10 - 20 cm,,Helsinki/MAKA,2026-02-27,POINT (24.935111604633054 60.19742618124674)
Puurekisteri_piste.11442,11442,K-5557,POHJOISRANTA,,Katu,PUISTOLEHMUS,Tilia,x vulgaris,10 - 20 cm,,Helsinki/MAKA,2026-02-27,POINT (24.96020234612031 60.170634424961264)
Puurekisteri_piste.25363,25363,K-44113,KONTULANKAARI,,Katu,LEHTIKUUSI,Larix,sp.,10 - 20 cm,,Helsinki/MAKA,2026-02-27,POINT (25.07816547683164 60.23802905897195)
Puurekisteri_piste.11444,11444,P-43067-373,,TERVASAARI,Puisto,BERLIININPOPPELI,Populus,x berolinensis,20 - 30 cm,,Helsinki/MAKA,2026-02-27,POINT (24.967694866927 60.17299497399307)
Puurekisteri_piste.11447,11447,P-32001-4,,VUORIMIEHENPUISTIKKO,Puisto,PUISTOLEHMUS,Tilia,x vulgaris,10 - 20 cm,,Helsinki/MAKA,2026-02-27,POINT (24.94663657082041 60.15894822370337)
Puurekisteri_piste.11449,11449,P-32001-6,,VUORIMIEHENPUISTIKKO,Puisto,VUORIJALAVA,Ulmus,glabra,70 cm -,,Helsinki/MAKA,2026-02-27,POINT (24.947326588665504 60.15911253252522)
Puurekisteri_piste.11450,11450,P-32001-7,,VUORIMIEHENPUISTIKKO,Puisto,VUORIJALAVA,Ulmus,glabra,70 cm -,,Helsinki/MAKA,2026-02-27,POINT (24.947500581938876 60.1592068676643)
Puurekisteri_piste.11451,11451,P-32001-8,,VUORIMIEHENPUISTIKKO,Puisto,MAKEDONIANMÄNTY,Pinus,peuce,20 - 30 cm,,Helsinki/MAKA,2026-02-27,POINT (24.94720977501721 60.159253816305565)
Puurekisteri_piste.11452,11452,P-53003-304,,TULLISAAREN KARTANO,Puisto,METSÄVAAHTERA,Acer,platanoides,10 - 20 cm,,Helsinki/MAKA,2026-02-27,POINT (25.03130524339703 60.178955351827014)
Puurekisteri_piste.11453,11453,P-53003-305,,TULLISAAREN KARTANO,Puisto,METSÄVAAHTERA,Acer,platanoides,50 - 70 cm,,Helsinki/MAKA,2026-02-27,POINT (25.031434874940075 60.178959713225716)
Puurekisteri_piste.11459,11459,P-54037-727,,HERTTONIEMENKARTANO,Puisto,VAAHTERA,Acer,sp.,30 - 50 cm,,Helsinki/MAKA,2026-02-27,POINT (25.044842366612333 60.18770666997556)
Puurekisteri_piste.11460,11460,P-54037-728,,HERTTONIEMENKARTANO,Puisto,VAAHTERA,Acer,sp.,50 - 70 cm,,Helsinki/MAKA,2026-02-27,POINT (25.044769203506988 60.18769715196329)
Puurekisteri_piste.11461,11461,P-42008-36,,KAIVOPUISTO (USA),Puisto,MÄNTY,Pinus,sp.,30 - 50 cm,,Helsinki/MAKA,2026-02-27,POINT (24.962241704838032 60.15701406413029)
Puurekisteri_piste.11462,11462,P-42008-37,,KAIVOPUISTO (USA),Puisto,MÄNTY,Pinus,sp.,20 - 30 cm,,Helsinki/MAKA,2026-02-27,POINT (24.962217093758277 60.15704393284867)
Puurekisteri_piste.11463,11463,P-42008-38,,KAIVOPUISTO (USA),Puisto,JALAVA,Ulmus,sp.,30 - 50 cm,,Helsinki/MAKA,2026-02-27,POINT (24.96220832576218 60.15707186509395)
Puurekisteri_piste.11464,11464,P-42008-39,,KAIVOPUISTO (USA),Puisto,LEHMUS,Tilia,sp.,70 cm -,,Helsinki/MAKA,2026-02-27,POINT (24.96213613123922 60.157064860952275)
Puurekisteri_piste.11466,11466,P-42008-41,,KAIVOPUISTO (USA),Puisto,JALAVA,Ulmus,sp.,30 - 50 cm,,Helsinki/MAKA,2026-02-27,POINT (24.962150391564823 60.15720406235231)
Puurekisteri_piste.11467,11467,P-42008-42,,KAIVOPUISTO (USA),Puisto,JALAVA,Ulmus,sp.,20 - 30 cm,,Helsinki/MAKA,2026-02-27,POINT (24.962115253112646 60.157262039766486)
Puurekisteri_piste.11517,11517,P-33016-105,,KAISANIEMENPUISTO,Puisto,PYLVÄSHAAPA,Populus,tremula,20 - 30 cm,,Helsinki/MAKA,2026-02-27,POINT (24.943474659964192 60.17303834011911)
Puurekisteri_piste.11519,11519,P-33016-107,,KAISANIEMENPUISTO,Puisto,METSÄVAAHTERA,Acer,platanoides,50 - 70 cm,,Helsinki/MAKA,2026-02-27,POINT (24.9443760886369 60.17293419422996)
Puurekisteri_piste.11520,11520,P-33016-108,,KAISANIEMENPUISTO,Puisto,PUISTOLEHMUS,Tilia,x vulgaris,20 - 30 cm,,Helsinki/MAKA,2026-02-27,POINT (24.944627060040936 60.173050614591965)
Puurekisteri_piste.11521,11521,K-7936,HEIKKILÄNTIE,,Katu,RAUDUSKOIVU,Betula,pendula,30 - 50 cm,,Helsinki/MAKA,2026-02-27,POINT (24.88457561501738 60.15673184480953)
Puurekisteri_piste.11522,11522,K-7937,HEIKKILÄNTIE,,Katu,HOPEASALAVA,Salix,alba,30 - 50 cm,,Helsinki/MAKA,2026-02-27,POINT (24.884465415480694 60.15665456994522)
Puurekisteri_piste.11523,11523,K-7938,SANTAKATU,,Katu,METSÄVAAHTERA,Acer,platanoides,10 - 20 cm,,Helsinki/MAKA,2026-02-27,POINT (24.919886068833076 60.16265409028335)
Puurekisteri_piste.11524,11524,K-7939,SANTAKATU,,Katu,METSÄVAAHTERA,Acer,platanoides,10 - 20 cm,,Helsinki/MAKA,2026-02-27,POINT (24.92002834300237 60.16266198925876)
Puurekisteri_piste.25349,25349,K-43933,KORVATUNTURINPOLKU,,Katu,SUOMENPIHLAJA,Sorbus,hybrida,10 - 20 cm,,Helsinki/MAKA,2026-02-27,POINT (25.111811748276942 60.240245827534295)
Puurekisteri_piste.25350,25350,K-43934,KORVATUNTURINPOLKU,,Katu,SUOMENPIHLAJA,Sorbus,hybrida,10 - 20 cm,,Helsinki/MAKA,2026-02-27,POINT (25.111818053636107 60.240305593735606)
Puurekisteri_piste.25352,25352,K-43936,KORVATUNTURINPOLKU,,Katu,METSÄTAMMI,Quercus,robur,10 - 20 cm,,Helsinki/MAKA,2026-02-27,POINT (25.111820737869365 60.2401776025449)
Puurekisteri_piste.25353,25353,K-43937,KORVATUNTURINPOLKU,,Katu,METSÄTAMMI,Quercus,robur,10 - 20 cm,,Helsinki/MAKA,2026-02-27,POINT (25.111806017171006 60.240129695812946)
Puurekisteri_piste.25354,25354,K-43938,KORVATUNTURINPOLKU,,Katu,METSÄTAMMI,Quercus,robur,10 - 20 cm,,Helsinki/MAKA,2026-02-27,POINT (25.111799026391548 60.24007621328277)
Puurekisteri_piste.25355,25355,K-43939,KORVATUNTURINPOLKU,,Katu,METSÄTAMMI,Quercus,robur,10 - 20 cm,,Helsinki/MAKA,2026-02-27,POINT (25.111803267469735 60.240029535783194)
Puurekisteri_piste.25357,25357,K-43941,KORVATUNTURINPOLKU,,Katu,METSÄTAMMI,Quercus,robur,10 - 20 cm,,Helsinki/MAKA,2026-02-27,POINT (25.111773806807825 60.23986838237802)
Puurekisteri_piste.25358,25358,K-43942,KORVATUNTURINPOLKU,,Katu,METSÄTAMMI,Quercus,robur,10 - 20 cm,,Helsinki/MAKA,2026-02-27,POINT (25.111770257972424 60.23981695920367)
Puurekisteri_piste.25360,25360,K-43944,KORVATUNTURINPOLKU,,Katu,METSÄTAMMI,Quercus,robur,10 - 20 cm,,Helsinki/MAKA,2026-02-27,POINT (25.11187721761684 60.239739976858914)
Puurekisteri_piste.25361,25361,K-43945,KORVATUNTURINPOLKU,,Katu,METSÄTAMMI,Quercus,robur,10 - 20 cm,,Helsinki/MAKA,2026-02-27,POINT (25.1119435272089 60.23968827352397)
Puurekisteri_piste.25362,25362,K-43946,KORVATUNTURINPOLKU,,Katu,METSÄTAMMI,Quercus,robur,10 - 20 cm,,Helsinki/MAKA,2026-02-27,POINT (25.112017330515712 60.239714374927956)
Puurekisteri_piste.25364,25364,K-44114,KONTULANKAARI,,Katu,LEHTIKUUSI,Larix,sp.,10 - 20 cm,,Helsinki/MAKA,2026-02-27,POINT (25.076530053660303 60.238632780825455)
Puurekisteri_piste.25365,25365,K-44115,KONTULANKAARI,,Katu,LEHTIKUUSI,Larix,sp.,10 - 20 cm,,Helsinki/MAKA,2026-02-27,POINT (25.07644176380328 60.23866663145207)
Puurekisteri_piste.25366,25366,K-44116,KONTULANKAARI,,Katu,LEHTIKUUSI,Larix,sp.,10 - 20 cm,,Helsinki/MAKA,2026-02-27,POINT (25.07636067760149 60.23869697321775)
Puurekisteri_piste.25367,25367,K-44117,KONTULANKAARI,,Katu,LEHTIKUUSI,Larix,sp.,20 - 30 cm,,Helsinki/MAKA,2026-02-27,POINT (25.07627543436228 60.238726242784736)
Puurekisteri_piste.25368,25368,K-44118,KONTULANKAARI,,Katu,LEHTIKUUSI,Larix,sp.,10 - 20 cm,,Helsinki/MAKA,2026-02-27,POINT (25.076178301938327 60.23876073186805)
Puurekisteri_piste.25369,25369,K-44119,KONTULANKAARI,,Katu,LEHTIKUUSI,Larix,sp.,10 - 20 cm,,Helsinki/MAKA,2026-02-27,POINT (25.076095411824145 60.238791434597275)
Puurekisteri_piste.25370,25370,K-44120,KONTULANKAARI,,Katu,LEHTIKUUSI,Larix,sp.,10 - 20 cm,,Helsinki/MAKA,2026-02-27,POINT (25.07600964656757 60.238824922975226)
Puurekisteri_piste.25372,25372,K-44122,KONTULANKAARI,,Katu,LEHTIKUUSI,Larix,sp.,20 - 30 cm,,Helsinki/MAKA,2026-02-27,POINT (25.07584189436136 60.23888938206416)
Puurekisteri_piste.25373,25373,K-44123,KONTULANKAARI,,Katu,LEHTIKUUSI,Larix,sp.,20 - 30 cm,,Helsinki/MAKA,2026-02-27,POINT (25.075768733006004 60.2389162138588)
Puurekisteri_piste.25374,25374,K-44124,KONTULANKAARI,,Katu,LEHTIKUUSI,Larix,sp.,20 - 30 cm,,Helsinki/MAKA,2026-02-27,POINT (25.07567901319503 60.238953386487836)
Puurekisteri_piste.25375,25375,K-44125,KONTULANKAARI,,Katu,LEHTIKUUSI,Larix,sp.,20 - 30 cm,,Helsinki/MAKA,2026-02-27,POINT (25.07558366849484 60.23898446245967)
Puurekisteri_piste.25376,25376,K-44126,KONTULANKAARI,,Katu,LEHTIKUUSI,Larix,sp.,20 - 30 cm,,Helsinki/MAKA,2026-02-27,POINT (25.075499917896742 60.23902432058241)
Puurekisteri_piste.25377,25377,K-44127,KONTULANKAARI,,Katu,LEHTIKUUSI,Larix,sp.,20 - 30 cm,,Helsinki/MAKA,2026-02-27,POINT (25.0754161611748 60.23906292212472)
Puurekisteri_piste.25378,25378,K-44128,KONTULANKAARI,,Katu,LEHTIKUUSI,Larix,sp.,20 - 30 cm,,Helsinki/MAKA,2026-02-27,POINT (25.075350623800855 60.23909889955306)
Puurekisteri_piste.25379,25379,K-39434,KALLVIKINTIE,,Katu,PUISTOLEHMUS,Tilia,x vulgaris,0 - 10 cm,,Helsinki/MAKA,2026-02-27,POINT (25.135740294714125 60.20816012840119)
Puurekisteri_piste.26125,26125,K-41175,KAUPPAKARTANONKATU,,Katu,PUISTOLEHMUS,Tilia,x vulgaris,20 - 30 cm,,Helsinki/MAKA,2026-02-27,POINT (25.085666201186285 60.208785025651686)
Puurekisteri_piste.26126,26126,K-41176,KAUPPAKARTANONKATU,,Katu,PUISTOLEHMUS,Tilia,x vulgaris,20 - 30 cm,,Helsinki/MAKA,2026-02-27,POINT (25.08555212773986 60.208766319392346)
Puurekisteri_piste.26127,26127,K-41177,KAUPPAKARTANONKATU,,Katu,PUISTOLEHMUS,Tilia,x vulgaris,20 - 30 cm,,Helsinki/MAKA,2026-02-27,POINT (25.085435037418524 60.20872140888398)
Puurekisteri_piste.26128,26128,K-41178,KAUPPAKARTANONKATU,,Katu,PUISTOLEHMUS,Tilia,x vulgaris,20 - 30 cm,,Helsinki/MAKA,2026-02-27,POINT (25.085334255026893 60.208691736056046)
Puurekisteri_piste.26129,26129,K-41179,KAUPPAKARTANONKATU,,Katu,PUISTOLEHMUS,Tilia,x vulgaris,20 - 30 cm,,Helsinki/MAKA,2026-02-27,POINT (25.08521673167442 60.20866827687064)
Puurekisteri_piste.26130,26130,K-41180,KAUPPAKARTANONKATU,,Katu,PUISTOLEHMUS,Tilia,x vulgaris,20 - 30 cm,,Helsinki/MAKA,2026-02-27,POINT (25.085119172934785 60.20863402246539)
Puurekisteri_piste.26131,26131,K-41181,KAUPPAKARTANONKATU,,Katu,PUISTOLEHMUS,Tilia,x vulgaris,20 - 30 cm,,Helsinki/MAKA,2026-02-27,POINT (25.084989159000806 60.20860115450717)
Puurekisteri_piste.26133,26133,K-41183,KAUPPAKARTANONKATU,,Katu,PUISTOLEHMUS,Tilia,x vulgaris,20 - 30 cm,,Helsinki/MAKA,2026-02-27,POINT (25.084283180776684 60.20839954450287)
Puurekisteri_piste.26134,26134,K-42522,KUKKANIITYNTIE,,Katu,PUISTOLEHMUS,Tilia,x vulgaris,20 - 30 cm,,Helsinki/MAKA,2026-02-27,POINT (25.09452520392211 60.2177078111634)
Puurekisteri_piste.25266,25266,K-42822,KONTULANTIE,,Katu,METSÄVAAHTERA,Acer,platanoides,10 - 20 cm,,Helsinki/MAKA,2026-02-27,POINT (25.08161574694107 60.234504192780534)
Puurekisteri_piste.25267,25267,K-42823,KONTULANTIE,,Katu,METSÄVAAHTERA,Acer,platanoides,10 - 20 cm,,Helsinki/MAKA,2026-02-27,POINT (25.08165297011205 60.23454965222876)
Puurekisteri_piste.25271,25271,K-42516,KUKKANIITYNTIE,,Katu,PUISTOLEHMUS,Tilia,x vulgaris,70 cm -,,Helsinki/MAKA,2026-02-27,POINT (25.095230914704803 60.21726664621895)
Puurekisteri_piste.25272,25272,K-42517,KUKKANIITYNTIE,,Katu,PUISTOLEHMUS,Tilia,x vulgaris,20 - 30 cm,,Helsinki/MAKA,2026-02-27,POINT (25.095110074107147 60.217338966546656)
Puurekisteri_piste.25273,25273,K-42518,KUKKANIITYNTIE,,Katu,PUISTOLEHMUS,Tilia,x vulgaris,20 - 30 cm,,Helsinki/MAKA,2026-02-27,POINT (25.095004775899298 60.21741674126484)
Puurekisteri_piste.25548,25548,K-34411,KOSKELANTIE,,Katu,PUISTOLEHMUS,Tilia,x vulgaris,50 - 70 cm,,Helsinki/MAKA,2026-02-27,POINT (24.963326119758733 60.21475684140527)
Puurekisteri_piste.25550,25550,K-34415,KOSKELANTIE,,Katu,PUISTOLEHMUS,Tilia,x vulgaris,50 - 70 cm,,Helsinki/MAKA,2026-02-27,POINT (24.963635759402546 60.21483940363502)
Puurekisteri_piste.25551,25551,K-34417,KOSKELANTIE,,Katu,PUISTOLEHMUS,Tilia,x vulgaris,50 - 70 cm,,Helsinki/MAKA,2026-02-27,POINT (24.96378102361115 60.21488369429878)
Puurekisteri_piste.25552,25552,K-34419,KOSKELANTIE,,Katu,PUISTOLEHMUS,Tilia,x vulgaris,50 - 70 cm,,Helsinki/MAKA,2026-02-27,POINT (24.9639394458195 60.21492026178229)
Puurekisteri_piste.25553,25553,K-34421,KOSKELANTIE,,Katu,PUISTOLEHMUS,Tilia,x vulgaris,50 - 70 cm,,Helsinki/MAKA,2026-02-27,POINT (24.96409625526678 60.21496463808931)
Puurekisteri_piste.25554,25554,K-34423,KOSKELANTIE,,Katu,PUISTOLEHMUS,Tilia,x vulgaris,50 - 70 cm,,Helsinki/MAKA,2026-02-27,POINT (24.964260447301584 60.2149988697234)
Puurekisteri_piste.25558,25558,K-42521,KUKKANIITYNTIE,,Katu,PUISTOLEHMUS,Tilia,x vulgaris,30 - 50 cm,,Helsinki/MAKA,2026-02-27,POINT (25.09467395366916 60.217625133180846)
Puurekisteri_piste.25559,25559,P-99101-16,,SUOMENLINNA,Puisto,METSÄVAAHTERA,Acer,platanoides,30 - 50 cm,,Helsinki/MAKA,2026-02-27,POINT (24.988782704575225 60.149091213921174)
Puurekisteri_piste.25561,25561,K-42029,MANNERHEIMINTIE,,Katu,RUOTSINPIHLAJA,Sorbus,intermedia,30 - 50 cm,,Helsinki/MAKA,2026-02-27,POINT (24.90018735800463 60.19957309775604)
Puurekisteri_piste.25565,25565,K-42033,MANNERHEIMINTIE,,Katu,RUOTSINPIHLAJA,Sorbus,intermedia,30 - 50 cm,,Helsinki/MAKA,2026-02-27,POINT (24.89994684988458 60.199848512047794)
Puurekisteri_piste.25566,25566,K-42034,MANNERHEIMINTIE,,Katu,RUOTSINPIHLAJA,Sorbus,intermedia,30 - 50 cm,,Helsinki/MAKA,2026-02-27,POINT (24.899883700777796 60.199919676216034)
Puurekisteri_piste.25567,25567,K-42035,MANNERHEIMINTIE,,Katu,RUOTSINPIHLAJA,Sorbus,intermedia,30 - 50 cm,,Helsinki/MAKA,2026-02-27,POINT (24.89982398075863 60.199985006956105)
Puurekisteri_piste.25568,25568,K-42036,MANNERHEIMINTIE,,Katu,RUOTSINPIHLAJA,Sorbus,intermedia,30 - 50 cm,,Helsinki/MAKA,2026-02-27,POINT (24.899768406360604 60.20005195387022)
Puurekisteri_piste.25571,25571,K-42039,MANNERHEIMINTIE,,Katu,METSÄTAMMI,Quercus,robur,10 - 20 cm,,Helsinki/MAKA,2026-02-27,POINT (24.900147251131976 60.20028240847625)
Puurekisteri_piste.25573,25573,K-42041,MANNERHEIMINTIE,,Katu,METSÄTAMMI,Quercus,robur,10 - 20 cm,,Helsinki/MAKA,2026-02-27,POINT (24.900272471080033 60.20013433551453)
Puurekisteri_piste.25574,25574,K-41923,SUOLAKIVENKATU,,Katu,PUISTOLEHMUS,Tilia,x vulgaris,0 - 10 cm,,Helsinki/MAKA,2026-02-27,POINT (25.025694802309975 60.18983881586156)
Puurekisteri_piste.25575,25575,K-41924,SUOLAKIVENKATU,,Katu,PUISTOLEHMUS,Tilia,x vulgaris,0 - 10 cm,,Helsinki/MAKA,2026-02-27,POINT (25.025745400317653 60.18976670398051)
Puurekisteri_piste.25576,25576,K-41925,SUOLAKIVENKATU,,Katu,PUISTOLEHMUS,Tilia,x vulgaris,10 - 20 cm,,Helsinki/MAKA,2026-02-27,POINT (25.02579473668059 60.18969468282384)
Puurekisteri_piste.25577,25577,K-41926,SUOLAKIVENKATU,,Katu,PUISTOLEHMUS,Tilia,x vulgaris,0 - 10 cm,,Helsinki/MAKA,2026-02-27,POINT (25.025852372290498 60.18962525791842)
Puurekisteri_piste.11403,11403,P-43067-125,,TERVASAARI,Puisto,LEPPÄ,Alnus,sp.,20 - 30 cm,,Helsinki/MAKA,2026-02-27,POINT (24.9693855578334 60.17416116136156)
Puurekisteri_piste.11404,11404,P-43001-277,,LAIVASTOPUISTO,Puisto,METSÄVAAHTERA,Acer,platanoides,10 - 20 cm,,Helsinki/MAKA,2026-02-27,POINT (24.979148513679494 60.16728759569439)
Puurekisteri_piste.11406,11406,P-33016-373,,KAISANIEMENPUISTO,Puisto,METSÄVAAHTERA,Acer,platanoides,30 - 50 cm,,Helsinki/MAKA,2026-02-27,POINT (24.948272941626556 60.173473115206654)
Puurekisteri_piste.11407,11407,K-7940,SANTAKATU,,Katu,METSÄVAAHTERA,Acer,platanoides,10 - 20 cm,,Helsinki/MAKA,2026-02-27,POINT (24.920052656550755 60.16260930411672)
Puurekisteri_piste.11408,11408,K-7941,SANTAKATU,,Katu,METSÄVAAHTERA,Acer,platanoides,10 - 20 cm,,Helsinki/MAKA,2026-02-27,POINT (24.920045813898508 60.16255401601041)
Puurekisteri_piste.11413,11413,P-33054-118,,HESPERIAN ESPLANADI,Puisto,VUORIJALAVA,Ulmus,glabra,30 - 50 cm,,Helsinki/MAKA,2026-02-27,POINT (24.91827505434541 60.17616448383497)
Puurekisteri_piste.11417,11417,K-7904,VATTUNIEMENKATU,,Katu,PUISTOLEHMUS,Tilia,x vulgaris,20 - 30 cm,,Helsinki/MAKA,2026-02-27,POINT (24.884808628627194 60.153526544789514)
Puurekisteri_piste.11418,11418,K-7905,VATTUNIEMENKATU,,Katu,RAUDUSKOIVU,Betula,pendula,30 - 50 cm,,Helsinki/MAKA,2026-02-27,POINT (24.88463409183608 60.153924285042855)
Puurekisteri_piste.11369,11369,P-32028-145,,TEHTAANPUISTO,Puisto,PUISTOLEHMUS,Tilia,x vulgaris,30 - 50 cm,,Helsinki/MAKA,2026-02-27,POINT (24.93790617470043 60.15825557598874)
Puurekisteri_piste.11372,11372,P-44017-212,,KATRI VALAN PUISTO,Puisto,KOTIPIHLAJA,Sorbus,aucuparia,10 - 20 cm,,Helsinki/MAKA,2026-02-27,POINT (24.963462599294207 60.18593988901724)
Puurekisteri_piste.11374,11374,P-33016-293,,KAISANIEMENPUISTO,Puisto,RAUDUSKOIVU,Betula,pendula,30 - 50 cm,,Helsinki/MAKA,2026-02-27,POINT (24.94769291265331 60.173997838305134)
Puurekisteri_piste.11375,11375,P-33016-294,,KAISANIEMENPUISTO,Puisto,METSÄVAAHTERA,Acer,platanoides,20 - 30 cm,,Helsinki/MAKA,2026-02-27,POINT (24.94717602652672 60.17403341523756)
Puurekisteri_piste.11376,11376,K-3326,LINNANKOSKENKATU,,Katu,PUISTOLEHMUS,Tilia,x vulgaris,30 - 50 cm,,Helsinki/MAKA,2026-02-27,POINT (24.917217500957605 60.1852227760523)
Puurekisteri_piste.11377,11377,K-3328,LINNANKOSKENKATU,,Katu,PUISTOLEHMUS,Tilia,x vulgaris,50 - 70 cm,,Helsinki/MAKA,2026-02-27,POINT (24.917497877002607 60.1852536494275)
Puurekisteri_piste.11378,11378,K-9079,HERNESAARENRANTA,,Katu,PUISTOLEHMUS,Tilia,x vulgaris,10 - 20 cm,,Helsinki/MAKA,2026-02-27,POINT (24.931067151651504 60.15343186945419)
Puurekisteri_piste.11381,11381,K-9739,OULUNKYLÄNTIE,,Katu,METSÄVAAHTERA,Acer,platanoides,20 - 30 cm,,Helsinki/MAKA,2026-02-27,POINT (24.965475258977403 60.2228861072965)
Puurekisteri_piste.11382,11382,K-9741,OULUNKYLÄNTIE,,Katu,METSÄVAAHTERA,Acer,platanoides,20 - 30 cm,,Helsinki/MAKA,2026-02-27,POINT (24.96562973708516 60.223043211803244)
Puurekisteri_piste.11383,11383,K-6964,BULEVARDI,,Katu,PUISTOLEHMUS,Tilia,x vulgaris,30 - 50 cm,,Helsinki/MAKA,2026-02-27,POINT (24.933586403213553 60.163211181983705)
Puurekisteri_piste.11384,11384,K-6965,BULEVARDI,,Katu,PUISTOLEHMUS,Tilia,x vulgaris,30 - 50 cm,,Helsinki/MAKA,2026-02-27,POINT (24.933453292898342 60.16316371543014)
Puurekisteri_piste.11385,11385,K-6966,BULEVARDI,,Katu,PUISTOLEHMUS,Tilia,x vulgaris,30 - 50 cm,,Helsinki/MAKA,2026-02-27,POINT (24.933307397738048 60.16312046838269)
Puurekisteri_piste.11386,11386,K-6967,BULEVARDI,,Katu,PUISTOLEHMUS,Tilia,x vulgaris,30 - 50 cm,,Helsinki/MAKA,2026-02-27,POINT (24.933175365067278 60.16306330808388)
Puurekisteri_piste.11387,11387,K-6968,MESSIPOJANKUJA,,Katu,PUISTOLEHMUS,Tilia,x vulgaris,10 - 20 cm,,Helsinki/MAKA,2026-02-27,POINT (24.910491425324444 60.15984173383546)
Puurekisteri_piste.11388,11388,K-9711,OULUNKYLÄNTIE,,Katu,METSÄVAAHTERA,Acer,platanoides,20 - 30 cm,,Helsinki/MAKA,2026-02-27,POINT (24.964052587609107 60.22163883969226)
Puurekisteri_piste.11389,11389,K-3546,SIBELIUKSENKATU,,Katu,PUISTOLEHMUS,Tilia,x vulgaris,30 - 50 cm,,Helsinki/MAKA,2026-02-27,POINT (24.91757883072082 60.18094065572166)
Puurekisteri_piste.11390,11390,K-3547,SIBELIUKSENKATU,,Katu,PUISTOLEHMUS,Tilia,x vulgaris,30 - 50 cm,,Helsinki/MAKA,2026-02-27,POINT (24.91770298109604 60.18097916259049)
Puurekisteri_piste.11391,11391,P-44017-43,,KATRI VALAN PUISTO,Puisto,HEVOSKASTANJA,Aesculus,hippocastanum,70 cm -,,Helsinki/MAKA,2026-02-27,POINT (24.964786532364684 60.186735265569354)
Puurekisteri_piste.11392,11392,P-34019-172,,ALPPIPUISTO (ETELÄ),Puisto,VUORIJALAVA,Ulmus,glabra,10 - 20 cm,,Helsinki/MAKA,2026-02-27,POINT (24.939700826374178 60.18691166084991)
Puurekisteri_piste.11393,11393,P-42003-105,,MYLLYRINNE,Puisto,METSÄVAAHTERA,Acer,platanoides,0 - 10 cm,,Helsinki/MAKA,2026-02-27,POINT (24.959946195856183 60.15975247209742)
Puurekisteri_piste.11394,11394,P-42003-106,,MYLLYRINNE,Puisto,METSÄVAAHTERA,Acer,platanoides,0 - 10 cm,,Helsinki/MAKA,2026-02-27,POINT (24.95996095644845 60.15975363002016)
Puurekisteri_piste.11396,11396,P-44017-88,,KATRI VALAN PUISTO,Puisto,VUORIJALAVA,Ulmus,glabra,20 - 30 cm,,Helsinki/MAKA,2026-02-27,POINT (24.963276821333853 60.18585646329252)
Puurekisteri_piste.11397,11397,P-42003-47,,MYLLYRINNE,Puisto,LEHMUS,Tilia,sp.,30 - 50 cm,,Helsinki/MAKA,2026-02-27,POINT (24.95744923939378 60.1600573377399)
Puurekisteri_piste.11398,11398,P-42003-48,,MYLLYRINNE,Puisto,METSÄVAAHTERA,Acer,platanoides,70 cm -,,Helsinki/MAKA,2026-02-27,POINT (24.957513668720043 60.16001910637566)
Puurekisteri_piste.11399,11399,P-53003-895,,TULLISAAREN KARTANO,Puisto,RAUDUSKOIVU,Betula,pendula,50 - 70 cm,,Helsinki/MAKA,2026-02-27,POINT (25.029346306189243 60.18072908895844)
Puurekisteri_piste.11401,11401,P-33101-105,,LASTENLEHTO,Puisto,METSÄVAAHTERA,Acer,platanoides,30 - 50 cm,,Helsinki/MAKA,2026-02-27,POINT (24.92955008724577 60.166552172346414)
Puurekisteri_piste.25898,25898,K-39208,HIEKKALAITURINTIE,,Katu,RAUDUSKOIVU,Betula,pendula,0 - 10 cm,,Helsinki/MAKA,2026-02-27,POINT (25.14567235523116 60.20033376856823)
Puurekisteri_piste.25900,25900,P-34042-86,,VAUHTIPUISTO,Puisto,LEHTIKUUSI,Larix,sp.,70 cm -,,Helsinki/MAKA,2026-02-27,POINT (24.933392424446566 60.186188717075275)
Puurekisteri_piste.25901,25901,P-34042-87,,VAUHTIPUISTO,Puisto,LEHTIKUUSI,Larix,sp.,50 - 70 cm,,Helsinki/MAKA,2026-02-27,POINT (24.933205583240053 60.18614244178327)
Puurekisteri_piste.25902,25902,P-34042-88,,VAUHTIPUISTO,Puisto,METSÄVAAHTERA,Acer,platanoides,30 - 50 cm,,Helsinki/MAKA,2026-02-27,POINT (24.93297186260369 60.18612836433899)
Puurekisteri_piste.25903,25903,P-34042-89,,VAUHTIPUISTO,Puisto,METSÄVAAHTERA,Acer,platanoides,50 - 70 cm,,Helsinki/MAKA,2026-02-27,POINT (24.932955403794324 60.186117177097394)
Puurekisteri_piste.25904,25904,P-34042-90,,VAUHTIPUISTO,Puisto,METSÄTAMMI,Quercus,robur,70 cm -,,Helsinki/MAKA,2026-02-27,POINT (24.93299354493784 60.18604158801774)
Puurekisteri_piste.25905,25905,P-34042-91,,VAUHTIPUISTO,Puisto,LEHTIKUUSI,Larix,sp.,70 cm -,,Helsinki/MAKA,2026-02-27,POINT (24.933036569811534 60.185959564850094)
Puurekisteri_piste.25907,25907,P-34042-93,,VAUHTIPUISTO,Puisto,VUORIJALAVA,Ulmus,glabra,70 cm -,,Helsinki/MAKA,2026-02-27,POINT (24.9328924152678 60.185825276202706)
Puurekisteri_piste.25909,25909,P-34042-96,,VAUHTIPUISTO,Puisto,LEHTOSAARNI,Fraxinus,excelsior,50 - 70 cm,,Helsinki/MAKA,2026-02-27,POINT (24.933273065447267 60.185744482245596)
Puurekisteri_piste.25910,25910,K-41604,MERIPELLONTIE,,Katu,VUORIJALAVA,Ulmus,glabra,0 - 10 cm,,Helsinki/MAKA,2026-02-27,POINT (25.105264247767437 60.20828045289374)
Puurekisteri_piste.25911,25911,K-41605,MERIPELLONTIE,,Katu,VUORIJALAVA,Ulmus,glabra,0 - 10 cm,,Helsinki/MAKA,2026-02-27,POINT (25.102973349942257 60.20802432503851)
Puurekisteri_piste.11468,11468,K-3340,LINNANKOSKENKATU,,Katu,PUISTOLEHMUS,Tilia,x vulgaris,50 - 70 cm,,Helsinki/MAKA,2026-02-27,POINT (24.920041107486608 60.18541775321385)
Puurekisteri_piste.11470,11470,K-5509,POHJOISRANTA,,Katu,PUISTOLEHMUS,Tilia,x vulgaris,10 - 20 cm,,Helsinki/MAKA,2026-02-27,POINT (24.96128193202652 60.17283601548021)
Puurekisteri_piste.11472,11472,K-5510,POHJOISRANTA,,Katu,PUISTOLEHMUS,Tilia,x vulgaris,10 - 20 cm,,Helsinki/MAKA,2026-02-27,POINT (24.961225605934114 60.17273936847282)
Puurekisteri_piste.11473,11473,K-5511,POHJOISRANTA,,Katu,PUISTOLEHMUS,Tilia,x vulgaris,10 - 20 cm,,Helsinki/MAKA,2026-02-27,POINT (24.961188917592974 60.172643702722084)
Puurekisteri_piste.11474,11474,K-5512,POHJOISRANTA,,Katu,PUISTOLEHMUS,Tilia,x vulgaris,10 - 20 cm,,Helsinki/MAKA,2026-02-27,POINT (24.961143047003336 60.17255216841711)
Puurekisteri_piste.11475,11475,K-5513,POHJOISRANTA,,Katu,PUISTOLEHMUS,Tilia,x vulgaris,10 - 20 cm,,Helsinki/MAKA,2026-02-27,POINT (24.961085817753464 60.17245282902487)
Puurekisteri_piste.11477,11477,P-33016-196,,KAISANIEMENPUISTO,Puisto,HEVOSKASTANJA,Aesculus,hippocastanum,50 - 70 cm,,Helsinki/MAKA,2026-02-27,POINT (24.94237020183385 60.1763215827595)
Puurekisteri_piste.11478,11478,P-33016-197,,KAISANIEMENPUISTO,Puisto,HEVOSKASTANJA,Aesculus,hippocastanum,30 - 50 cm,,Helsinki/MAKA,2026-02-27,POINT (24.942444772311717 60.1763058771386)
Puurekisteri_piste.11479,11479,K-5711,KAISANIEMENRANTA,,Katu,PUISTOLEHMUS,Tilia,x vulgaris,50 - 70 cm,,Helsinki/MAKA,2026-02-27,POINT (24.945680119224782 60.176112746051764)
Puurekisteri_piste.11482,11482,P-32001-9,,VUORIMIEHENPUISTIKKO,Puisto,MAKEDONIANMÄNTY,Pinus,peuce,20 - 30 cm,,Helsinki/MAKA,2026-02-27,POINT (24.94727624065602 60.159260208633036)
Puurekisteri_piste.11483,11483,P-32001-10,,VUORIMIEHENPUISTIKKO,Puisto,MAKEDONIANMÄNTY,Pinus,peuce,10 - 20 cm,,Helsinki/MAKA,2026-02-27,POINT (24.947321470713355 60.15927633091019)
Puurekisteri_piste.11485,11485,P-53003-1487,,TULLISAAREN KARTANO,Puisto,VUORIJALAVA,Ulmus,glabra,50 - 70 cm,,Helsinki/MAKA,2026-02-27,POINT (25.03601224596815 60.18051723675774)
Puurekisteri_piste.11486,11486,P-32002-10,,KAPTEENINPUISTIKKO,Puisto,PUISTOLEHMUS,Tilia,x vulgaris,50 - 70 cm,,Helsinki/MAKA,2026-02-27,POINT (24.945238556050125 60.15749702513855)
Puurekisteri_piste.11487,11487,P-53003-1161,,TULLISAAREN KARTANO,Puisto,METSÄVAAHTERA,Acer,platanoides,30 - 50 cm,,Helsinki/MAKA,2026-02-27,POINT (25.033837684857126 60.18123677193352)
Puurekisteri_piste.11488,11488,K-4951,HOPEASALMENRANTA,,Katu,METSÄVAAHTERA,Acer,platanoides,30 - 50 cm,,Helsinki/MAKA,2026-02-27,POINT (24.995207961206965 60.18508137391739)
Puurekisteri_piste.11492,11492,P-32001-26,,VUORIMIEHENPUISTIKKO,Puisto,PUISTOLEHMUS,Tilia,x vulgaris,30 - 50 cm,,Helsinki/MAKA,2026-02-27,POINT (24.948572796457604 60.159206670666826)
Puurekisteri_piste.11493,11493,P-32001-27,,VUORIMIEHENPUISTIKKO,Puisto,VUORIJALAVA,Ulmus,glabra,50 - 70 cm,,Helsinki/MAKA,2026-02-27,POINT (24.948607669149393 60.15914876245197)
Puurekisteri_piste.11494,11494,P-32001-28,,VUORIMIEHENPUISTIKKO,Puisto,PUISTOLEHMUS,Tilia,x vulgaris,20 - 30 cm,,Helsinki/MAKA,2026-02-27,POINT (24.94863578357421 60.159088792226065)
Puurekisteri_piste.11495,11495,P-43067-330,,TERVASAARI,Puisto,TERVALEPPÄ,Alnus,glutinosa,0 - 10 cm,,Helsinki/MAKA,2026-02-27,POINT (24.968828141733514 60.17292908786836)
Puurekisteri_piste.11496,11496,P-43067-331,,TERVASAARI,Puisto,TERVALEPPÄ,Alnus,glutinosa,0 - 10 cm,,Helsinki/MAKA,2026-02-27,POINT (24.968842688674137 60.172957202278695)
Puurekisteri_piste.11497,11497,K-5723,KAISANIEMENRANTA,,Katu,PUISTOLEHMUS,Tilia,x vulgaris,50 - 70 cm,,Helsinki/MAKA,2026-02-27,POINT (24.949177787558366 60.175879658998475)
Puurekisteri_piste.11498,11498,K-5724,KAISANIEMENRANTA,,Katu,PUISTOLEHMUS,Tilia,x vulgaris,50 - 70 cm,,Helsinki/MAKA,2026-02-27,POINT (24.94903996753241 60.175888125437865)
Puurekisteri_piste.11502,11502,K-3970,TYKISTÖNKATU,,Katu,PUISTOLEHMUS,Tilia,x vulgaris,20 - 30 cm,,Helsinki/MAKA,2026-02-27,POINT (24.925352913616383 60.17925499709846)
Puurekisteri_piste.11506,11506,K-7401,MANNERHEIMINTIE,,Katu,PUISTOLEHMUS,Tilia,x vulgaris,30 - 50 cm,,Helsinki/MAKA,2026-02-27,POINT (24.939282073970578 60.169094730343055)
Puurekisteri_piste.11509,11509,K-688,RATAMESTARINKATU,,Katu,PUISTOLEHMUS,Tilia,x vulgaris,0 - 10 cm,,Helsinki/MAKA,2026-02-27,POINT (24.938716663244517 60.201188987277895)
Puurekisteri_piste.11513,11513,K-7435,MANNERHEIMINTIE,,Katu,PUISTOLEHMUS,Tilia,x vulgaris,10 - 20 cm,,Helsinki/MAKA,2026-02-27,POINT (24.937761944563636 60.170095595524494)
Puurekisteri_piste.11514,11514,K-6661,MANNERHEIMINTIE,,Katu,PUISTOLEHMUS,Tilia,x vulgaris,50 - 70 cm,,Helsinki/MAKA,2026-02-27,POINT (24.934018399836845 60.17234309055947)
Puurekisteri_piste.11516,11516,P-33016-104,,KAISANIEMENPUISTO,Puisto,TATAARIVAAHTERA,Acer,tataricum,20 - 30 cm,,Helsinki/MAKA,2026-02-27,POINT (24.94346476270127 60.17310606962994)
Puurekisteri_piste.25915,25915,K-41609,MERIPELLONTIE,,Katu,VUORIJALAVA,Ulmus,glabra,0 - 10 cm,,Helsinki/MAKA,2026-02-27,POINT (25.102259639585068 60.20794246208452)
Puurekisteri_piste.25916,25916,K-41610,MERIPELLONTIE,,Katu,VUORIJALAVA,Ulmus,glabra,0 - 10 cm,,Helsinki/MAKA,2026-02-27,POINT (25.102079013657622 60.207923861131185)
Puurekisteri_piste.25917,25917,K-41480,VISBYNKUJA,,Katu,PUISTOLEHMUS,Tilia,x vulgaris,10 - 20 cm,,Helsinki/MAKA,2026-02-27,POINT (25.08425567150383 60.20899571805386)
Puurekisteri_piste.25918,25918,K-41481,VISBYNKUJA,,Katu,PUISTOLEHMUS,Tilia,x vulgaris,10 - 20 cm,,Helsinki/MAKA,2026-02-27,POINT (25.08420614897765 60.20904666909253)
Puurekisteri_piste.25919,25919,K-41482,VISBYNKUJA,,Katu,PUISTOLEHMUS,Tilia,x vulgaris,10 - 20 cm,,Helsinki/MAKA,2026-02-27,POINT (25.08444743986232 60.20864562407614)
Puurekisteri_piste.25921,25921,K-41484,VISBYNKUJA,,Katu,PUISTOLEHMUS,Tilia,x vulgaris,10 - 20 cm,,Helsinki/MAKA,2026-02-27,POINT (25.0843494211473 60.208736036628956)
Puurekisteri_piste.25922,25922,K-42404,RANTAKARTANONTIE,,Katu,PUISTOLEHMUS,Tilia,x vulgaris,30 - 50 cm,,Helsinki/MAKA,2026-02-27,POINT (25.105671413538044 60.21233780129606)
Puurekisteri_piste.25923,25923,K-42405,RANTAKARTANONTIE,,Katu,PUISTOLEHMUS,Tilia,x vulgaris,30 - 50 cm,,Helsinki/MAKA,2026-02-27,POINT (25.105543739448624 60.212374419042156)
Puurekisteri_piste.25924,25924,K-42406,RANTAKARTANONTIE,,Katu,PUISTOLEHMUS,Tilia,x vulgaris,30 - 50 cm,,Helsinki/MAKA,2026-02-27,POINT (25.105433966742254 60.21241908950979)
Puurekisteri_piste.25925,25925,K-42407,RANTAKARTANONTIE,,Katu,PUISTOLEHMUS,Tilia,x vulgaris,30 - 50 cm,,Helsinki/MAKA,2026-02-27,POINT (25.105284569664185 60.21247386738592)
Puurekisteri_piste.25927,25927,K-42409,RANTAKARTANONTIE,,Katu,PUISTOLEHMUS,Tilia,x vulgaris,30 - 50 cm,,Helsinki/MAKA,2026-02-27,POINT (25.10503579674093 60.21254337418835)
Puurekisteri_piste.25930,25930,K-42412,RANTAKARTANONTIE,,Katu,PUISTOLEHMUS,Tilia,x vulgaris,20 - 30 cm,,Helsinki/MAKA,2026-02-27,POINT (25.1046779241193 60.212654754958095)
Puurekisteri_piste.25931,25931,K-42413,RANTAKARTANONTIE,,Katu,PUISTOLEHMUS,Tilia,x vulgaris,30 - 50 cm,,Helsinki/MAKA,2026-02-27,POINT (25.104586650776703 60.21268575659411)
Puurekisteri_piste.25932,25932,K-42414,RANTAKARTANONTIE,,Katu,PUISTOLEHMUS,Tilia,x vulgaris,30 - 50 cm,,Helsinki/MAKA,2026-02-27,POINT (25.104461130499843 60.21272093426066)
Puurekisteri_piste.25934,25934,K-42108,MANNERHEIMINTIE,,Katu,RUOTSINPIHLAJA,Sorbus,intermedia,0 - 10 cm,,Helsinki/MAKA,2026-02-27,POINT (24.907197814466894 60.19339665801868)
Puurekisteri_piste.25935,25935,K-42109,MANNERHEIMINTIE,,Katu,RUOTSINPIHLAJA,Sorbus,intermedia,0 - 10 cm,,Helsinki/MAKA,2026-02-27,POINT (24.907324017704703 60.19334829388116)
Puurekisteri_piste.25938,25938,K-42112,MANNERHEIMINTIE,,Katu,RUOTSINPIHLAJA,Sorbus,intermedia,0 - 10 cm,,Helsinki/MAKA,2026-02-27,POINT (24.907781405233933 60.19318812987965)
Puurekisteri_piste.25939,25939,K-42113,MANNERHEIMINTIE,,Katu,RUOTSINPIHLAJA,Sorbus,intermedia,0 - 10 cm,,Helsinki/MAKA,2026-02-27,POINT (24.90797953779871 60.193121911213865)
Puurekisteri_piste.25940,25940,K-42114,MANNERHEIMINTIE,,Katu,RUOTSINPIHLAJA,Sorbus,intermedia,0 - 10 cm,,Helsinki/MAKA,2026-02-27,POINT (24.908067156818248 60.1930898777192)
Puurekisteri_piste.25941,25941,K-42115,MANNERHEIMINTIE,,Katu,RUOTSINPIHLAJA,Sorbus,intermedia,0 - 10 cm,,Helsinki/MAKA,2026-02-27,POINT (24.908173522646738 60.1930581151916)
Puurekisteri_piste.25942,25942,K-42116,MANNERHEIMINTIE,,Katu,RUOTSINPIHLAJA,Sorbus,intermedia,10 - 20 cm,,Helsinki/MAKA,2026-02-27,POINT (24.9082696172254 60.193016299286064)
Puurekisteri_piste.25943,25943,K-42117,MANNERHEIMINTIE,,Katu,RUOTSINPIHLAJA,Sorbus,intermedia,0 - 10 cm,,Helsinki/MAKA,2026-02-27,POINT (24.90855139851294 60.19292244360266)
Puurekisteri_piste.25944,25944,K-42118,MANNERHEIMINTIE,,Katu,RUOTSINPIHLAJA,Sorbus,intermedia,0 - 10 cm,,Helsinki/MAKA,2026-02-27,POINT (24.908650192671047 60.192890051724675)
Puurekisteri_piste.25945,25945,K-42119,MANNERHEIMINTIE,,Katu,RUOTSINPIHLAJA,Sorbus,intermedia,0 - 10 cm,,Helsinki/MAKA,2026-02-27,POINT (24.908882035771576 60.19280812797364)
Puurekisteri_piste.25946,25946,K-42120,MANNERHEIMINTIE,,Katu,RUOTSINPIHLAJA,Sorbus,intermedia,0 - 10 cm,,Helsinki/MAKA,2026-02-27,POINT (24.908995792098395 60.19277196754022)
Puurekisteri_piste.25950,25950,K-43367,KARPALOTIE,,Katu,METSÄVAAHTERA,Acer,platanoides,20 - 30 cm,,Helsinki/MAKA,2026-02-27,POINT (25.076613566730707 60.2320486082933)
Puurekisteri_piste.25951,25951,K-43368,KARPALOTIE,,Katu,METSÄVAAHTERA,Acer,platanoides,20 - 30 cm,,Helsinki/MAKA,2026-02-27,POINT (25.07678111462315 60.232214453763625)
Puurekisteri_piste.25953,25953,K-41314,ASIAKKAANKATU,,Katu,METSÄVAAHTERA,Acer,platanoides,10 - 20 cm,,Helsinki/MAKA,2026-02-27,POINT (25.081051645282052 60.20774928207033)
Puurekisteri_piste.25954,25954,K-41315,ASIAKKAANKATU,,Katu,METSÄVAAHTERA,Acer,platanoides,10 - 20 cm,,Helsinki/MAKA,2026-02-27,POINT (25.080987117205385 60.20779324932495)
Puurekisteri_piste.25955,25955,K-41316,ASIAKKAANKATU,,Katu,METSÄVAAHTERA,Acer,platanoides,10 - 20 cm,,Helsinki/MAKA,2026-02-27,POINT (25.08093164980196 60.2078461809007)
Puurekisteri_piste.25956,25956,K-41317,ASIAKKAANKATU,,Katu,METSÄVAAHTERA,Acer,platanoides,10 - 20 cm,,Helsinki/MAKA,2026-02-27,POINT (25.08087904929735 60.207895339362274)
Puurekisteri_piste.25957,25957,K-41318,ASIAKKAANKATU,,Katu,METSÄVAAHTERA,Acer,platanoides,10 - 20 cm,,Helsinki/MAKA,2026-02-27,POINT (25.080845373570416 60.20794223112287)
Puurekisteri_piste.25958,25958,K-41319,ASIAKKAANKATU,,Katu,METSÄVAAHTERA,Acer,platanoides,10 - 20 cm,,Helsinki/MAKA,2026-02-27,POINT (25.080795191677357 60.20796966639153)
Puurekisteri_piste.25959,25959,K-41320,ASIAKKAANKATU,,Katu,METSÄVAAHTERA,Acer,platanoides,10 - 20 cm,,Helsinki/MAKA,2026-02-27,POINT (25.080635388116253 60.20811373334483)
Puurekisteri_piste.25960,25960,K-41321,ASIAKKAANKATU,,Katu,METSÄVAAHTERA,Acer,platanoides,10 - 20 cm,,Helsinki/MAKA,2026-02-27,POINT (25.080598898296977 60.208138369685294)
Puurekisteri_piste.25961,25961,K-41322,ASIAKKAANKATU,,Katu,METSÄVAAHTERA,Acer,platanoides,10 - 20 cm,,Helsinki/MAKA,2026-02-27,POINT (25.080557612118763 60.208178000550326)
Puurekisteri_piste.25962,25962,K-41323,ASIAKKAANKATU,,Katu,METSÄVAAHTERA,Acer,platanoides,10 - 20 cm,,Helsinki/MAKA,2026-02-27,POINT (25.08051975587814 60.208218345296316)
Puurekisteri_piste.25963,25963,K-41324,ASIAKKAANKATU,,Katu,METSÄVAAHTERA,Acer,platanoides,10 - 20 cm,,Helsinki/MAKA,2026-02-27,POINT (25.08046812225622 60.208244076885315)
Puurekisteri_piste.25964,25964,K-41770,TURUNLINNANTIE,,Katu,PUISTOLEHMUS,Tilia,x vulgaris,10 - 20 cm,,Helsinki/MAKA,2026-02-27,POINT (25.08178068566246 60.21225525568312)
Puurekisteri_piste.25965,25965,K-41771,TURUNLINNANTIE,,Katu,PUISTOLEHMUS,Tilia,x vulgaris,20 - 30 cm,,Helsinki/MAKA,2026-02-27,POINT (25.081636304547633 60.2121269047304)
Puurekisteri_piste.25787,25787,K-41539,MARJANIEMENTIE,,Katu,RAUDUSKOIVU,Betula,pendula,50 - 70 cm,,Helsinki/MAKA,2026-02-27,POINT (25.085735883341876 60.20355888716084)
Puurekisteri_piste.25788,25788,K-41540,MARJANIEMENTIE,,Katu,RAUDUSKOIVU,Betula,pendula,10 - 20 cm,,Helsinki/MAKA,2026-02-27,POINT (25.075367249147057 60.207016021085515)
Puurekisteri_piste.25791,25791,K-41543,MARJANIEMENTIE,,Katu,RAUDUSKOIVU,Betula,pendula,10 - 20 cm,,Helsinki/MAKA,2026-02-27,POINT (25.07544808008694 60.20622071491168)
Puurekisteri_piste.25792,25792,K-41544,MARJANIEMENTIE,,Katu,RAUDUSKOIVU,Betula,pendula,10 - 20 cm,,Helsinki/MAKA,2026-02-27,POINT (25.075482134128222 60.20609977781591)
Puurekisteri_piste.25793,25793,K-41545,MARJANIEMENTIE,,Katu,RAUDUSKOIVU,Betula,pendula,0 - 10 cm,,Helsinki/MAKA,2026-02-27,POINT (25.075544149356343 60.20598096213477)
Puurekisteri_piste.25794,25794,K-41546,MARJANIEMENTIE,,Katu,RAUDUSKOIVU,Betula,pendula,0 - 10 cm,,Helsinki/MAKA,2026-02-27,POINT (25.075620024171442 60.20585674503789)
Puurekisteri_piste.25795,25795,K-41547,MARJANIEMENTIE,,Katu,RAUDUSKOIVU,Betula,pendula,0 - 10 cm,,Helsinki/MAKA,2026-02-27,POINT (25.075714137127363 60.205737891763626)
Puurekisteri_piste.25798,25798,P-99101-84,,SUOMENLINNA,Puisto,LEHTOSAARNI,Fraxinus,excelsior,30 - 50 cm,,Helsinki/MAKA,2026-02-27,POINT (24.986292186228628 60.14847864238982)
Puurekisteri_piste.25799,25799,P-99101-85,,SUOMENLINNA,Puisto,METSÄVAAHTERA,Acer,platanoides,30 - 50 cm,,Helsinki/MAKA,2026-02-27,POINT (24.986303098192657 60.14844803124027)
Puurekisteri_piste.25800,25800,P-99101-86,,SUOMENLINNA,Puisto,METSÄVAAHTERA,Acer,platanoides,30 - 50 cm,,Helsinki/MAKA,2026-02-27,POINT (24.986256869516293 60.14840880952873)
Puurekisteri_piste.25801,25801,P-99101-87,,SUOMENLINNA,Puisto,METSÄVAAHTERA,Acer,platanoides,20 - 30 cm,,Helsinki/MAKA,2026-02-27,POINT (24.986059125981182 60.148513433867514)
Puurekisteri_piste.25803,25803,K-44165,KONTULANKAARI,,Katu,PUISTOLEHMUS,Tilia,x vulgaris,0 - 10 cm,,Helsinki/MAKA,2026-02-27,POINT (25.083191421881548 60.24627718438794)
Puurekisteri_piste.25804,25804,K-44166,KONTULANKAARI,,Katu,PUISTOLEHMUS,Tilia,x vulgaris,0 - 10 cm,,Helsinki/MAKA,2026-02-27,POINT (25.083333915661985 60.24632107833994)
Puurekisteri_piste.25806,25806,K-44168,KONTULANKAARI,,Katu,PUISTOLEHMUS,Tilia,x vulgaris,20 - 30 cm,,Helsinki/MAKA,2026-02-27,POINT (25.083099912487082 60.24642933714551)
Puurekisteri_piste.25807,25807,K-44169,KONTULANKAARI,,Katu,PUISTOLEHMUS,Tilia,x vulgaris,20 - 30 cm,,Helsinki/MAKA,2026-02-27,POINT (25.083007798156505 60.24638645836432)
Puurekisteri_piste.25809,25809,K-44171,KONTULANKAARI,,Katu,PUISTOLEHMUS,Tilia,x vulgaris,0 - 10 cm,,Helsinki/MAKA,2026-02-27,POINT (25.082189778918746 60.246144226899496)
Puurekisteri_piste.25810,25810,K-44172,KONTULANKAARI,,Katu,PUISTOLEHMUS,Tilia,x vulgaris,0 - 10 cm,,Helsinki/MAKA,2026-02-27,POINT (25.082067443017642 60.246123553110486)
Puurekisteri_piste.25811,25811,K-44173,KONTULANKAARI,,Katu,PUISTOLEHMUS,Tilia,x vulgaris,0 - 10 cm,,Helsinki/MAKA,2026-02-27,POINT (25.08034677698499 60.24582684788686)
Puurekisteri_piste.25813,25813,K-44175,KONTULANKAARI,,Katu,PUISTOLEHMUS,Tilia,x vulgaris,0 - 10 cm,,Helsinki/MAKA,2026-02-27,POINT (25.079263980367262 60.24563338298624)
Puurekisteri_piste.25814,25814,K-44176,KONTULANKAARI,,Katu,PUISTOLEHMUS,Tilia,x vulgaris,0 - 10 cm,,Helsinki/MAKA,2026-02-27,POINT (25.079021850400245 60.245593373174415)
Puurekisteri_piste.25815,25815,K-40704,KAUPPAKARTANONKATU,,Katu,PUISTOLEHMUS,Tilia,x vulgaris,0 - 10 cm,,Helsinki/MAKA,2026-02-27,POINT (25.089242261606834 60.20986501433919)
Puurekisteri_piste.25817,25817,K-43049,REKIPELLONTIE,,Katu,VUORIJALAVA,Ulmus,glabra,10 - 20 cm,,Helsinki/MAKA,2026-02-27,POINT (25.096311975577084 60.238875987764665)
Puurekisteri_piste.25818,25818,K-43050,REKIPELLONTIE,,Katu,VUORIJALAVA,Ulmus,glabra,10 - 20 cm,,Helsinki/MAKA,2026-02-27,POINT (25.096199678199735 60.238872546225906)
Puurekisteri_piste.25819,25819,K-43051,REKIPELLONTIE,,Katu,VUORIJALAVA,Ulmus,glabra,20 - 30 cm,,Helsinki/MAKA,2026-02-27,POINT (25.094760085721056 60.23870184795037)
Puurekisteri_piste.25820,25820,K-43052,REKIPELLONTIE,,Katu,VUORIJALAVA,Ulmus,glabra,10 - 20 cm,,Helsinki/MAKA,2026-02-27,POINT (25.094652789622685 60.23868825648747)
Puurekisteri_piste.25821,25821,K-43053,REKIPELLONTIE,,Katu,VUORIJALAVA,Ulmus,glabra,10 - 20 cm,,Helsinki/MAKA,2026-02-27,POINT (25.094555785088367 60.23867510022673)
Puurekisteri_piste.25822,25822,K-43054,REKIPELLONTIE,,Katu,VUORIJALAVA,Ulmus,glabra,10 - 20 cm,,Helsinki/MAKA,2026-02-27,POINT (25.094435804963275 60.2386523704301)
Puurekisteri_piste.25824,25824,K-43056,REKIPELLONTIE,,Katu,VUORIJALAVA,Ulmus,glabra,20 - 30 cm,,Helsinki/MAKA,2026-02-27,POINT (25.09422103578046 60.238625725647815)
Puurekisteri_piste.25825,25825,K-43057,REKIPELLONTIE,,Katu,VUORIJALAVA,Ulmus,glabra,20 - 30 cm,,Helsinki/MAKA,2026-02-27,POINT (25.094108519130778 60.23861474339876)
Puurekisteri_piste.25826,25826,K-43058,REKIPELLONTIE,,Katu,VUORIJALAVA,Ulmus,glabra,20 - 30 cm,,Helsinki/MAKA,2026-02-27,POINT (25.093997583041702 60.238595411997196)
Puurekisteri_piste.25828,25828,K-43060,REKIPELLONTIE,,Katu,VUORIJALAVA,Ulmus,glabra,0 - 10 cm,,Helsinki/MAKA,2026-02-27,POINT (25.093087694136887 60.238539693955424)
Puurekisteri_piste.25829,25829,K-43061,REKIPELLONTIE,,Katu,VUORIJALAVA,Ulmus,glabra,10 - 20 cm,,Helsinki/MAKA,2026-02-27,POINT (25.092807358323544 60.23853925006478)
Puurekisteri_piste.25830,25830,K-43062,REKIPELLONTIE,,Katu,VUORIJALAVA,Ulmus,glabra,10 - 20 cm,,Helsinki/MAKA,2026-02-27,POINT (25.09269364474878 60.238540833536966)
Puurekisteri_piste.25831,25831,K-43063,REKIPELLONTIE,,Katu,VUORIJALAVA,Ulmus,glabra,30 - 50 cm,,Helsinki/MAKA,2026-02-27,POINT (25.092573249001997 60.23854179730043)
Puurekisteri_piste.25833,25833,K-42042,MANNERHEIMINTIE,,Katu,METSÄTAMMI,Quercus,robur,10 - 20 cm,,Helsinki/MAKA,2026-02-27,POINT (24.900405264778875 60.19998249397054)
Puurekisteri_piste.25834,25834,K-42043,MANNERHEIMINTIE,,Katu,METSÄTAMMI,Quercus,robur,10 - 20 cm,,Helsinki/MAKA,2026-02-27,POINT (24.900469678695142 60.19990522654721)
Puurekisteri_piste.25835,25835,K-42044,MANNERHEIMINTIE,,Katu,METSÄTAMMI,Quercus,robur,10 - 20 cm,,Helsinki/MAKA,2026-02-27,POINT (24.900537877539758 60.19982966497724)
Puurekisteri_piste.25836,25836,K-42045,MANNERHEIMINTIE,,Katu,METSÄTAMMI,Quercus,robur,0 - 10 cm,,Helsinki/MAKA,2026-02-27,POINT (24.90067102765954 60.19968060555279)
Puurekisteri_piste.25837,25837,K-42046,MANNERHEIMINTIE,,Katu,METSÄTAMMI,Quercus,robur,10 - 20 cm,,Helsinki/MAKA,2026-02-27,POINT (24.90071235813924 60.19961042501292)
Puurekisteri_piste.25838,25838,K-42047,MANNERHEIMINTIE,,Katu,METSÄTAMMI,Quercus,robur,10 - 20 cm,,Helsinki/MAKA,2026-02-27,POINT (24.900785064564314 60.199532620161385)
Puurekisteri_piste.25839,25839,K-42048,MANNERHEIMINTIE,,Katu,METSÄTAMMI,Quercus,robur,0 - 10 cm,,Helsinki/MAKA,2026-02-27,POINT (24.900849833095112 60.199462353333935)
Puurekisteri_piste.25589,25589,K-41938,SUOLAKIVENKATU,,Katu,PUISTOLEHMUS,Tilia,x vulgaris,10 - 20 cm,,Helsinki/MAKA,2026-02-27,POINT (25.028350506319413 60.18893009061353)
Puurekisteri_piste.25590,25590,K-40690,ILOTULITUSTIE,,Katu,PUISTOLEHMUS,Tilia,x vulgaris,10 - 20 cm,,Helsinki/MAKA,2026-02-27,POINT (25.074401367788315 60.20512936868117)
Puurekisteri_piste.25591,25591,K-40691,ILOTULITUSTIE,,Katu,PUISTOLEHMUS,Tilia,x vulgaris,10 - 20 cm,,Helsinki/MAKA,2026-02-27,POINT (25.074581009497635 60.20521397693467)
Puurekisteri_piste.25592,25592,K-40692,ILOTULITUSTIE,,Katu,PUISTOLEHMUS,Tilia,x vulgaris,10 - 20 cm,,Helsinki/MAKA,2026-02-27,POINT (25.074829245617725 60.20527481041611)
Puurekisteri_piste.25593,25593,K-40693,ILOTULITUSTIE,,Katu,PUISTOLEHMUS,Tilia,x vulgaris,10 - 20 cm,,Helsinki/MAKA,2026-02-27,POINT (25.075078666887006 60.20531903773563)
Puurekisteri_piste.25594,25594,K-40694,ILOTULITUSTIE,,Katu,PUISTOLEHMUS,Tilia,x vulgaris,10 - 20 cm,,Helsinki/MAKA,2026-02-27,POINT (25.075304820232432 60.20536194541784)
Puurekisteri_piste.25595,25595,K-40695,ILOTULITUSTIE,,Katu,PUISTOLEHMUS,Tilia,x vulgaris,10 - 20 cm,,Helsinki/MAKA,2026-02-27,POINT (25.07554452245348 60.20540986307001)
Puurekisteri_piste.25596,25596,K-40696,KAUPPAKARTANONKATU,,Katu,PUISTOLEHMUS,Tilia,x vulgaris,20 - 30 cm,,Helsinki/MAKA,2026-02-27,POINT (25.090081231265337 60.21013814082754)
Puurekisteri_piste.25598,25598,K-40698,KAUPPAKARTANONKATU,,Katu,PUISTOLEHMUS,Tilia,x vulgaris,20 - 30 cm,,Helsinki/MAKA,2026-02-27,POINT (25.089864174811463 60.21005072919986)
Puurekisteri_piste.25599,25599,K-40699,KAUPPAKARTANONKATU,,Katu,PUISTOLEHMUS,Tilia,x vulgaris,20 - 30 cm,,Helsinki/MAKA,2026-02-27,POINT (25.08975341594281 60.210011558625816)
Puurekisteri_piste.25600,25600,K-40700,KAUPPAKARTANONKATU,,Katu,PUISTOLEHMUS,Tilia,x vulgaris,0 - 10 cm,,Helsinki/MAKA,2026-02-27,POINT (25.089656801046463 60.20998717918616)
Puurekisteri_piste.25601,25601,K-40701,KAUPPAKARTANONKATU,,Katu,PUISTOLEHMUS,Tilia,x vulgaris,0 - 10 cm,,Helsinki/MAKA,2026-02-27,POINT (25.089553457866568 60.20995203787964)
Puurekisteri_piste.25602,25602,K-40702,KAUPPAKARTANONKATU,,Katu,PUISTOLEHMUS,Tilia,x vulgaris,10 - 20 cm,,Helsinki/MAKA,2026-02-27,POINT (25.089452878306673 60.20992820186047)
Puurekisteri_piste.25603,25603,K-40703,KAUPPAKARTANONKATU,,Katu,PUISTOLEHMUS,Tilia,x vulgaris,10 - 20 cm,,Helsinki/MAKA,2026-02-27,POINT (25.089358556819132 60.20989376694648)
Puurekisteri_piste.25604,25604,K-39450,KARAVAANIKATU,,Katu,PUISTOLEHMUS,Tilia,x vulgaris,10 - 20 cm,,Helsinki/MAKA,2026-02-27,POINT (25.12007291828365 60.206293061618)
Puurekisteri_piste.25605,25605,K-39524,MERI-RASTILAN TIE,,Katu,PUISTOLEHMUS,Tilia,x vulgaris,20 - 30 cm,,Helsinki/MAKA,2026-02-27,POINT (25.11684110109559 60.20326422402483)
Puurekisteri_piste.25606,25606,P-34020-192,,ALPPIPUISTO,Puisto,METSÄHAAPA,Populus,tremula,20 - 30 cm,,Helsinki/MAKA,2026-02-27,POINT (24.935204612741643 60.19025297890347)
Puurekisteri_piste.25607,25607,P-34020-193,,ALPPIPUISTO,Puisto,METSÄHAAPA,Populus,tremula,20 - 30 cm,,Helsinki/MAKA,2026-02-27,POINT (24.935164211836504 60.19025115450632)
Puurekisteri_piste.25608,25608,P-34020-194,,ALPPIPUISTO,Puisto,METSÄHAAPA,Populus,tremula,30 - 50 cm,,Helsinki/MAKA,2026-02-27,POINT (24.93512456357331 60.190290295975764)
Puurekisteri_piste.25609,25609,P-34020-195,,ALPPIPUISTO,Puisto,METSÄHAAPA,Populus,tremula,30 - 50 cm,,Helsinki/MAKA,2026-02-27,POINT (24.935128251992033 60.19032577501373)
Puurekisteri_piste.25610,25610,P-34020-196,,ALPPIPUISTO,Puisto,METSÄTAMMI,Quercus,robur,10 - 20 cm,,Helsinki/MAKA,2026-02-27,POINT (24.935228158913816 60.19034441817774)
Puurekisteri_piste.25611,25611,P-34020-197,,ALPPIPUISTO,Puisto,RAUDUSKOIVU,Betula,pendula,50 - 70 cm,,Helsinki/MAKA,2026-02-27,POINT (24.93530088338588 60.19035355432645)
Puurekisteri_piste.25613,25613,P-34020-199,,ALPPIPUISTO,Puisto,RAITA,Salix,caprea,30 - 50 cm,,Helsinki/MAKA,2026-02-27,POINT (24.935171609971576 60.190370028122395)
Puurekisteri_piste.25614,25614,P-34020-200,,ALPPIPUISTO,Puisto,RAITA,Salix,caprea,30 - 50 cm,,Helsinki/MAKA,2026-02-27,POINT (24.93511431911115 60.19037917858479)
Puurekisteri_piste.25615,25615,P-34023-91,,LENININPUISTO,Puisto,PUISTOLEHMUS,Tilia,x vulgaris,30 - 50 cm,,Helsinki/MAKA,2026-02-27,POINT (24.94416491310541 60.19026481608213)
Puurekisteri_piste.25616,25616,P-34023-92,,LENININPUISTO,Puisto,PUISTOLEHMUS,Tilia,x vulgaris,30 - 50 cm,,Helsinki/MAKA,2026-02-27,POINT (24.94425165936208 60.1902262335307)
Puurekisteri_piste.25617,25617,P-34023-93,,LENININPUISTO,Puisto,PUISTOLEHMUS,Tilia,x vulgaris,30 - 50 cm,,Helsinki/MAKA,2026-02-27,POINT (24.944343721340747 60.19017678511321)
Puurekisteri_piste.25619,25619,P-34023-95,,LENININPUISTO,Puisto,RAUDUSKOIVU,Betula,pendula,30 - 50 cm,,Helsinki/MAKA,2026-02-27,POINT (24.94447388414188 60.19012919283735)
Puurekisteri_piste.25620,25620,P-34023-96,,LENININPUISTO,Puisto,RAUDUSKOIVU,Betula,pendula,20 - 30 cm,,Helsinki/MAKA,2026-02-27,POINT (24.94403765147611 60.19016071595153)
Puurekisteri_piste.25621,25621,K-43947,KORVATUNTURINPOLKU,,Katu,METSÄTAMMI,Quercus,robur,10 - 20 cm,,Helsinki/MAKA,2026-02-27,POINT (25.112081725621508 60.239736810004054)
Puurekisteri_piste.25623,25623,P-33046-122,,SIBELIUKSEN PUISTO (B),Puisto,KOIVU,Betula,sp.,50 - 70 cm,,Helsinki/MAKA,2026-02-27,POINT (24.916061255667422 60.18211178185446)
Puurekisteri_piste.25627,25627,P-33046-126,,SIBELIUKSEN PUISTO (B),Puisto,KOTIPIHLAJA,Sorbus,aucuparia,10 - 20 cm,,Helsinki/MAKA,2026-02-27,POINT (24.9158248478235 60.1822119552582)
Puurekisteri_piste.25628,25628,P-33046-127,,SIBELIUKSEN PUISTO (B),Puisto,KOIVU,Betula,sp.,50 - 70 cm,,Helsinki/MAKA,2026-02-27,POINT (24.915899075499187 60.18216537896101)
Puurekisteri_piste.25629,25629,P-33046-128,,SIBELIUKSEN PUISTO (B),Puisto,KOIVU,Betula,sp.,30 - 50 cm,,Helsinki/MAKA,2026-02-27,POINT (24.915825596178088 60.18216944275484)
Puurekisteri_piste.25631,25631,P-33046-130,,SIBELIUKSEN PUISTO (B),Puisto,METSÄVAAHTERA,Acer,platanoides,50 - 70 cm,,Helsinki/MAKA,2026-02-27,POINT (24.916164810517195 60.18198716814947)
Puurekisteri_piste.25632,25632,P-33046-131,,SIBELIUKSEN PUISTO (B),Puisto,METSÄVAAHTERA,Acer,platanoides,30 - 50 cm,,Helsinki/MAKA,2026-02-27,POINT (24.916182628113834 60.18195241937242)
Puurekisteri_piste.25633,25633,P-33046-132,,SIBELIUKSEN PUISTO (B),Puisto,METSÄVAAHTERA,Acer,platanoides,50 - 70 cm,,Helsinki/MAKA,2026-02-27,POINT (24.916432010263968 60.18194133722083)
Puurekisteri_piste.25634,25634,P-33046-133,,SIBELIUKSEN PUISTO (B),Puisto,KOTIPIHLAJA,Sorbus,aucuparia,30 - 50 cm,,Helsinki/MAKA,2026-02-27,POINT (24.91639787339854 60.181905847416466)
Puurekisteri_piste.25635,25635,P-33046-134,,SIBELIUKSEN PUISTO (B),Puisto,TERVALEPPÄ,Alnus,glutinosa,30 - 50 cm,,Helsinki/MAKA,2026-02-27,POINT (24.91642904735457 60.18189475817451)
Puurekisteri_piste.25636,25636,P-33046-135,,SIBELIUKSEN PUISTO (B),Puisto,METSÄVAAHTERA,Acer,platanoides,30 - 50 cm,,Helsinki/MAKA,2026-02-27,POINT (24.91643052997103 60.181908805840536)
Puurekisteri_piste.25637,25637,P-33046-136,,SIBELIUKSEN PUISTO (B),Puisto,METSÄTAMMI,Quercus,robur,0 - 10 cm,,Helsinki/MAKA,2026-02-27,POINT (24.91663388869851 60.18195095493345)
Puurekisteri_piste.25638,25638,P-33046-137,,SIBELIUKSEN PUISTO (B),Puisto,TERVALEPPÄ,Alnus,glutinosa,30 - 50 cm,,Helsinki/MAKA,2026-02-27,POINT (24.916198968183227 60.181865916144645)
Puurekisteri_piste.11673,11673,K-7927,HEIKKILÄNTIE,,Katu,HOPEASALAVA,Salix,alba,30 - 50 cm,,Helsinki/MAKA,2026-02-27,POINT (24.883570194983797 60.15617174990556)
Puurekisteri_piste.11674,11674,K-7051,SELKÄMERENKATU,,Katu,PUISTOLEHMUS,Tilia,x vulgaris,10 - 20 cm,,Helsinki/MAKA,2026-02-27,POINT (24.917009163199452 60.160106214170035)
Puurekisteri_piste.11676,11676,K-9159,MÄKELÄNKATU,,Katu,METSÄVAAHTERA,Acer,platanoides,30 - 50 cm,,Helsinki/MAKA,2026-02-27,POINT (24.945001897360893 60.20917634060599)
Puurekisteri_piste.11678,11678,P-43001-288,,LAIVASTOPUISTO,Puisto,VUORIJALAVA,Ulmus,glabra,10 - 20 cm,,Helsinki/MAKA,2026-02-27,POINT (24.97905723625467 60.16713345045643)
Puurekisteri_piste.11679,11679,P-42003-86,,MYLLYRINNE,Puisto,METSÄVAAHTERA,Acer,platanoides,30 - 50 cm,,Helsinki/MAKA,2026-02-27,POINT (24.959479661592834 60.15970354252865)
Puurekisteri_piste.11680,11680,P-42003-87,,MYLLYRINNE,Puisto,METSÄVAAHTERA,Acer,platanoides,20 - 30 cm,,Helsinki/MAKA,2026-02-27,POINT (24.959492104746452 60.15972924696014)
Puurekisteri_piste.11681,11681,P-42003-88,,MYLLYRINNE,Puisto,METSÄVAAHTERA,Acer,platanoides,30 - 50 cm,,Helsinki/MAKA,2026-02-27,POINT (24.95952646836059 60.15972257177855)
Puurekisteri_piste.11682,11682,P-42003-89,,MYLLYRINNE,Puisto,METSÄVAAHTERA,Acer,platanoides,20 - 30 cm,,Helsinki/MAKA,2026-02-27,POINT (24.95921049869026 60.15977074696722)
Puurekisteri_piste.11684,11684,P-42003-91,,MYLLYRINNE,Puisto,METSÄVAAHTERA,Acer,platanoides,10 - 20 cm,,Helsinki/MAKA,2026-02-27,POINT (24.959244890910988 60.159788351052256)
Puurekisteri_piste.11685,11685,P-42003-92,,MYLLYRINNE,Puisto,METSÄVAAHTERA,Acer,platanoides,30 - 50 cm,,Helsinki/MAKA,2026-02-27,POINT (24.959269710797038 60.159785011269314)
Puurekisteri_piste.11686,11686,P-42003-93,,MYLLYRINNE,Puisto,METSÄVAAHTERA,Acer,platanoides,30 - 50 cm,,Helsinki/MAKA,2026-02-27,POINT (24.95926782433812 60.159804054806465)
Puurekisteri_piste.11688,11688,P-34019-164,,ALPPIPUISTO (ETELÄ),Puisto,VUORIJALAVA,Ulmus,glabra,20 - 30 cm,,Helsinki/MAKA,2026-02-27,POINT (24.939980346075103 60.186964351120885)
Puurekisteri_piste.25309,25309,K-44344,KIVIKONKAARI,,Katu,METSÄVAAHTERA,Acer,platanoides,10 - 20 cm,,Helsinki/MAKA,2026-02-27,POINT (25.067421203072403 60.23801202505158)
Puurekisteri_piste.25310,25310,K-44345,KIVIKONKAARI,,Katu,METSÄVAAHTERA,Acer,platanoides,10 - 20 cm,,Helsinki/MAKA,2026-02-27,POINT (25.067405762663004 60.23807100956809)
Puurekisteri_piste.25311,25311,K-44346,KIVIKONKAARI,,Katu,METSÄVAAHTERA,Acer,platanoides,10 - 20 cm,,Helsinki/MAKA,2026-02-27,POINT (25.06737450135127 60.238144282233904)
Puurekisteri_piste.25312,25312,K-44347,KIVIKONKAARI,,Katu,METSÄVAAHTERA,Acer,platanoides,10 - 20 cm,,Helsinki/MAKA,2026-02-27,POINT (25.0673562163926 60.23821305292354)
Puurekisteri_piste.25314,25314,K-44349,KIVIKONKAARI,,Katu,METSÄVAAHTERA,Acer,platanoides,10 - 20 cm,,Helsinki/MAKA,2026-02-27,POINT (25.06729002033734 60.23838598953584)
Puurekisteri_piste.25315,25315,K-44350,KIVIKONKAARI,,Katu,METSÄVAAHTERA,Acer,platanoides,10 - 20 cm,,Helsinki/MAKA,2026-02-27,POINT (25.067272405783246 60.23844327113874)
Puurekisteri_piste.25316,25316,K-44351,KIVIKONKAARI,,Katu,METSÄVAAHTERA,Acer,platanoides,10 - 20 cm,,Helsinki/MAKA,2026-02-27,POINT (25.06723984455353 60.238508557220165)
Puurekisteri_piste.25317,25317,K-44352,KIVIKONKAARI,,Katu,METSÄVAAHTERA,Acer,platanoides,10 - 20 cm,,Helsinki/MAKA,2026-02-27,POINT (25.06722443525842 60.23857463213924)
Puurekisteri_piste.25318,25318,K-41057,KAUPPAKARTANONKATU,,Katu,PUISTOLEHMUS,Tilia,x vulgaris,0 - 10 cm,,Helsinki/MAKA,2026-02-27,POINT (25.08609057992967 60.20900412266304)
Puurekisteri_piste.25319,25319,K-41058,KAUPPAKARTANONKATU,,Katu,PUISTOLEHMUS,Tilia,x vulgaris,0 - 10 cm,,Helsinki/MAKA,2026-02-27,POINT (25.08595097306826 60.20896489514425)
Puurekisteri_piste.25320,25320,K-41059,KAUPPAKARTANONKATU,,Katu,PUISTOLEHMUS,Tilia,x vulgaris,0 - 10 cm,,Helsinki/MAKA,2026-02-27,POINT (25.084436858567408 60.20854897312502)
Puurekisteri_piste.25321,25321,K-41060,KAUPPAKARTANONKATU,,Katu,PUISTOLEHMUS,Tilia,x vulgaris,0 - 10 cm,,Helsinki/MAKA,2026-02-27,POINT (25.08430879544745 60.208509280857406)
Puurekisteri_piste.25322,25322,K-41061,KAUPPAKARTANONKATU,,Katu,PUISTOLEHMUS,Tilia,x vulgaris,0 - 10 cm,,Helsinki/MAKA,2026-02-27,POINT (25.084187091182205 60.208478914941914)
Puurekisteri_piste.25323,25323,K-41062,KAUPPAKARTANONKATU,,Katu,PUISTOLEHMUS,Tilia,x vulgaris,0 - 10 cm,,Helsinki/MAKA,2026-02-27,POINT (25.084061224911895 60.20844568194908)
Puurekisteri_piste.25324,25324,K-41063,KAUPPAKARTANONKATU,,Katu,PUISTOLEHMUS,Tilia,x vulgaris,0 - 10 cm,,Helsinki/MAKA,2026-02-27,POINT (25.08392975483732 60.2084097631398)
Puurekisteri_piste.25325,25325,K-43124,MAUSTETEHTAANKATU,,Katu,PUISTOLEHMUS,Tilia,x vulgaris,0 - 10 cm,2005,Helsinki/MAKA,2026-02-27,POINT (25.153853962273907 60.20705095357925)
Puurekisteri_piste.25326,25326,K-43125,MAUSTETEHTAANKATU,,Katu,PUISTOLEHMUS,Tilia,x vulgaris,0 - 10 cm,2005,Helsinki/MAKA,2026-02-27,POINT (25.15422672347971 60.2072034167725)
Puurekisteri_piste.25327,25327,K-43126,MAUSTETEHTAANKATU,,Katu,PUISTOLEHMUS,Tilia,x vulgaris,0 - 10 cm,2005,Helsinki/MAKA,2026-02-27,POINT (25.153785199695808 60.20714504614585)
Puurekisteri_piste.25328,25328,K-43127,MAUSTETEHTAANKATU,,Katu,PUISTOLEHMUS,Tilia,x vulgaris,0 - 10 cm,2005,Helsinki/MAKA,2026-02-27,POINT (25.153683039425346 60.207132570458185)
Puurekisteri_piste.25330,25330,K-43129,MAUSTETEHTAANKATU,,Katu,PUISTOLEHMUS,Tilia,x vulgaris,0 - 10 cm,2005,Helsinki/MAKA,2026-02-27,POINT (25.153133416136065 60.20706307862874)
Puurekisteri_piste.25332,25332,K-43131,MOSAIIKKIRAITTI,,Katu,PUISTOLEHMUS,Tilia,x vulgaris,0 - 10 cm,,Helsinki/MAKA,2026-02-27,POINT (25.139461735036917 60.20805719780527)
Puurekisteri_piste.25333,25333,K-43132,MOSAIIKKIRAITTI,,Katu,PUISTOLEHMUS,Tilia,x vulgaris,0 - 10 cm,,Helsinki/MAKA,2026-02-27,POINT (25.13961594158691 60.208059097411855)
Puurekisteri_piste.25335,25335,K-43134,MOSAIIKKIRAITTI,,Katu,PUISTOLEHMUS,Tilia,x vulgaris,0 - 10 cm,,Helsinki/MAKA,2026-02-27,POINT (25.139908983173072 60.20805654900158)
Puurekisteri_piste.25336,25336,K-43135,MOSAIIKKIRAITTI,,Katu,PUISTOLEHMUS,Tilia,x vulgaris,0 - 10 cm,,Helsinki/MAKA,2026-02-27,POINT (25.14005038370035 60.208058200002505)
Puurekisteri_piste.25340,25340,P-33044-346,,TOPELIUKSEN PUISTO/POHJ.,Puisto,RAUDUSKOIVU,Betula,pendula,30 - 50 cm,,Helsinki/MAKA,2026-02-27,POINT (24.91954582541653 60.181317968853314)
Puurekisteri_piste.25341,25341,P-33044-347,,TOPELIUKSEN PUISTO/POHJ.,Puisto,RAUDUSKOIVU,Betula,pendula,20 - 30 cm,,Helsinki/MAKA,2026-02-27,POINT (24.919634505951837 60.181318052212475)
Puurekisteri_piste.25342,25342,P-33044-348,,TOPELIUKSEN PUISTO/POHJ.,Puisto,HIESKOIVU,Betula,pubescens,30 - 50 cm,,Helsinki/MAKA,2026-02-27,POINT (24.91967829460545 60.18136779422012)
Puurekisteri_piste.25841,25841,K-44530,KOIRASAARENTIE,,Katu,RAUDUSKOIVU,Betula,pendula,10 - 20 cm,,Helsinki/MAKA,2026-02-27,POINT (25.03890531884208 60.17449441867793)
Puurekisteri_piste.25854,25854,K-44543,KUVERNÖÖRINTIE,,Katu,RAUDUSKOIVU,Betula,pendula,10 - 20 cm,,Helsinki/MAKA,2026-02-27,POINT (25.051992202555 60.17858445108692)
Puurekisteri_piste.25855,25855,K-44544,KUVERNÖÖRINTIE,,Katu,RAUDUSKOIVU,Betula,pendula,20 - 30 cm,,Helsinki/MAKA,2026-02-27,POINT (25.052192739322727 60.17835789422523)
Puurekisteri_piste.25858,25858,K-47844,MIKONKATU,,Katu,PUISTOLEHMUS,Tilia,x vulgaris,10 - 20 cm,,Helsinki/MAKA,2026-02-27,POINT (24.945306033076058 60.16967372988244)
Puurekisteri_piste.25859,25859,K-47845,MIKONKATU,,Katu,PUISTOLEHMUS,Tilia,x vulgaris,10 - 20 cm,,Helsinki/MAKA,2026-02-27,POINT (24.94530976118869 60.16960093924907)
Puurekisteri_piste.25861,25861,K-47847,MIKONKATU,,Katu,PUISTOLEHMUS,Tilia,x vulgaris,10 - 20 cm,,Helsinki/MAKA,2026-02-27,POINT (24.945328036217422 60.169469985769474)
Puurekisteri_piste.25862,25862,K-47848,MIKONKATU,,Katu,PUISTOLEHMUS,Tilia,x vulgaris,10 - 20 cm,,Helsinki/MAKA,2026-02-27,POINT (24.945338606999634 60.169394232002695)
Puurekisteri_piste.25863,25863,K-47849,POHJOISRANTA,,Katu,PUISTOLEHMUS,Tilia,x vulgaris,0 - 10 cm,,Helsinki/MAKA,2026-02-27,POINT (24.959719380039363 60.17031738022119)
Puurekisteri_piste.25864,25864,K-47850,POHJOISRANTA,,Katu,PUISTOLEHMUS,Tilia,x vulgaris,10 - 20 cm,,Helsinki/MAKA,2026-02-27,POINT (24.960020165177426 60.170282287300324)
Puurekisteri_piste.25870,25870,K-47856,PORKKALANKATU,,Katu,PUISTOLEHMUS,Tilia,x vulgaris,0 - 10 cm,,Helsinki/MAKA,2026-02-27,POINT (24.92050432748134 60.16434710994273)
Puurekisteri_piste.25871,25871,K-47857,PORKKALANKATU,,Katu,PUISTOLEHMUS,Tilia,x vulgaris,0 - 10 cm,,Helsinki/MAKA,2026-02-27,POINT (24.920365287742552 60.164347109776614)
Puurekisteri_piste.25872,25872,K-47858,PORKKALANKATU,,Katu,PUISTOLEHMUS,Tilia,x vulgaris,0 - 10 cm,,Helsinki/MAKA,2026-02-27,POINT (24.920214721494172 60.164337146822305)
Puurekisteri_piste.25873,25873,K-45364,SALPAUSSELÄNTIE,,Katu,METSÄVAAHTERA,Acer,platanoides,30 - 50 cm,,Helsinki/MAKA,2026-02-27,POINT (24.99946566919186 60.23080996171191)
Puurekisteri_piste.25874,25874,K-45365,SALPAUSSELÄNTIE,,Katu,METSÄVAAHTERA,Acer,platanoides,20 - 30 cm,,Helsinki/MAKA,2026-02-27,POINT (24.999327143077632 60.23076525739469)
Puurekisteri_piste.25876,25876,K-45367,SALPAUSSELÄNTIE,,Katu,METSÄVAAHTERA,Acer,platanoides,30 - 50 cm,,Helsinki/MAKA,2026-02-27,POINT (24.9990906799061 60.230668644145716)
Puurekisteri_piste.25877,25877,K-45368,SALPAUSSELÄNTIE,,Katu,METSÄVAAHTERA,Acer,platanoides,10 - 20 cm,,Helsinki/MAKA,2026-02-27,POINT (24.999001629774746 60.23063521904821)
Puurekisteri_piste.25878,25878,K-45369,SALPAUSSELÄNTIE,,Katu,METSÄVAAHTERA,Acer,platanoides,10 - 20 cm,,Helsinki/MAKA,2026-02-27,POINT (24.99930521449415 60.2305762515428)
Puurekisteri_piste.25879,25879,K-45370,SALPAUSSELÄNTIE,,Katu,METSÄVAAHTERA,Acer,platanoides,10 - 20 cm,,Helsinki/MAKA,2026-02-27,POINT (24.999423172372452 60.23062339141175)
Puurekisteri_piste.25880,25880,K-45371,SALPAUSSELÄNTIE,,Katu,METSÄVAAHTERA,Acer,platanoides,10 - 20 cm,,Helsinki/MAKA,2026-02-27,POINT (24.999706392135863 60.23072616915485)
Puurekisteri_piste.15789,15789,P-53004-221,,STANSVIKINKARTANO,Puisto,RAUDUSKOIVU,Betula,pendula,10 - 20 cm,,Helsinki/MAKA,2026-02-27,POINT (25.02868506084386 60.16273198041842)
Puurekisteri_piste.15790,15790,P-53004-222,,STANSVIKINKARTANO,Puisto,METSÄMÄNTY,Pinus,sylvestris,20 - 30 cm,,Helsinki/MAKA,2026-02-27,POINT (25.028633839153336 60.16274705770084)
Puurekisteri_piste.15791,15791,P-32008-78,,URSININKALLIO,Puisto,METSÄMÄNTY,Pinus,sylvestris,10 - 20 cm,,Helsinki/MAKA,2026-02-27,POINT (24.94010867906825 60.1539169575098)
Puurekisteri_piste.15792,15792,P-32008-79,,URSININKALLIO,Puisto,METSÄMÄNTY,Pinus,sylvestris,0 - 10 cm,,Helsinki/MAKA,2026-02-27,POINT (24.940183028191782 60.153924361966986)
Puurekisteri_piste.15793,15793,P-32006-53,,MERIPUISTO,Puisto,VUORIJALAVA,Ulmus,glabra,10 - 20 cm,,Helsinki/MAKA,2026-02-27,POINT (24.948463883065465 60.155695841996256)
Puurekisteri_piste.25578,25578,K-41927,SUOLAKIVENKATU,,Katu,PUISTOLEHMUS,Tilia,x vulgaris,0 - 10 cm,,Helsinki/MAKA,2026-02-27,POINT (25.025898285070326 60.18955368820599)
Puurekisteri_piste.25579,25579,K-41928,SUOLAKIVENKATU,,Katu,PUISTOLEHMUS,Tilia,x vulgaris,0 - 10 cm,,Helsinki/MAKA,2026-02-27,POINT (25.026075886637884 60.18929254490868)
Puurekisteri_piste.25580,25580,K-41929,SUOLAKIVENKATU,,Katu,PUISTOLEHMUS,Tilia,x vulgaris,0 - 10 cm,,Helsinki/MAKA,2026-02-27,POINT (25.026436351328343 60.18911966240659)
Puurekisteri_piste.25581,25581,K-41930,SUOLAKIVENKATU,,Katu,PUISTOLEHMUS,Tilia,x vulgaris,0 - 10 cm,,Helsinki/MAKA,2026-02-27,POINT (25.026576527924774 60.18910429242698)
Puurekisteri_piste.25582,25582,K-41931,SUOLAKIVENKATU,,Katu,PUISTOLEHMUS,Tilia,x vulgaris,0 - 10 cm,,Helsinki/MAKA,2026-02-27,POINT (25.026711664657668 60.1890910804023)
Puurekisteri_piste.25583,25583,K-41932,SUOLAKIVENKATU,,Katu,PUISTOLEHMUS,Tilia,x vulgaris,0 - 10 cm,,Helsinki/MAKA,2026-02-27,POINT (25.02713509368449 60.18905008274236)
Puurekisteri_piste.25584,25584,K-41933,SUOLAKIVENKATU,,Katu,PUISTOLEHMUS,Tilia,x vulgaris,0 - 10 cm,,Helsinki/MAKA,2026-02-27,POINT (25.027555279111827 60.189009624858535)
Puurekisteri_piste.25586,25586,K-41935,SUOLAKIVENKATU,,Katu,PUISTOLEHMUS,Tilia,x vulgaris,0 - 10 cm,,Helsinki/MAKA,2026-02-27,POINT (25.02787203416632 60.18897759639741)
Puurekisteri_piste.25587,25587,K-41936,SUOLAKIVENKATU,,Katu,PUISTOLEHMUS,Tilia,x vulgaris,0 - 10 cm,,Helsinki/MAKA,2026-02-27,POINT (25.028029871619918 60.188961851578206)
Puurekisteri_piste.26137,26137,K-42525,KUKKANIITYNTIE,,Katu,PUISTOLEHMUS,Tilia,x vulgaris,10 - 20 cm,,Helsinki/MAKA,2026-02-27,POINT (25.094232479666598 60.21792378102314)
Puurekisteri_piste.26139,26139,K-42527,KUKKANIITYNTIE,,Katu,PUISTOLEHMUS,Tilia,x vulgaris,50 - 70 cm,,Helsinki/MAKA,2026-02-27,POINT (25.09399329296416 60.21806437758839)
Puurekisteri_piste.26140,26140,K-42528,KUKKANIITYNTIE,,Katu,PUISTOLEHMUS,Tilia,x vulgaris,30 - 50 cm,,Helsinki/MAKA,2026-02-27,POINT (25.093872997839565 60.218138580871035)
Puurekisteri_piste.26142,26142,K-42530,KUKKANIITYNTIE,,Katu,PUISTOLEHMUS,Tilia,x vulgaris,10 - 20 cm,,Helsinki/MAKA,2026-02-27,POINT (25.09367134506956 60.21828182042033)
Puurekisteri_piste.26143,26143,K-42531,KUKKANIITYNTIE,,Katu,PUISTOLEHMUS,Tilia,x vulgaris,70 cm -,,Helsinki/MAKA,2026-02-27,POINT (25.0935524731805 60.218352521190134)
Puurekisteri_piste.26144,26144,K-42532,KUKKANIITYNTIE,,Katu,PUISTOLEHMUS,Tilia,x vulgaris,20 - 30 cm,,Helsinki/MAKA,2026-02-27,POINT (25.093437427898817 60.218430576607496)
Puurekisteri_piste.26146,26146,K-42534,KUKKANIITYNTIE,,Katu,PUISTOLEHMUS,Tilia,x vulgaris,20 - 30 cm,,Helsinki/MAKA,2026-02-27,POINT (25.093099964426887 60.21864920502426)
Puurekisteri_piste.26147,26147,K-42836,KONTULANTIE,,Katu,PUISTOLEHMUS,Tilia,x vulgaris,20 - 30 cm,,Helsinki/MAKA,2026-02-27,POINT (25.08489216296858 60.23569541506615)
Puurekisteri_piste.26148,26148,K-42837,KONTULANTIE,,Katu,PUISTOLEHMUS,Tilia,x vulgaris,10 - 20 cm,,Helsinki/MAKA,2026-02-27,POINT (25.08529929035179 60.235789420204945)
Puurekisteri_piste.26149,26149,K-42838,KONTULANTIE,,Katu,PUISTOLEHMUS,Tilia,x vulgaris,10 - 20 cm,,Helsinki/MAKA,2026-02-27,POINT (25.085634181377017 60.23591133722477)
Puurekisteri_piste.26150,26150,K-42839,KONTULANTIE,,Katu,PUISTOLEHMUS,Tilia,x vulgaris,10 - 20 cm,,Helsinki/MAKA,2026-02-27,POINT (25.085814026240673 60.235961195538785)
Puurekisteri_piste.26152,26152,K-42841,KONTULANTIE,,Katu,METSÄVAAHTERA,Acer,platanoides,10 - 20 cm,,Helsinki/MAKA,2026-02-27,POINT (25.088052127189023 60.23690519247546)
Puurekisteri_piste.26153,26153,K-42842,KONTULANTIE,,Katu,METSÄVAAHTERA,Acer,platanoides,10 - 20 cm,,Helsinki/MAKA,2026-02-27,POINT (25.087934643866276 60.23687437592791)
Puurekisteri_piste.26154,26154,K-42843,KONTULANTIE,,Katu,METSÄVAAHTERA,Acer,platanoides,10 - 20 cm,,Helsinki/MAKA,2026-02-27,POINT (25.08781931397099 60.236841043487416)
Puurekisteri_piste.26155,26155,K-42844,KONTULANTIE,,Katu,METSÄVAAHTERA,Acer,platanoides,10 - 20 cm,,Helsinki/MAKA,2026-02-27,POINT (25.087715549564606 60.23681029921873)
Puurekisteri_piste.26156,26156,K-42845,KONTULANTIE,,Katu,METSÄVAAHTERA,Acer,platanoides,10 - 20 cm,,Helsinki/MAKA,2026-02-27,POINT (25.08759340403208 60.236785411910994)
Puurekisteri_piste.26157,26157,K-42846,KONTULANTIE,,Katu,METSÄVAAHTERA,Acer,platanoides,10 - 20 cm,,Helsinki/MAKA,2026-02-27,POINT (25.087459678845747 60.23675506413886)
Puurekisteri_piste.26158,26158,K-42847,KONTULANTIE,,Katu,METSÄVAAHTERA,Acer,platanoides,10 - 20 cm,,Helsinki/MAKA,2026-02-27,POINT (25.08736256984693 60.23671964408525)
Puurekisteri_piste.26159,26159,K-42848,KONTULANTIE,,Katu,METSÄVAAHTERA,Acer,platanoides,20 - 30 cm,,Helsinki/MAKA,2026-02-27,POINT (25.087252163771296 60.23669599825811)
Puurekisteri_piste.26161,26161,K-42850,KONTULANTIE,,Katu,KOIVU,Betula,sp.,30 - 50 cm,,Helsinki/MAKA,2026-02-27,POINT (25.087025955758232 60.23665239294686)
Puurekisteri_piste.26162,26162,K-42851,KONTULANTIE,,Katu,METSÄVAAHTERA,Acer,platanoides,10 - 20 cm,,Helsinki/MAKA,2026-02-27,POINT (25.086862937130373 60.23661149047821)
Puurekisteri_piste.26163,26163,K-40899,MYLLYPURONTIE,,Katu,RAUDUSKOIVU,Betula,pendula,10 - 20 cm,,Helsinki/MAKA,2026-02-27,POINT (25.058559224545263 60.22406499028435)
Puurekisteri_piste.25881,25881,K-45372,SALPAUSSELÄNTIE,,Katu,METSÄVAAHTERA,Acer,platanoides,10 - 20 cm,,Helsinki/MAKA,2026-02-27,POINT (24.999811886539934 60.230768200199904)
Puurekisteri_piste.25882,25882,K-45373,SALPAUSSELÄNTIE,,Katu,METSÄVAAHTERA,Acer,platanoides,30 - 50 cm,,Helsinki/MAKA,2026-02-27,POINT (24.999935262930823 60.23081659292057)
Puurekisteri_piste.25884,25884,K-45375,SALPAUSSELÄNTIE,,Katu,METSÄVAAHTERA,Acer,platanoides,10 - 20 cm,,Helsinki/MAKA,2026-02-27,POINT (25.000162304420904 60.23089633684057)
Puurekisteri_piste.25885,25885,K-45376,SALPAUSSELÄNTIE,,Katu,METSÄVAAHTERA,Acer,platanoides,10 - 20 cm,,Helsinki/MAKA,2026-02-27,POINT (25.00029596415229 60.23094292800185)
Puurekisteri_piste.25886,25886,K-45377,SALPAUSSELÄNTIE,,Katu,METSÄVAAHTERA,Acer,platanoides,30 - 50 cm,,Helsinki/MAKA,2026-02-27,POINT (25.0003875645744 60.23098523619004)
Puurekisteri_piste.25887,25887,K-45378,SALPAUSSELÄNTIE,,Katu,METSÄVAAHTERA,Acer,platanoides,10 - 20 cm,,Helsinki/MAKA,2026-02-27,POINT (25.000507514365605 60.23103389969417)
Puurekisteri_piste.25888,25888,K-45379,SALPAUSSELÄNTIE,,Katu,METSÄVAAHTERA,Acer,platanoides,10 - 20 cm,,Helsinki/MAKA,2026-02-27,POINT (25.00062347012899 60.231072692713)
Puurekisteri_piste.25889,25889,K-45380,SALPAUSSELÄNTIE,,Katu,METSÄVAAHTERA,Acer,platanoides,20 - 30 cm,,Helsinki/MAKA,2026-02-27,POINT (25.00073476329979 60.231123515279556)
Puurekisteri_piste.25890,25890,K-39200,HIEKKALAITURINTIE,,Katu,RAUDUSKOIVU,Betula,pendula,0 - 10 cm,,Helsinki/MAKA,2026-02-27,POINT (25.143875189883907 60.20172564872636)
Puurekisteri_piste.25893,25893,K-39203,HIEKKALAITURINTIE,,Katu,RAUDUSKOIVU,Betula,pendula,0 - 10 cm,,Helsinki/MAKA,2026-02-27,POINT (25.14456870377676 60.20117662533606)
Puurekisteri_piste.25894,25894,K-39204,HIEKKALAITURINTIE,,Katu,RAUDUSKOIVU,Betula,pendula,0 - 10 cm,,Helsinki/MAKA,2026-02-27,POINT (25.144889580856372 60.20092890250765)
Puurekisteri_piste.25895,25895,K-39205,HIEKKALAITURINTIE,,Katu,RAUDUSKOIVU,Betula,pendula,0 - 10 cm,,Helsinki/MAKA,2026-02-27,POINT (25.1449839561911 60.200860799633595)
Puurekisteri_piste.25896,25896,K-39206,HIEKKALAITURINTIE,,Katu,RAUDUSKOIVU,Betula,pendula,0 - 10 cm,,Helsinki/MAKA,2026-02-27,POINT (25.14510477919099 60.20075800713836)
Puurekisteri_piste.25291,25291,K-40883,MYLLYPURONTIE,,Katu,RAUDUSKOIVU,Betula,pendula,0 - 10 cm,,Helsinki/MAKA,2026-02-27,POINT (25.05822713666473 60.22348266015234)
Puurekisteri_piste.25292,25292,K-40884,MYLLYPURONTIE,,Katu,HIESKOIVU,Betula,pubescens,30 - 50 cm,,Helsinki/MAKA,2026-02-27,POINT (25.058109181579745 60.22353645455421)
Puurekisteri_piste.25293,25293,K-40885,MYLLYPURONTIE,,Katu,RAUDUSKOIVU,Betula,pendula,30 - 50 cm,,Helsinki/MAKA,2026-02-27,POINT (25.058250652517277 60.223540077528114)
Puurekisteri_piste.25295,25295,K-40887,MYLLYPURONTIE,,Katu,RAUDUSKOIVU,Betula,pendula,30 - 50 cm,,Helsinki/MAKA,2026-02-27,POINT (25.058121052859242 60.22361380913438)
Puurekisteri_piste.25296,25296,K-40888,MYLLYPURONTIE,,Katu,RAUDUSKOIVU,Betula,pendula,30 - 50 cm,,Helsinki/MAKA,2026-02-27,POINT (25.058243525036044 60.22360452740392)
Puurekisteri_piste.25298,25298,K-40890,MYLLYPURONTIE,,Katu,RAUDUSKOIVU,Betula,pendula,10 - 20 cm,,Helsinki/MAKA,2026-02-27,POINT (25.058254084526872 60.22371320703722)
Puurekisteri_piste.25300,25300,K-40892,MYLLYPURONTIE,,Katu,RAUDUSKOIVU,Betula,pendula,30 - 50 cm,,Helsinki/MAKA,2026-02-27,POINT (25.058381242454605 60.22374556560536)
Puurekisteri_piste.25302,25302,K-40894,MYLLYPURONTIE,,Katu,RAUDUSKOIVU,Betula,pendula,30 - 50 cm,,Helsinki/MAKA,2026-02-27,POINT (25.058336835506196 60.223869560248986)
Puurekisteri_piste.25303,25303,K-40895,MYLLYPURONTIE,,Katu,RAUDUSKOIVU,Betula,pendula,0 - 10 cm,,Helsinki/MAKA,2026-02-27,POINT (25.058410754999294 60.22389901217301)
Puurekisteri_piste.25639,25639,P-33046-138,,SIBELIUKSEN PUISTO (B),Puisto,HIESKOIVU,Betula,pubescens,30 - 50 cm,,Helsinki/MAKA,2026-02-27,POINT (24.91607427968152 60.18185482171794)
Puurekisteri_piste.25640,25640,P-33046-139,,SIBELIUKSEN PUISTO (B),Puisto,METSÄVAAHTERA,Acer,platanoides,50 - 70 cm,,Helsinki/MAKA,2026-02-27,POINT (24.915719107343893 60.182046670029465)
Puurekisteri_piste.25642,25642,P-33046-141,,SIBELIUKSEN PUISTO (B),Puisto,HIESKOIVU,Betula,pubescens,20 - 30 cm,,Helsinki/MAKA,2026-02-27,POINT (24.916524055612648 60.18184448543747)
Puurekisteri_piste.25382,25382,K-39437,KALLVIKINTIE,,Katu,PUISTOLEHMUS,Tilia,x vulgaris,0 - 10 cm,,Helsinki/MAKA,2026-02-27,POINT (25.135584335572833 60.207945512056824)
Puurekisteri_piste.25383,25383,K-39438,KALLVIKINTIE,,Katu,PUISTOLEHMUS,Tilia,x vulgaris,0 - 10 cm,,Helsinki/MAKA,2026-02-27,POINT (25.135536990716954 60.20787585053074)
Puurekisteri_piste.25384,25384,K-39439,KALLVIKINTIE,,Katu,PUISTOLEHMUS,Tilia,x vulgaris,0 - 10 cm,,Helsinki/MAKA,2026-02-27,POINT (25.13547860774747 60.2078004626645)
Puurekisteri_piste.25385,25385,K-39440,KALLVIKINTIE,,Katu,PUISTOLEHMUS,Tilia,x vulgaris,0 - 10 cm,,Helsinki/MAKA,2026-02-27,POINT (25.135439114190888 60.20774550791019)
Puurekisteri_piste.25386,25386,K-39441,KALLVIKINTIE,,Katu,PUISTOLEHMUS,Tilia,x vulgaris,0 - 10 cm,,Helsinki/MAKA,2026-02-27,POINT (25.135380033190014 60.20767362149489)
Puurekisteri_piste.25387,25387,K-39442,KALLVIKINTIE,,Katu,PUISTOLEHMUS,Tilia,x vulgaris,10 - 20 cm,,Helsinki/MAKA,2026-02-27,POINT (25.135326001940673 60.20760172689468)
Puurekisteri_piste.25395,25395,K-42161,MANNERHEIMINTIE,,Katu,RUOTSINPIHLAJA,Sorbus,intermedia,30 - 50 cm,,Helsinki/MAKA,2026-02-27,POINT (24.91028109081004 60.192031970859595)
Puurekisteri_piste.25396,25396,K-42162,MANNERHEIMINTIE,,Katu,RUOTSINPIHLAJA,Sorbus,intermedia,30 - 50 cm,,Helsinki/MAKA,2026-02-27,POINT (24.909791101250185 60.192204257510895)
Puurekisteri_piste.25397,25397,K-42163,MANNERHEIMINTIE,,Katu,RUOTSINPIHLAJA,Sorbus,intermedia,30 - 50 cm,,Helsinki/MAKA,2026-02-27,POINT (24.90938277387324 60.19234432796448)
Puurekisteri_piste.25402,25402,K-42168,MANNERHEIMINTIE,,Katu,RUOTSINPIHLAJA,Sorbus,intermedia,30 - 50 cm,,Helsinki/MAKA,2026-02-27,POINT (24.908817239207007 60.19253841456612)
Puurekisteri_piste.25403,25403,K-42169,MANNERHEIMINTIE,,Katu,RUOTSINPIHLAJA,Sorbus,intermedia,30 - 50 cm,,Helsinki/MAKA,2026-02-27,POINT (24.90868383113711 60.192586330713766)
Puurekisteri_piste.25404,25404,K-42170,MANNERHEIMINTIE,,Katu,RUOTSINPIHLAJA,Sorbus,intermedia,30 - 50 cm,,Helsinki/MAKA,2026-02-27,POINT (24.908560336629478 60.192634875909)
Puurekisteri_piste.25405,25405,K-42171,MANNERHEIMINTIE,,Katu,RUOTSINPIHLAJA,Sorbus,intermedia,30 - 50 cm,,Helsinki/MAKA,2026-02-27,POINT (24.908331921414966 60.19270997819848)
Puurekisteri_piste.25407,25407,K-41113,KAUPPAKARTANONKATU,,Katu,RUOTSINPIHLAJA,Sorbus,intermedia,0 - 10 cm,,Helsinki/MAKA,2026-02-27,POINT (25.081355565852277 60.207500388022154)
Puurekisteri_piste.25410,25410,K-41116,KAUPPAKARTANONKATU,,Katu,PILVIKIRSIKKA,Prunus,pensylvanica,10 - 20 cm,,Helsinki/MAKA,2026-02-27,POINT (25.0816775220729 60.20758391662215)
Puurekisteri_piste.25415,25415,K-34431,KOSKELANTIE,,Katu,PUISTOLEHMUS,Tilia,x vulgaris,50 - 70 cm,,Helsinki/MAKA,2026-02-27,POINT (24.96486061573485 60.215163097944945)
Puurekisteri_piste.11659,11659,P-44017-209,,KATRI VALAN PUISTO,Puisto,RUOTSINPIHLAJA,Sorbus,intermedia,10 - 20 cm,,Helsinki/MAKA,2026-02-27,POINT (24.963536943959745 60.18588301355657)
Puurekisteri_piste.11660,11660,P-44017-210,,KATRI VALAN PUISTO,Puisto,METSÄTAMMI,Quercus,robur,10 - 20 cm,,Helsinki/MAKA,2026-02-27,POINT (24.963216015985438 60.1858031964346)
Puurekisteri_piste.11661,11661,P-44017-211,,KATRI VALAN PUISTO,Puisto,VUORIJALAVA,Ulmus,glabra,20 - 30 cm,,Helsinki/MAKA,2026-02-27,POINT (24.9633153803349 60.185911098850696)
Puurekisteri_piste.11664,11664,K-7911,MELKONKATU,,Katu,PUISTOLEHMUS,Tilia,x vulgaris,10 - 20 cm,,Helsinki/MAKA,2026-02-27,POINT (24.88128529606932 60.15447343348018)
Puurekisteri_piste.11665,11665,K-7912,MELKONKATU,,Katu,PUISTOLEHMUS,Tilia,x vulgaris,10 - 20 cm,,Helsinki/MAKA,2026-02-27,POINT (24.881159410515913 60.15449942461017)
Puurekisteri_piste.11667,11667,K-9283,MÄKELÄNKATU,,Katu,METSÄVAAHTERA,Acer,platanoides,30 - 50 cm,,Helsinki/MAKA,2026-02-27,POINT (24.943473291977966 60.21311343701987)
Puurekisteri_piste.11668,11668,K-9284,MÄKELÄNKATU,,Katu,METSÄVAAHTERA,Acer,platanoides,30 - 50 cm,,Helsinki/MAKA,2026-02-27,POINT (24.94344285814785 60.21318371863744)
Puurekisteri_piste.11671,11671,K-984,RATAMESTARINKATU,,Katu,PUISTOLEHMUS,Tilia,x vulgaris,10 - 20 cm,,Helsinki/MAKA,2026-02-27,POINT (24.941205480638548 60.19697580267704)
Puurekisteri_piste.25305,25305,K-40897,MYLLYPURONTIE,,Katu,RAUDUSKOIVU,Betula,pendula,10 - 20 cm,,Helsinki/MAKA,2026-02-27,POINT (25.05856498782038 60.223976577836076)
Puurekisteri_piste.25306,25306,K-40898,MYLLYPURONTIE,,Katu,RAUDUSKOIVU,Betula,pendula,10 - 20 cm,,Helsinki/MAKA,2026-02-27,POINT (25.058522943244423 60.224018536066936)
Puurekisteri_piste.25308,25308,K-44343,KIVIKONKAARI,,Katu,METSÄVAAHTERA,Acer,platanoides,10 - 20 cm,,Helsinki/MAKA,2026-02-27,POINT (25.067438990407855 60.23795312768475)
Puurekisteri_piste.26056,26056,K-44193,KONTULANTIE,,Katu,HOPEASALAVA,Salix,alba,20 - 30 cm,,Helsinki/MAKA,2026-02-27,POINT (25.10504286336825 60.23730612962899)
Puurekisteri_piste.26057,26057,K-44194,KONTULANTIE,,Katu,HOPEASALAVA,Salix,alba,20 - 30 cm,,Helsinki/MAKA,2026-02-27,POINT (25.10515372992772 60.23731270701823)
Puurekisteri_piste.26058,26058,K-44195,KONTULANTIE,,Katu,PAJU,Salix,sp.,30 - 50 cm,,Helsinki/MAKA,2026-02-27,POINT (25.10560213741915 60.237318904169484)
Puurekisteri_piste.26059,26059,K-44196,KONTULANTIE,,Katu,PAJU,Salix,sp.,30 - 50 cm,,Helsinki/MAKA,2026-02-27,POINT (25.105778744164873 60.23733194137164)
Puurekisteri_piste.25743,25743,K-42672,KURKIMÄENTIE,,Katu,PUISTOLEHMUS,Tilia,x vulgaris,10 - 20 cm,,Helsinki/MAKA,2026-02-27,POINT (25.06978570700569 60.228684537620396)
Puurekisteri_piste.25744,25744,K-42673,KURKIMÄENTIE,,Katu,PUISTOLEHMUS,Tilia,x vulgaris,10 - 20 cm,,Helsinki/MAKA,2026-02-27,POINT (25.069673024866972 60.22870728189815)
Puurekisteri_piste.25745,25745,K-42674,KURKIMÄENTIE,,Katu,PUISTOLEHMUS,Tilia,x vulgaris,10 - 20 cm,,Helsinki/MAKA,2026-02-27,POINT (25.069541886823227 60.22871918670305)
Puurekisteri_piste.25746,25746,K-42675,KURKIMÄENTIE,,Katu,PUISTOLEHMUS,Tilia,x vulgaris,10 - 20 cm,,Helsinki/MAKA,2026-02-27,POINT (25.06934438357705 60.22874058979097)
Puurekisteri_piste.25747,25747,K-42676,KURKIMÄENTIE,,Katu,PUISTOLEHMUS,Tilia,x vulgaris,10 - 20 cm,,Helsinki/MAKA,2026-02-27,POINT (25.069233845301984 60.22875866413971)
Puurekisteri_piste.25748,25748,K-42739,KURKIMÄENTIE,,Katu,METSÄVAAHTERA,Acer,platanoides,10 - 20 cm,,Helsinki/MAKA,2026-02-27,POINT (25.062207941948493 60.23286184878866)
Puurekisteri_piste.25749,25749,K-42740,KURKIMÄENTIE,,Katu,METSÄVAAHTERA,Acer,platanoides,10 - 20 cm,,Helsinki/MAKA,2026-02-27,POINT (25.062158734654098 60.232792881481686)
Puurekisteri_piste.25750,25750,K-42741,KURKIMÄENTIE,,Katu,METSÄVAAHTERA,Acer,platanoides,10 - 20 cm,,Helsinki/MAKA,2026-02-27,POINT (25.06226152169193 60.232814761246374)
Puurekisteri_piste.25751,25751,K-42742,KURKIMÄENTIE,,Katu,METSÄVAAHTERA,Acer,platanoides,10 - 20 cm,,Helsinki/MAKA,2026-02-27,POINT (25.062294961286472 60.232701098717165)
Puurekisteri_piste.25753,25753,K-42744,KURKIMÄENTIE,,Katu,METSÄVAAHTERA,Acer,platanoides,10 - 20 cm,,Helsinki/MAKA,2026-02-27,POINT (25.062375300538864 60.232665381147235)
Puurekisteri_piste.25754,25754,K-42745,KURKIMÄENTIE,,Katu,METSÄVAAHTERA,Acer,platanoides,10 - 20 cm,,Helsinki/MAKA,2026-02-27,POINT (25.06230287399315 60.23265271360053)
Puurekisteri_piste.25755,25755,K-42746,KURKIMÄENTIE,,Katu,METSÄVAAHTERA,Acer,platanoides,10 - 20 cm,,Helsinki/MAKA,2026-02-27,POINT (25.062292766089545 60.232610630398504)
Puurekisteri_piste.25756,25756,K-42747,KURKIMÄENTIE,,Katu,METSÄVAAHTERA,Acer,platanoides,10 - 20 cm,,Helsinki/MAKA,2026-02-27,POINT (25.062375251198954 60.23261215788633)
Puurekisteri_piste.25758,25758,K-42749,KURKIMÄENTIE,,Katu,PUISTOLEHMUS,Tilia,x vulgaris,10 - 20 cm,,Helsinki/MAKA,2026-02-27,POINT (25.067114928590392 60.22892257457576)
Puurekisteri_piste.25759,25759,K-42750,KURKIMÄENTIE,,Katu,PUISTOLEHMUS,Tilia,x vulgaris,10 - 20 cm,,Helsinki/MAKA,2026-02-27,POINT (25.06719990741596 60.2289188008938)
Puurekisteri_piste.25760,25760,K-42751,KURKIMÄENTIE,,Katu,PUISTOLEHMUS,Tilia,x vulgaris,10 - 20 cm,,Helsinki/MAKA,2026-02-27,POINT (25.06785242127599 60.228833441894956)
Puurekisteri_piste.25761,25761,K-42752,KURKIMÄENTIE,,Katu,PUISTOLEHMUS,Tilia,x vulgaris,10 - 20 cm,,Helsinki/MAKA,2026-02-27,POINT (25.068156534663625 60.22880276779023)
Puurekisteri_piste.25762,25762,K-42753,KURKIMÄENTIE,,Katu,PUISTOLEHMUS,Tilia,x vulgaris,10 - 20 cm,,Helsinki/MAKA,2026-02-27,POINT (25.06823805169349 60.22879172732354)
Puurekisteri_piste.25763,25763,K-42754,KURKIMÄENTIE,,Katu,PUISTOLEHMUS,Tilia,x vulgaris,10 - 20 cm,,Helsinki/MAKA,2026-02-27,POINT (25.068349869185703 60.228777062984214)
Puurekisteri_piste.25764,25764,K-43524,LEIKOSAARENTIE,,Katu,PUISTOLEHMUS,Tilia,x vulgaris,20 - 30 cm,,Helsinki/MAKA,2026-02-27,POINT (25.133835725406172 60.20238650578062)
Puurekisteri_piste.25765,25765,K-41532,MARJANIEMENTIE,,Katu,RAUDUSKOIVU,Betula,pendula,20 - 30 cm,,Helsinki/MAKA,2026-02-27,POINT (25.088761973584365 60.20387245275405)
Puurekisteri_piste.25766,25766,P-99101-68,,SUOMENLINNA,Puisto,METSÄVAAHTERA,Acer,platanoides,50 - 70 cm,,Helsinki/MAKA,2026-02-27,POINT (24.985260237249573 60.148558421411686)
Puurekisteri_piste.25767,25767,P-99101-69,,SUOMENLINNA,Puisto,LEHMUS,Tilia,sp.,30 - 50 cm,,Helsinki/MAKA,2026-02-27,POINT (24.985349261087805 60.148467844321594)
Puurekisteri_piste.25768,25768,P-99101-70,,SUOMENLINNA,Puisto,ISOLEHTILEHMUS,Tilia,platyphyllos,50 - 70 cm,,Helsinki/MAKA,2026-02-27,POINT (24.985456100255153 60.14846831279991)
Puurekisteri_piste.25769,25769,P-99101-71,,SUOMENLINNA,Puisto,PUISTOLEHMUS,Tilia,x vulgaris,70 cm -,,Helsinki/MAKA,2026-02-27,POINT (24.985573035836563 60.148451704139624)
Puurekisteri_piste.25771,25771,P-99101-73,,SUOMENLINNA,Puisto,PUISTOLEHMUS,Tilia,x vulgaris,70 cm -,,Helsinki/MAKA,2026-02-27,POINT (24.985799934162742 60.14841483522403)
Puurekisteri_piste.25772,25772,P-99101-74,,SUOMENLINNA,Puisto,LEHMUS,Tilia,sp.,30 - 50 cm,,Helsinki/MAKA,2026-02-27,POINT (24.985918182353917 60.14839719350286)
Puurekisteri_piste.25774,25774,P-99101-76,,SUOMENLINNA,Puisto,PUISTOLEHMUS,Tilia,x vulgaris,70 cm -,,Helsinki/MAKA,2026-02-27,POINT (24.986374456062048 60.14833292376101)
Puurekisteri_piste.25776,25776,P-99101-78,,SUOMENLINNA,Puisto,METSÄVAAHTERA,Acer,platanoides,50 - 70 cm,,Helsinki/MAKA,2026-02-27,POINT (24.98640447337503 60.14844547212148)
Puurekisteri_piste.25777,25777,P-99101-79,,SUOMENLINNA,Puisto,METSÄVAAHTERA,Acer,platanoides,30 - 50 cm,,Helsinki/MAKA,2026-02-27,POINT (24.986429560719564 60.14856747414256)
Puurekisteri_piste.25778,25778,P-99101-80,,SUOMENLINNA,Puisto,METSÄVAAHTERA,Acer,platanoides,30 - 50 cm,,Helsinki/MAKA,2026-02-27,POINT (24.986345632477803 60.14854620797744)
Puurekisteri_piste.25779,25779,P-99101-81,,SUOMENLINNA,Puisto,METSÄVAAHTERA,Acer,platanoides,30 - 50 cm,,Helsinki/MAKA,2026-02-27,POINT (24.986250264662218 60.148547230509244)
Puurekisteri_piste.25780,25780,P-99101-82,,SUOMENLINNA,Puisto,METSÄVAAHTERA,Acer,platanoides,50 - 70 cm,,Helsinki/MAKA,2026-02-27,POINT (24.986270637922065 60.1485188733392)
Puurekisteri_piste.25781,25781,K-41533,MARJANIEMENTIE,,Katu,RAUDUSKOIVU,Betula,pendula,0 - 10 cm,,Helsinki/MAKA,2026-02-27,POINT (25.088635416984552 60.20387799829904)
Puurekisteri_piste.25784,25784,K-41536,MARJANIEMENTIE,,Katu,RAUDUSKOIVU,Betula,pendula,30 - 50 cm,,Helsinki/MAKA,2026-02-27,POINT (25.086940498883788 60.203706426714305)
Puurekisteri_piste.25785,25785,K-41537,MARJANIEMENTIE,,Katu,RAUDUSKOIVU,Betula,pendula,30 - 50 cm,,Helsinki/MAKA,2026-02-27,POINT (25.08675380991258 60.20368660827647)
Puurekisteri_piste.25786,25786,K-41538,MARJANIEMENTIE,,Katu,RAUDUSKOIVU,Betula,pendula,30 - 50 cm,,Helsinki/MAKA,2026-02-27,POINT (25.086576184558478 60.20366527871081)
Puurekisteri_piste.25346,25346,K-43930,KORVATUNTURINPOLKU,,Katu,SUOMENPIHLAJA,Sorbus,hybrida,10 - 20 cm,,Helsinki/MAKA,2026-02-27,POINT (25.111911526423008 60.24036119550486)
Puurekisteri_piste.25347,25347,K-43931,KORVATUNTURINPOLKU,,Katu,SUOMENPIHLAJA,Sorbus,hybrida,10 - 20 cm,,Helsinki/MAKA,2026-02-27,POINT (25.11189278755311 60.24030530658586)
Puurekisteri_piste.25348,25348,K-43932,KORVATUNTURINPOLKU,,Katu,SUOMENPIHLAJA,Sorbus,hybrida,10 - 20 cm,,Helsinki/MAKA,2026-02-27,POINT (25.111885745861542 60.24024311812156)
Puurekisteri_piste.25997,25997,K-42937,KOSKENHAANTIE,,Katu,KOTIPIHLAJA,Sorbus,aucuparia,10 - 20 cm,,Helsinki/MAKA,2026-02-27,POINT (25.09151631827408 60.240406336866)
Puurekisteri_piste.25998,25998,K-41252,MYLLYMATKANTIE,,Katu,METSÄVAAHTERA,Acer,platanoides,20 - 30 cm,,Helsinki/MAKA,2026-02-27,POINT (25.062404445005658 60.224578452414114)
Puurekisteri_piste.26015,26015,K-40751,ROIHUVUORENTIE,,Katu,KOTIPIHLAJA,Sorbus,aucuparia,0 - 10 cm,,Helsinki/MAKA,2026-02-27,POINT (25.053119834385353 60.19465481460242)
Puurekisteri_piste.26016,26016,K-40752,ROIHUVUORENTIE,,Katu,KOTIPIHLAJA,Sorbus,aucuparia,0 - 10 cm,,Helsinki/MAKA,2026-02-27,POINT (25.05309611294756 60.19458375381595)
Puurekisteri_piste.26017,26017,K-40753,ROIHUVUORENTIE,,Katu,KOTIPIHLAJA,Sorbus,aucuparia,10 - 20 cm,,Helsinki/MAKA,2026-02-27,POINT (25.053046088436155 60.194427184551934)
Puurekisteri_piste.26019,26019,K-40755,ROIHUVUORENTIE,,Katu,KOTIPIHLAJA,Sorbus,aucuparia,10 - 20 cm,,Helsinki/MAKA,2026-02-27,POINT (25.059619541455227 60.203115558039244)
Puurekisteri_piste.26020,26020,K-40756,ROIHUVUORENTIE,,Katu,KOTIPIHLAJA,Sorbus,aucuparia,10 - 20 cm,,Helsinki/MAKA,2026-02-27,POINT (25.059588760306525 60.203085433273216)
Puurekisteri_piste.26021,26021,K-40757,ROIHUVUORENTIE,,Katu,KOTIPIHLAJA,Sorbus,aucuparia,10 - 20 cm,,Helsinki/MAKA,2026-02-27,POINT (25.059658564682742 60.203090655554405)
Puurekisteri_piste.25274,25274,K-41907,SUOLAKIVENKATU,,Katu,PUISTOLEHMUS,Tilia,x vulgaris,0 - 10 cm,,Helsinki/MAKA,2026-02-27,POINT (25.027189918697854 60.18917129520477)
Puurekisteri_piste.25275,25275,K-41908,SUOLAKIVENKATU,,Katu,PUISTOLEHMUS,Tilia,x vulgaris,0 - 10 cm,,Helsinki/MAKA,2026-02-27,POINT (25.02705099594138 60.18918424148844)
Puurekisteri_piste.25276,25276,K-41909,SUOLAKIVENKATU,,Katu,PUISTOLEHMUS,Tilia,x vulgaris,0 - 10 cm,,Helsinki/MAKA,2026-02-27,POINT (25.026908842690037 60.189201498373954)
Puurekisteri_piste.25277,25277,K-41910,SUOLAKIVENKATU,,Katu,PUISTOLEHMUS,Tilia,x vulgaris,0 - 10 cm,,Helsinki/MAKA,2026-02-27,POINT (25.026760899315097 60.18921184874428)
Puurekisteri_piste.25278,25278,K-41911,SUOLAKIVENKATU,,Katu,PUISTOLEHMUS,Tilia,x vulgaris,0 - 10 cm,,Helsinki/MAKA,2026-02-27,POINT (25.026626115346815 60.189222816706376)
Puurekisteri_piste.25279,25279,K-41912,SUOLAKIVENKATU,,Katu,PUISTOLEHMUS,Tilia,x vulgaris,0 - 10 cm,,Helsinki/MAKA,2026-02-27,POINT (25.026487038783493 60.18924410957258)
Puurekisteri_piste.25280,25280,K-41913,SUOLAKIVENKATU,,Katu,PUISTOLEHMUS,Tilia,x vulgaris,0 - 10 cm,,Helsinki/MAKA,2026-02-27,POINT (25.026266698517134 60.18932919179824)
Puurekisteri_piste.25282,25282,K-41915,SUOLAKIVENKATU,,Katu,PUISTOLEHMUS,Tilia,x vulgaris,0 - 10 cm,,Helsinki/MAKA,2026-02-27,POINT (25.026169286951475 60.18947215639975)
Puurekisteri_piste.25283,25283,K-41916,SUOLAKIVENKATU,,Katu,PUISTOLEHMUS,Tilia,x vulgaris,0 - 10 cm,,Helsinki/MAKA,2026-02-27,POINT (25.026087282587703 60.18958620815712)
Puurekisteri_piste.25285,25285,K-41918,SUOLAKIVENKATU,,Katu,PUISTOLEHMUS,Tilia,x vulgaris,0 - 10 cm,,Helsinki/MAKA,2026-02-27,POINT (25.025881107989026 60.189874569345754)
Puurekisteri_piste.25288,25288,K-42833,KONTULANTIE,,Katu,PUISTOLEHMUS,Tilia,x vulgaris,10 - 20 cm,,Helsinki/MAKA,2026-02-27,POINT (25.08432708876715 60.235525762552065)
Puurekisteri_piste.25289,25289,K-42834,KONTULANTIE,,Katu,PUISTOLEHMUS,Tilia,x vulgaris,10 - 20 cm,,Helsinki/MAKA,2026-02-27,POINT (25.084511661337302 60.23558342527801)
Puurekisteri_piste.15794,15794,P-32006-54,,MERIPUISTO,Puisto,VUORIJALAVA,Ulmus,glabra,30 - 50 cm,,Helsinki/MAKA,2026-02-27,POINT (24.948585085291022 60.15570984579991)
Puurekisteri_piste.15795,15795,P-32006-55,,MERIPUISTO,Puisto,VUORIJALAVA,Ulmus,glabra,20 - 30 cm,,Helsinki/MAKA,2026-02-27,POINT (24.948710618882135 60.15572492831408)
Puurekisteri_piste.15796,15796,P-53004-234,,STANSVIKINKARTANO,Puisto,METSÄMÄNTY,Pinus,sylvestris,50 - 70 cm,,Helsinki/MAKA,2026-02-27,POINT (25.028806545891047 60.16282247040156)
Puurekisteri_piste.15797,15797,P-53004-235,,STANSVIKINKARTANO,Puisto,METSÄMÄNTY,Pinus,sylvestris,30 - 50 cm,,Helsinki/MAKA,2026-02-27,POINT (25.028869762308226 60.16284637487972)
Puurekisteri_piste.15798,15798,P-53004-236,,STANSVIKINKARTANO,Puisto,METSÄMÄNTY,Pinus,sylvestris,50 - 70 cm,,Helsinki/MAKA,2026-02-27,POINT (25.028988302425443 60.1629419363749)
Puurekisteri_piste.15800,15800,P-42001-137,,TÄHTITORNIN VUORI,Puisto,DOUGLASKUUSI,Pseudotsuga,menziesii,50 - 70 cm,,Helsinki/MAKA,2026-02-27,POINT (24.95054736133965 60.16218601286173)
Puurekisteri_piste.15801,15801,P-54037-638,,HERTTONIEMENKARTANO,Puisto,TERVALEPPÄ,Alnus,glutinosa,10 - 20 cm,,Helsinki/MAKA,2026-02-27,POINT (25.044311715832002 60.188906244666974)
Puurekisteri_piste.15802,15802,P-53004-112,,STANSVIKINKARTANO,Puisto,METSÄVAAHTERA,Acer,platanoides,10 - 20 cm,,Helsinki/MAKA,2026-02-27,POINT (25.031133715429387 60.16403561936192)
Puurekisteri_piste.12634,12634,P-43011-108,,KAPPELIESPLANADI,Puisto,PUISTOLEHMUS,Tilia,x vulgaris,30 - 50 cm,,Helsinki/MAKA,2026-02-27,POINT (24.945522606889796 60.167679606640725)
Puurekisteri_piste.12635,12635,P-43011-109,,KAPPELIESPLANADI,Puisto,PUISTOLEHMUS,Tilia,x vulgaris,20 - 30 cm,,Helsinki/MAKA,2026-02-27,POINT (24.945379917398963 60.1676809635526)
Puurekisteri_piste.12636,12636,P-33044-125,,TOPELIUKSEN PUISTO/POHJ.,Puisto,PUISTOLEHMUS,Tilia,x vulgaris,50 - 70 cm,,Helsinki/MAKA,2026-02-27,POINT (24.918631846479617 60.181650132719874)
Puurekisteri_piste.12638,12638,P-43005-31,,TOVE JANSSONIN PUISTO,Puisto,VUORIJALAVA,Ulmus,glabra,10 - 20 cm,,Helsinki/MAKA,2026-02-27,POINT (24.962258664054808 60.16805669743411)
Puurekisteri_piste.12639,12639,P-43005-32,,TOVE JANSSONIN PUISTO,Puisto,RAUDUSKOIVU,Betula,pendula,30 - 50 cm,,Helsinki/MAKA,2026-02-27,POINT (24.96224868282153 60.168006441388414)
Puurekisteri_piste.12640,12640,P-43005-33,,TOVE JANSSONIN PUISTO,Puisto,RAUDUSKOIVU,Betula,pendula,30 - 50 cm,,Helsinki/MAKA,2026-02-27,POINT (24.96208331959856 60.16794140233938)
Puurekisteri_piste.12641,12641,P-43005-34,,TOVE JANSSONIN PUISTO,Puisto,RAUDUSKOIVU,Betula,pendula,30 - 50 cm,,Helsinki/MAKA,2026-02-27,POINT (24.961823727364862 60.16786321035346)
Puurekisteri_piste.12648,12648,P-53003-1236,,TULLISAAREN KARTANO,Puisto,PALSAMIPIHTA,Abies,balsamea,0 - 10 cm,,Helsinki/MAKA,2026-02-27,POINT (25.0338188093105 60.180372963852825)
Puurekisteri_piste.12649,12649,P-53003-1237,,TULLISAAREN KARTANO,Puisto,PALSAMIPIHTA,Abies,balsamea,0 - 10 cm,,Helsinki/MAKA,2026-02-27,POINT (25.033853664566397 60.180377397514626)
Puurekisteri_piste.26022,26022,K-40758,ROIHUVUORENTIE,,Katu,KOTIPIHLAJA,Sorbus,aucuparia,10 - 20 cm,,Helsinki/MAKA,2026-02-27,POINT (25.05976222958938 60.20308668746739)
Puurekisteri_piste.26024,26024,K-40760,ROIHUVUORENTIE,,Katu,KOTIPIHLAJA,Sorbus,aucuparia,0 - 10 cm,,Helsinki/MAKA,2026-02-27,POINT (25.05972033162456 60.20298620800629)
Puurekisteri_piste.26025,26025,K-40761,ROIHUVUORENTIE,,Katu,KOTIPIHLAJA,Sorbus,aucuparia,10 - 20 cm,,Helsinki/MAKA,2026-02-27,POINT (25.059660160333575 60.20291375063949)
Puurekisteri_piste.26026,26026,K-40762,ROIHUVUORENTIE,,Katu,KOTIPIHLAJA,Sorbus,aucuparia,10 - 20 cm,,Helsinki/MAKA,2026-02-27,POINT (25.0596939845939 60.20289603383204)
Puurekisteri_piste.26027,26027,K-40763,ROIHUVUORENTIE,,Katu,KOTIPIHLAJA,Sorbus,aucuparia,10 - 20 cm,,Helsinki/MAKA,2026-02-27,POINT (25.059720210293847 60.202914944217)
Puurekisteri_piste.26031,26031,K-43462,KALLVIKINTIE,,Katu,ORAPIHLAJA,Crataegus,sp.,0 - 10 cm,,Helsinki/MAKA,2026-02-27,POINT (25.132971989780295 60.215914323023874)
Puurekisteri_piste.26032,26032,K-43463,KALLVIKINTIE,,Katu,ORAPIHLAJA,Crataegus,sp.,0 - 10 cm,,Helsinki/MAKA,2026-02-27,POINT (25.13298838905921 60.215883960235466)
Puurekisteri_piste.26033,26033,K-43464,KALLVIKINTIE,,Katu,ORAPIHLAJA,Crataegus,sp.,0 - 10 cm,,Helsinki/MAKA,2026-02-27,POINT (25.133056613310316 60.21575038818849)
Puurekisteri_piste.26034,26034,K-43465,KALLVIKINTIE,,Katu,ORAPIHLAJA,Crataegus,sp.,0 - 10 cm,,Helsinki/MAKA,2026-02-27,POINT (25.13306887464023 60.21572173732196)
Puurekisteri_piste.26035,26035,K-43466,KALLVIKINTIE,,Katu,ORAPIHLAJA,Crataegus,sp.,0 - 10 cm,,Helsinki/MAKA,2026-02-27,POINT (25.133080083833466 60.2156977553037)
Puurekisteri_piste.26040,26040,K-44177,KONTULANTIE,,Katu,HOPEASALAVA,Salix,alba,10 - 20 cm,,Helsinki/MAKA,2026-02-27,POINT (25.10297327629312 60.237059565796955)
Puurekisteri_piste.26041,26041,K-44178,KONTULANTIE,,Katu,HOPEASALAVA,Salix,alba,10 - 20 cm,,Helsinki/MAKA,2026-02-27,POINT (25.103113433755123 60.23707525942448)
Puurekisteri_piste.26043,26043,K-44180,KONTULANTIE,,Katu,HOPEASALAVA,Salix,alba,20 - 30 cm,,Helsinki/MAKA,2026-02-27,POINT (25.103361798286375 60.23710633122225)
Puurekisteri_piste.26045,26045,K-44182,KONTULANTIE,,Katu,HOPEASALAVA,Salix,alba,20 - 30 cm,,Helsinki/MAKA,2026-02-27,POINT (25.103638889112894 60.237142030090176)
Puurekisteri_piste.26046,26046,K-44183,KONTULANTIE,,Katu,HOPEASALAVA,Salix,alba,20 - 30 cm,,Helsinki/MAKA,2026-02-27,POINT (25.10378409628868 60.237156818533734)
Puurekisteri_piste.26047,26047,K-44184,KONTULANTIE,,Katu,HOPEASALAVA,Salix,alba,20 - 30 cm,,Helsinki/MAKA,2026-02-27,POINT (25.10389918431573 60.23717604627149)
Puurekisteri_piste.26048,26048,K-44185,KONTULANTIE,,Katu,HOPEASALAVA,Salix,alba,20 - 30 cm,,Helsinki/MAKA,2026-02-27,POINT (25.10402181243362 60.23718790378557)
Puurekisteri_piste.26049,26049,K-44186,KONTULANTIE,,Katu,HOPEASALAVA,Salix,alba,20 - 30 cm,,Helsinki/MAKA,2026-02-27,POINT (25.104143374195647 60.23720272449126)
Puurekisteri_piste.26050,26050,K-44187,KONTULANTIE,,Katu,HOPEASALAVA,Salix,alba,20 - 30 cm,,Helsinki/MAKA,2026-02-27,POINT (25.104272312062058 60.23721313699701)
Puurekisteri_piste.26052,26052,K-44189,KONTULANTIE,,Katu,HOPEASALAVA,Salix,alba,10 - 20 cm,,Helsinki/MAKA,2026-02-27,POINT (25.10451869874226 60.23724519664899)
Puurekisteri_piste.26053,26053,K-44190,KONTULANTIE,,Katu,HOPEASALAVA,Salix,alba,10 - 20 cm,,Helsinki/MAKA,2026-02-27,POINT (25.104655426166822 60.237260534390664)
Puurekisteri_piste.26055,26055,K-44192,KONTULANTIE,,Katu,HOPEASALAVA,Salix,alba,20 - 30 cm,,Helsinki/MAKA,2026-02-27,POINT (25.10490467995223 60.23728872998515)
Puurekisteri_piste.26080,26080,K-44286,KIVIKONKAARI,,Katu,METSÄVAAHTERA,Acer,platanoides,10 - 20 cm,,Helsinki/MAKA,2026-02-27,POINT (25.061895555866762 60.23295130599027)
Puurekisteri_piste.26081,26081,K-44287,KIVIKONKAARI,,Katu,METSÄVAAHTERA,Acer,platanoides,10 - 20 cm,,Helsinki/MAKA,2026-02-27,POINT (25.061967995640895 60.2330088500702)
Puurekisteri_piste.26083,26083,K-44289,KIVIKONKAARI,,Katu,METSÄVAAHTERA,Acer,platanoides,0 - 10 cm,,Helsinki/MAKA,2026-02-27,POINT (25.062108768608894 60.23313408453443)
Puurekisteri_piste.26084,26084,K-44290,KIVIKONKAARI,,Katu,METSÄVAAHTERA,Acer,platanoides,0 - 10 cm,,Helsinki/MAKA,2026-02-27,POINT (25.062368934928227 60.23336465075706)
Puurekisteri_piste.26086,26086,K-34327,KOSKELANTIE,,Katu,PUISTOLEHMUS,Tilia,x vulgaris,50 - 70 cm,,Helsinki/MAKA,2026-02-27,POINT (24.960632894896175 60.21403624855182)
Puurekisteri_piste.26087,26087,K-34329,KOSKELANTIE,,Katu,PUISTOLEHMUS,Tilia,x vulgaris,50 - 70 cm,,Helsinki/MAKA,2026-02-27,POINT (24.960774364052273 60.21408090267418)
Puurekisteri_piste.26088,26088,K-42256,MUUNTAJANKATU,,Katu,PUISTOLEHMUS,Tilia,x vulgaris,10 - 20 cm,,Helsinki/MAKA,2026-02-27,POINT (25.048031544616933 60.20525963667336)
Puurekisteri_piste.26089,26089,K-42257,MUUNTAJANKATU,,Katu,PUISTOLEHMUS,Tilia,x vulgaris,10 - 20 cm,,Helsinki/MAKA,2026-02-27,POINT (25.047962985343357 60.205297219258306)
Puurekisteri_piste.26090,26090,K-42258,MUUNTAJANKATU,,Katu,PUISTOLEHMUS,Tilia,x vulgaris,10 - 20 cm,,Helsinki/MAKA,2026-02-27,POINT (25.047590952620713 60.205433102883056)
Puurekisteri_piste.26091,26091,K-42259,MUUNTAJANKATU,,Katu,PUISTOLEHMUS,Tilia,x vulgaris,10 - 20 cm,,Helsinki/MAKA,2026-02-27,POINT (25.047344285541673 60.20553251580207)
Puurekisteri_piste.26092,26092,K-42260,SIILITIE,,Katu,RAUDUSKOIVU,Betula,pendula,10 - 20 cm,,Helsinki/MAKA,2026-02-27,POINT (25.043875188877813 60.20661129427843)
Puurekisteri_piste.26093,26093,K-42261,SIILITIE,,Katu,RAUDUSKOIVU,Betula,pendula,30 - 50 cm,,Helsinki/MAKA,2026-02-27,POINT (25.043750150676793 60.20664183665112)
Puurekisteri_piste.26095,26095,K-42263,SIILITIE,,Katu,RAUDUSKOIVU,Betula,pendula,30 - 50 cm,,Helsinki/MAKA,2026-02-27,POINT (25.043525955576435 60.20668178745673)
Puurekisteri_piste.26096,26096,K-42264,SIILITIE,,Katu,RAUDUSKOIVU,Betula,pendula,20 - 30 cm,,Helsinki/MAKA,2026-02-27,POINT (25.043449540787915 60.20669255648852)
Puurekisteri_piste.26097,26097,K-42265,SIILITIE,,Katu,RAUDUSKOIVU,Betula,pendula,30 - 50 cm,,Helsinki/MAKA,2026-02-27,POINT (25.04336090497906 60.20671266488188)
Puurekisteri_piste.26098,26098,K-42266,SIILITIE,,Katu,RAUDUSKOIVU,Betula,pendula,30 - 50 cm,,Helsinki/MAKA,2026-02-27,POINT (25.043273795647828 60.206729589093484)
Puurekisteri_piste.26099,26099,K-42267,SIILITIE,,Katu,RAUDUSKOIVU,Betula,pendula,50 - 70 cm,,Helsinki/MAKA,2026-02-27,POINT (25.043047172603085 60.20677882202243)
Puurekisteri_piste.26100,26100,K-42268,SIILITIE,,Katu,RAUDUSKOIVU,Betula,pendula,10 - 20 cm,,Helsinki/MAKA,2026-02-27,POINT (25.0428592091611 60.20681301173038)
Puurekisteri_piste.26102,26102,K-41010,MYLLYPURONTIE,,Katu,RAUDUSKOIVU,Betula,pendula,30 - 50 cm,,Helsinki/MAKA,2026-02-27,POINT (25.072283165632328 60.227186785907506)
Puurekisteri_piste.26103,26103,K-41011,MYLLYPURONTIE,,Katu,RAUDUSKOIVU,Betula,pendula,30 - 50 cm,,Helsinki/MAKA,2026-02-27,POINT (25.072393148126288 60.2271670940819)
Puurekisteri_piste.26104,26104,K-41012,MYLLYPURONTIE,,Katu,RAUDUSKOIVU,Betula,pendula,30 - 50 cm,,Helsinki/MAKA,2026-02-27,POINT (25.07249962976622 60.22713178920598)
Puurekisteri_piste.26105,26105,K-41013,MYLLYPURONTIE,,Katu,RAUDUSKOIVU,Betula,pendula,30 - 50 cm,,Helsinki/MAKA,2026-02-27,POINT (25.07260755890327 60.227097380109264)
Puurekisteri_piste.26106,26106,K-41014,MYLLYPURONTIE,,Katu,RAUDUSKOIVU,Betula,pendula,30 - 50 cm,,Helsinki/MAKA,2026-02-27,POINT (25.072716193791894 60.227059559504525)
Puurekisteri_piste.26108,26108,K-41016,MYLLYPURONTIE,,Katu,RAUDUSKOIVU,Betula,pendula,30 - 50 cm,,Helsinki/MAKA,2026-02-27,POINT (25.07295540386208 60.22700695931655)
Puurekisteri_piste.26109,26109,K-41017,MYLLYPURONTIE,,Katu,RAUDUSKOIVU,Betula,pendula,30 - 50 cm,,Helsinki/MAKA,2026-02-27,POINT (25.073021387763262 60.22695518598429)
Puurekisteri_piste.26110,26110,K-41018,MYLLYPURONTIE,,Katu,RAUDUSKOIVU,Betula,pendula,20 - 30 cm,,Helsinki/MAKA,2026-02-27,POINT (25.073117950590987 60.22692141778565)
Puurekisteri_piste.26111,26111,K-41019,MYLLYPURONTIE,,Katu,RAUDUSKOIVU,Betula,pendula,30 - 50 cm,,Helsinki/MAKA,2026-02-27,POINT (25.07320236495771 60.22687509810354)
Puurekisteri_piste.26112,26112,K-41020,MYLLYPURONTIE,,Katu,RAUDUSKOIVU,Betula,pendula,30 - 50 cm,,Helsinki/MAKA,2026-02-27,POINT (25.07329794333828 60.22682373937383)
Puurekisteri_piste.26115,26115,K-42326,SIILITIE,,Katu,RAUDUSKOIVU,Betula,pendula,50 - 70 cm,,Helsinki/MAKA,2026-02-27,POINT (25.036852793938756 60.21015359123297)
Puurekisteri_piste.26116,26116,K-42327,SIILITIE,,Katu,RAUDUSKOIVU,Betula,pendula,20 - 30 cm,,Helsinki/MAKA,2026-02-27,POINT (25.036816736274996 60.21019485694907)
Puurekisteri_piste.26117,26117,K-42328,SIILITIE,,Katu,RAUDUSKOIVU,Betula,pendula,20 - 30 cm,,Helsinki/MAKA,2026-02-27,POINT (25.03680406727724 60.210233372034644)
Puurekisteri_piste.26118,26118,K-42329,SIILITIE,,Katu,RAUDUSKOIVU,Betula,pendula,20 - 30 cm,,Helsinki/MAKA,2026-02-27,POINT (25.03676564717861 60.21028312877316)
Puurekisteri_piste.26119,26119,K-42330,SIILITIE,,Katu,RAUDUSKOIVU,Betula,pendula,30 - 50 cm,,Helsinki/MAKA,2026-02-27,POINT (25.036734747960033 60.210405776111735)
Puurekisteri_piste.26121,26121,K-42332,SIILITIE,,Katu,RAUDUSKOIVU,Betula,pendula,20 - 30 cm,,Helsinki/MAKA,2026-02-27,POINT (25.036751108384912 60.21055805459641)
Puurekisteri_piste.26122,26122,K-41562,MARJANIEMENTIE,,Katu,RAUDUSKOIVU,Betula,pendula,30 - 50 cm,,Helsinki/MAKA,2026-02-27,POINT (25.088372292691677 60.20377488716462)
Puurekisteri_piste.26123,26123,K-41173,KAUPPAKARTANONKATU,,Katu,PUISTOLEHMUS,Tilia,x vulgaris,20 - 30 cm,,Helsinki/MAKA,2026-02-27,POINT (25.08636746367638 60.20897801789494)
Puurekisteri_piste.26124,26124,K-41174,KAUPPAKARTANONKATU,,Katu,PUISTOLEHMUS,Tilia,x vulgaris,20 - 30 cm,,Helsinki/MAKA,2026-02-27,POINT (25.085771499606594 60.20881603891449)
Puurekisteri_piste.25166,25166,P-33045-425,,SIBELIUKSEN PUISTO (A),Puisto,RAUDUSKOIVU,Betula,pendula,30 - 50 cm,,Helsinki/MAKA,2026-02-27,POINT (24.914448069675593 60.18257440600479)
Puurekisteri_piste.25167,25167,P-33045-426,,SIBELIUKSEN PUISTO (A),Puisto,RAUDUSKOIVU,Betula,pendula,50 - 70 cm,,Helsinki/MAKA,2026-02-27,POINT (24.91424839316379 60.18259666110874)
Puurekisteri_piste.25168,25168,P-33045-427,,SIBELIUKSEN PUISTO (A),Puisto,METSÄKUUSI,Picea,abies,30 - 50 cm,,Helsinki/MAKA,2026-02-27,POINT (24.914296155937517 60.18262812173392)
Puurekisteri_piste.25169,25169,P-33045-428,,SIBELIUKSEN PUISTO (A),Puisto,RAUDUSKOIVU,Betula,pendula,50 - 70 cm,,Helsinki/MAKA,2026-02-27,POINT (24.91420857009624 60.18267755208096)
Puurekisteri_piste.25171,25171,P-33045-430,,SIBELIUKSEN PUISTO (A),Puisto,METSÄMÄNTY,Pinus,sylvestris,30 - 50 cm,,Helsinki/MAKA,2026-02-27,POINT (24.914193523180735 60.18273403079443)
Puurekisteri_piste.25172,25172,K-26888,LAIVALAHDENKAARI,,Katu,VUORIJALAVA,Ulmus,glabra,10 - 20 cm,1998,Helsinki/MAKA,2026-02-27,POINT (25.036573098534234 60.190014371253056)
Puurekisteri_piste.25173,25173,K-26890,LAIVALAHDENKAARI,,Katu,VUORIJALAVA,Ulmus,glabra,10 - 20 cm,1998,Helsinki/MAKA,2026-02-27,POINT (25.036531302825704 60.190122560360706)
Puurekisteri_piste.25174,25174,K-26892,LAIVALAHDENKAARI,,Katu,VUORIJALAVA,Ulmus,glabra,10 - 20 cm,1998,Helsinki/MAKA,2026-02-27,POINT (25.036498316376065 60.190224369281076)
Puurekisteri_piste.25234,25234,P-33045-517,,SIBELIUKSEN PUISTO (A),Puisto,TERVALEPPÄ,Alnus,glutinosa,50 - 70 cm,,Helsinki/MAKA,2026-02-27,POINT (24.914232870121815 60.18137854248275)
Puurekisteri_piste.25235,25235,K-33877,FRANZENINKATU,,Katu,PUISTOLEHMUS,Tilia,x vulgaris,10 - 20 cm,,Helsinki/MAKA,2026-02-27,POINT (24.953541393972245 60.18557028250373)
Puurekisteri_piste.25644,25644,P-33046-143,,SIBELIUKSEN PUISTO (B),Puisto,HIESKOIVU,Betula,pubescens,30 - 50 cm,,Helsinki/MAKA,2026-02-27,POINT (24.916752280291853 60.18186574852195)
Puurekisteri_piste.25645,25645,P-33046-144,,SIBELIUKSEN PUISTO (B),Puisto,HIESKOIVU,Betula,pubescens,30 - 50 cm,,Helsinki/MAKA,2026-02-27,POINT (24.916764903729057 60.18181436416692)
Puurekisteri_piste.25646,25646,P-33046-145,,SIBELIUKSEN PUISTO (B),Puisto,RAUDUSKOIVU,Betula,pendula,30 - 50 cm,,Helsinki/MAKA,2026-02-27,POINT (24.916724953091165 60.181706554209796)
Puurekisteri_piste.25647,25647,P-33046-146,,SIBELIUKSEN PUISTO (B),Puisto,HIESKOIVU,Betula,pubescens,30 - 50 cm,,Helsinki/MAKA,2026-02-27,POINT (24.916707445180467 60.181687366476275)
Puurekisteri_piste.25648,25648,P-33046-147,,SIBELIUKSEN PUISTO (B),Puisto,METSÄHAAPA,Populus,tremula,50 - 70 cm,,Helsinki/MAKA,2026-02-27,POINT (24.91635811588899 60.18169869366596)
Puurekisteri_piste.25649,25649,P-33046-148,,SIBELIUKSEN PUISTO (B),Puisto,METSÄMÄNTY,Pinus,sylvestris,30 - 50 cm,,Helsinki/MAKA,2026-02-27,POINT (24.916072689377877 60.18177630524633)
Puurekisteri_piste.25651,25651,P-33046-150,,SIBELIUKSEN PUISTO (B),Puisto,METSÄVAAHTERA,Acer,platanoides,50 - 70 cm,,Helsinki/MAKA,2026-02-27,POINT (24.915970700422086 60.18171917613917)
Puurekisteri_piste.25653,25653,P-33046-152,,SIBELIUKSEN PUISTO (B),Puisto,KOTIPIHLAJA,Sorbus,aucuparia,0 - 10 cm,,Helsinki/MAKA,2026-02-27,POINT (24.915789459480944 60.18179112174973)
Puurekisteri_piste.25654,25654,P-33046-153,,SIBELIUKSEN PUISTO (B),Puisto,KOTIPIHLAJA,Sorbus,aucuparia,10 - 20 cm,,Helsinki/MAKA,2026-02-27,POINT (24.91574393528688 60.18177498538287)
Puurekisteri_piste.25655,25655,P-33046-154,,SIBELIUKSEN PUISTO (B),Puisto,KOTIPIHLAJA,Sorbus,aucuparia,10 - 20 cm,,Helsinki/MAKA,2026-02-27,POINT (24.91582623406441 60.181769755500774)
Puurekisteri_piste.25656,25656,P-33046-155,,SIBELIUKSEN PUISTO (B),Puisto,KOTIPIHLAJA,Sorbus,aucuparia,10 - 20 cm,,Helsinki/MAKA,2026-02-27,POINT (24.915776333172097 60.18174795003556)
Puurekisteri_piste.25657,25657,P-33046-156,,SIBELIUKSEN PUISTO (B),Puisto,KOTIPIHLAJA,Sorbus,aucuparia,10 - 20 cm,,Helsinki/MAKA,2026-02-27,POINT (24.915899779749253 60.18175013483845)
Puurekisteri_piste.25658,25658,P-33046-157,,SIBELIUKSEN PUISTO (B),Puisto,PIHLAJA,Sorbus,sp.,10 - 20 cm,,Helsinki/MAKA,2026-02-27,POINT (24.915885778206853 60.18170391058443)
Puurekisteri_piste.25659,25659,P-33046-158,,SIBELIUKSEN PUISTO (B),Puisto,PIHLAJA,Sorbus,sp.,0 - 10 cm,,Helsinki/MAKA,2026-02-27,POINT (24.915944444284584 60.18165463639757)
Puurekisteri_piste.25660,25660,P-33028-1,,HESPERIANRANTAPUISTO,Puisto,KUJASALAVA,Salix,x rubens,50 - 70 cm,,Helsinki/MAKA,2026-02-27,POINT (24.933179078374216 60.17711111158229)
Puurekisteri_piste.25661,25661,P-33028-2,,HESPERIANRANTAPUISTO,Puisto,KUJASALAVA,Salix,x rubens,50 - 70 cm,,Helsinki/MAKA,2026-02-27,POINT (24.93303131127455 60.17713641307999)
Puurekisteri_piste.25662,25662,P-33028-3,,HESPERIANRANTAPUISTO,Puisto,KUJASALAVA,Salix,x rubens,50 - 70 cm,,Helsinki/MAKA,2026-02-27,POINT (24.932883542254512 60.177157218851605)
Puurekisteri_piste.25663,25663,P-33030-291,,HESPERIANPUISTO,Puisto,HEVOSKASTANJA,Aesculus,hippocastanum,10 - 20 cm,,Helsinki/MAKA,2026-02-27,POINT (24.93007308728216 60.17907416557347)
Puurekisteri_piste.25664,25664,P-34020-456,,ALPPIPUISTO,Puisto,PUISTOLEHMUS,Tilia,x vulgaris,30 - 50 cm,,Helsinki/MAKA,2026-02-27,POINT (24.938105777922342 60.18889864516005)
Puurekisteri_piste.25665,25665,K-39927,TYYNYLAAVANTIE,,Katu,PUISTOLEHMUS,Tilia,x vulgaris,0 - 10 cm,,Helsinki/MAKA,2026-02-27,POINT (25.13982937571184 60.207180150629696)
Puurekisteri_piste.25666,25666,K-39928,TYYNYLAAVANTIE,,Katu,PUISTOLEHMUS,Tilia,x vulgaris,0 - 10 cm,,Helsinki/MAKA,2026-02-27,POINT (25.139934025648284 60.20718814520156)
Puurekisteri_piste.25667,25667,K-39929,TYYNYLAAVANTIE,,Katu,PUISTOLEHMUS,Tilia,x vulgaris,10 - 20 cm,,Helsinki/MAKA,2026-02-27,POINT (25.140389571608072 60.207216561091926)
Puurekisteri_piste.25668,25668,K-39930,TYYNYLAAVANTIE,,Katu,PUISTOLEHMUS,Tilia,x vulgaris,0 - 10 cm,,Helsinki/MAKA,2026-02-27,POINT (25.140514803670747 60.20722802147851)
Puurekisteri_piste.25669,25669,K-39931,TYYNYLAAVANTIE,,Katu,PUISTOLEHMUS,Tilia,x vulgaris,0 - 10 cm,,Helsinki/MAKA,2026-02-27,POINT (25.140843532638865 60.207250542738436)
Puurekisteri_piste.25671,25671,K-39197,HIEKKAJAALANRANTA,,Katu,PUISTOLEHMUS,Tilia,x vulgaris,10 - 20 cm,,Helsinki/MAKA,2026-02-27,POINT (25.14141422479279 60.19950882224197)
Puurekisteri_piste.25672,25672,K-39198,HIEKKAJAALANRANTA,,Katu,PUISTOLEHMUS,Tilia,x vulgaris,10 - 20 cm,,Helsinki/MAKA,2026-02-27,POINT (25.141243485427815 60.19953594261442)
Puurekisteri_piste.25673,25673,K-39199,HIEKKALAITURINAUKIO,,Katu,PUNASAARNI,Fraxinus,pennsylvanica,10 - 20 cm,,Helsinki/MAKA,2026-02-27,POINT (25.142888206440038 60.20234301401526)
Puurekisteri_piste.25674,25674,K-34467,KOSKELANTIE,,Katu,PUISTOLEHMUS,Tilia,x vulgaris,50 - 70 cm,,Helsinki/MAKA,2026-02-27,POINT (24.96572695245565 60.2153984071346)
Puurekisteri_piste.25675,25675,K-34469,KOSKELANTIE,,Katu,PUISTOLEHMUS,Tilia,x vulgaris,50 - 70 cm,,Helsinki/MAKA,2026-02-27,POINT (24.9658875484832 60.215438292402055)
Puurekisteri_piste.25678,25678,K-34475,KOSKELANTIE,,Katu,PUISTOLEHMUS,Tilia,x vulgaris,50 - 70 cm,,Helsinki/MAKA,2026-02-27,POINT (24.96636231478448 60.215565757935906)
Puurekisteri_piste.25679,25679,K-34477,KOSKELANTIE,,Katu,PUISTOLEHMUS,Tilia,x vulgaris,50 - 70 cm,,Helsinki/MAKA,2026-02-27,POINT (24.966519669997176 60.21560887465375)
Puurekisteri_piste.25680,25680,K-34479,KOSKELANTIE,,Katu,PUISTOLEHMUS,Tilia,x vulgaris,50 - 70 cm,,Helsinki/MAKA,2026-02-27,POINT (24.966674868183254 60.21565710782826)
Puurekisteri_piste.25681,25681,K-34481,KOSKELANTIE,,Katu,PUISTOLEHMUS,Tilia,x vulgaris,50 - 70 cm,,Helsinki/MAKA,2026-02-27,POINT (24.966839246107238 60.21569088744548)
Puurekisteri_piste.25683,25683,K-34485,KOSKELANTIE,,Katu,PUISTOLEHMUS,Tilia,x vulgaris,50 - 70 cm,,Helsinki/MAKA,2026-02-27,POINT (24.967159370443166 60.21577675864581)
Puurekisteri_piste.25684,25684,P-99101-141,,SUOMENLINNA,Puisto,LEHTOSAARNI,Fraxinus,excelsior,0 - 10 cm,,Helsinki/MAKA,2026-02-27,POINT (24.989715363315558 60.1466934215459)
Puurekisteri_piste.25685,25685,P-99101-142,,SUOMENLINNA,Puisto,LEHTOSAARNI,Fraxinus,excelsior,0 - 10 cm,,Helsinki/MAKA,2026-02-27,POINT (24.989798206361048 60.14670673765741)
Puurekisteri_piste.14691,14691,P-53004-217,,STANSVIKINKARTANO,Puisto,RAUDUSKOIVU,Betula,pendula,30 - 50 cm,,Helsinki/MAKA,2026-02-27,POINT (25.02883089801064 60.16276704387379)
Puurekisteri_piste.14692,14692,P-53004-218,,STANSVIKINKARTANO,Puisto,RAUDUSKOIVU,Betula,pendula,30 - 50 cm,,Helsinki/MAKA,2026-02-27,POINT (25.02883868928107 60.16275784495562)
Puurekisteri_piste.14694,14694,P-53004-220,,STANSVIKINKARTANO,Puisto,RAUDUSKOIVU,Betula,pendula,10 - 20 cm,,Helsinki/MAKA,2026-02-27,POINT (25.028701260259655 60.162730852467114)
Puurekisteri_piste.14698,14698,P-33065-9,,VÄINÄMÖISENPUISTIKKO,Puisto,PUISTOLEHMUS,Tilia,x vulgaris,30 - 50 cm,,Helsinki/MAKA,2026-02-27,POINT (24.918782666232755 60.17067194520829)
Puurekisteri_piste.14699,14699,P-42001-282,,TÄHTITORNIN VUORI,Puisto,METSÄVAAHTERA,Acer,platanoides,70 cm -,,Helsinki/MAKA,2026-02-27,POINT (24.953536833334635 60.16298503090028)
Puurekisteri_piste.14701,14701,P-53003-173,,TULLISAAREN KARTANO,Puisto,LEHTOSAARNI,Fraxinus,excelsior,30 - 50 cm,,Helsinki/MAKA,2026-02-27,POINT (25.031463313718923 60.1781060008379)
Puurekisteri_piste.14702,14702,P-33253-70,,TOIVO KUULAN PUISTO,Puisto,RAUDUSKOIVU,Betula,pendula,50 - 70 cm,,Helsinki/MAKA,2026-02-27,POINT (24.91197775327024 60.17860356281505)
Puurekisteri_piste.14703,14703,P-33253-71,,TOIVO KUULAN PUISTO,Puisto,RAUDUSKOIVU,Betula,pendula,30 - 50 cm,,Helsinki/MAKA,2026-02-27,POINT (24.91198566866583 60.17855530933566)
Puurekisteri_piste.14704,14704,P-33253-72,,TOIVO KUULAN PUISTO,Puisto,RAUDUSKOIVU,Betula,pendula,50 - 70 cm,,Helsinki/MAKA,2026-02-27,POINT (24.91207754535727 60.17852528026971)
Puurekisteri_piste.14705,14705,P-44017-77,,KATRI VALAN PUISTO,Puisto,KUJASALAVA,Salix,x rubens,50 - 70 cm,,Helsinki/MAKA,2026-02-27,POINT (24.965303404886225 60.18619740488312)
Puurekisteri_piste.13886,13886,P-54037-688,,HERTTONIEMENKARTANO,Puisto,MÄNTY,Pinus,sp.,70 cm -,,Helsinki/MAKA,2026-02-27,POINT (25.045482806612547 60.18906160927363)
Puurekisteri_piste.14706,14706,K-5333,HAKANIEMENRANTA,,Katu,PUISTOLEHMUS,Tilia,x vulgaris,20 - 30 cm,,Helsinki/MAKA,2026-02-27,POINT (24.953257876809747 60.178459929102246)
Puurekisteri_piste.14708,14708,P-54037-334,,HERTTONIEMENKARTANO,Puisto,TERVALEPPÄ,Alnus,glutinosa,70 cm -,,Helsinki/MAKA,2026-02-27,POINT (25.042735101297268 60.18873266761146)
Puurekisteri_piste.14709,14709,P-54037-335,,HERTTONIEMENKARTANO,Puisto,LEPPÄ,Alnus,sp.,50 - 70 cm,,Helsinki/MAKA,2026-02-27,POINT (25.042709767956246 60.18874356184642)
Puurekisteri_piste.14710,14710,P-54037-336,,HERTTONIEMENKARTANO,Puisto,KOIVU,Betula,sp.,70 cm -,,Helsinki/MAKA,2026-02-27,POINT (25.04254632929634 60.18873688561689)
Puurekisteri_piste.14715,14715,P-42001-362,,TÄHTITORNIN VUORI,Puisto,RAUDUSKOIVU,Betula,pendula,10 - 20 cm,,Helsinki/MAKA,2026-02-27,POINT (24.95242937499444 60.16216959302745)
Puurekisteri_piste.14717,14717,P-53003-480,,TULLISAAREN KARTANO,Puisto,METSÄTAMMI,Quercus,robur,30 - 50 cm,,Helsinki/MAKA,2026-02-27,POINT (25.02719097601605 60.17836501439864)
Puurekisteri_piste.14718,14718,P-53003-481,,TULLISAAREN KARTANO,Puisto,LEHTOSAARNI,Fraxinus,excelsior,20 - 30 cm,,Helsinki/MAKA,2026-02-27,POINT (25.02708663043769 60.17839187166678)
Puurekisteri_piste.14722,14722,P-32008-20,,URSININKALLIO,Puisto,RAUDUSKOIVU,Betula,pendula,10 - 20 cm,,Helsinki/MAKA,2026-02-27,POINT (24.939363564492062 60.15424158969864)
Puurekisteri_piste.14723,14723,P-32008-21,,URSININKALLIO,Puisto,RAUDUSKOIVU,Betula,pendula,10 - 20 cm,,Helsinki/MAKA,2026-02-27,POINT (24.939522162649965 60.15423085593563)
Puurekisteri_piste.14724,14724,P-32008-22,,URSININKALLIO,Puisto,RAUDUSKOIVU,Betula,pendula,20 - 30 cm,,Helsinki/MAKA,2026-02-27,POINT (24.939592706665646 60.15422672704356)
Puurekisteri_piste.14725,14725,P-34010-53,,JOSAFATINKALLIOT,Puisto,TERVALEPPÄ,Alnus,glutinosa,20 - 30 cm,,Helsinki/MAKA,2026-02-27,POINT (24.943934874005354 60.186681325124496)
Puurekisteri_piste.14726,14726,P-33031-83,,HAKASALMENPUISTO,Puisto,METSÄVAAHTERA,Acer,platanoides,20 - 30 cm,,Helsinki/MAKA,2026-02-27,POINT (24.93143957262022 60.176906669664774)
Puurekisteri_piste.14727,14727,P-33031-84,,HAKASALMENPUISTO,Puisto,TUOMI,Prunus,padus,30 - 50 cm,,Helsinki/MAKA,2026-02-27,POINT (24.931504593130732 60.17681433612336)
Puurekisteri_piste.14728,14728,P-33031-85,,HAKASALMENPUISTO,Puisto,TUOMI,Prunus,padus,10 - 20 cm,,Helsinki/MAKA,2026-02-27,POINT (24.93159494986726 60.17678407823451)
Puurekisteri_piste.14729,14729,P-53003-462,,TULLISAAREN KARTANO,Puisto,TERVALEPPÄ,Alnus,glutinosa,20 - 30 cm,,Helsinki/MAKA,2026-02-27,POINT (25.027826063239313 60.178366755069405)
Puurekisteri_piste.14730,14730,P-53004-118,,STANSVIKINKARTANO,Puisto,ISOLEHTILEHMUS,Tilia,platyphyllos,0 - 10 cm,,Helsinki/MAKA,2026-02-27,POINT (25.03076834095155 60.16393070556976)
Puurekisteri_piste.14732,14732,P-33044-208,,TOPELIUKSEN PUISTO/POHJ.,Puisto,PUISTOLEHMUS,Tilia,x vulgaris,50 - 70 cm,,Helsinki/MAKA,2026-02-27,POINT (24.919254349429327 60.18094930140863)
Puurekisteri_piste.26075,26075,K-44281,KIVIKONKAARI,,Katu,METSÄVAAHTERA,Acer,platanoides,10 - 20 cm,,Helsinki/MAKA,2026-02-27,POINT (25.061330477347045 60.23244704756582)
Puurekisteri_piste.26076,26076,K-44282,KIVIKONKAARI,,Katu,METSÄVAAHTERA,Acer,platanoides,10 - 20 cm,,Helsinki/MAKA,2026-02-27,POINT (25.061401497382615 60.23251069664639)
Puurekisteri_piste.26077,26077,K-44283,KIVIKONKAARI,,Katu,METSÄVAAHTERA,Acer,platanoides,0 - 10 cm,,Helsinki/MAKA,2026-02-27,POINT (25.061478468039187 60.23257308282821)
Puurekisteri_piste.26079,26079,K-44285,KIVIKONKAARI,,Katu,METSÄVAAHTERA,Acer,platanoides,10 - 20 cm,,Helsinki/MAKA,2026-02-27,POINT (25.061835908733507 60.23288872211002)
Puurekisteri_piste.15804,15804,K-7831,ISOKAARI,,Katu,OMENAPUU,Malus,sp.,10 - 20 cm,,Helsinki/MAKA,2026-02-27,POINT (24.871234447133414 60.15768952868346)
Puurekisteri_piste.15805,15805,K-7235,KELLOSAARENKATU,,Katu,KOTIPIHLAJA,Sorbus,aucuparia,10 - 20 cm,,Helsinki/MAKA,2026-02-27,POINT (24.911230130185128 60.1622986078343)
Puurekisteri_piste.15806,15806,P-54037-560,,HERTTONIEMENKARTANO,Puisto,TERVALEPPÄ,Alnus,glutinosa,10 - 20 cm,,Helsinki/MAKA,2026-02-27,POINT (25.04454490199836 60.190036568875584)
Puurekisteri_piste.15807,15807,P-54037-561,,HERTTONIEMENKARTANO,Puisto,PIHLAJA,Sorbus,sp.,0 - 10 cm,,Helsinki/MAKA,2026-02-27,POINT (25.04464968977447 60.190042547188135)
Puurekisteri_piste.15808,15808,P-54037-562,,HERTTONIEMENKARTANO,Puisto,KUUSI,Picea,sp.,50 - 70 cm,,Helsinki/MAKA,2026-02-27,POINT (25.04477900120287 60.18994913043209)
Puurekisteri_piste.15809,15809,P-42001-539,,TÄHTITORNIN VUORI,Puisto,METSÄVAAHTERA,Acer,platanoides,10 - 20 cm,,Helsinki/MAKA,2026-02-27,POINT (24.955973438719735 60.16182377528273)
Puurekisteri_piste.15810,15810,P-33020-220,,TOKOINRANTA,Puisto,OMENAPUU,Malus,sp.,10 - 20 cm,,Helsinki/MAKA,2026-02-27,POINT (24.941742459421317 60.18071739306262)
Puurekisteri_piste.15813,15813,P-42001-352,,TÄHTITORNIN VUORI,Puisto,RAUDUSKOIVU,Betula,pendula,10 - 20 cm,,Helsinki/MAKA,2026-02-27,POINT (24.952075191470264 60.16229814081419)
Puurekisteri_piste.15814,15814,P-42001-353,,TÄHTITORNIN VUORI,Puisto,RAUDUSKOIVU,Betula,pendula,30 - 50 cm,,Helsinki/MAKA,2026-02-27,POINT (24.952157719869227 60.16228808495335)
Puurekisteri_piste.15816,15816,P-54037-515,,HERTTONIEMENKARTANO,Puisto,KUUSI,Picea,sp.,30 - 50 cm,,Helsinki/MAKA,2026-02-27,POINT (25.045277006679783 60.189283288675185)
Puurekisteri_piste.15817,15817,P-54037-516,,HERTTONIEMENKARTANO,Puisto,KOIVU,Betula,sp.,30 - 50 cm,,Helsinki/MAKA,2026-02-27,POINT (25.0452175783581 60.18931765987027)
Puurekisteri_piste.15818,15818,P-33253-225,,TOIVO KUULAN PUISTO,Puisto,RAUDUSKOIVU,Betula,pendula,10 - 20 cm,,Helsinki/MAKA,2026-02-27,POINT (24.911704993015096 60.179056580145684)
Puurekisteri_piste.15819,15819,P-33253-226,,TOIVO KUULAN PUISTO,Puisto,RAUDUSKOIVU,Betula,pendula,20 - 30 cm,,Helsinki/MAKA,2026-02-27,POINT (24.91167083235131 60.17904848750001)
Puurekisteri_piste.13679,13679,P-43011-40,,KAPPELIESPLANADI,Puisto,PUISTOLEHMUS,Tilia,x vulgaris,30 - 50 cm,,Helsinki/MAKA,2026-02-27,POINT (24.947797029133113 60.16774506606605)
Puurekisteri_piste.13680,13680,P-43011-41,,KAPPELIESPLANADI,Puisto,LEHMUS,Tilia,sp.,50 - 70 cm,,Helsinki/MAKA,2026-02-27,POINT (24.947802315399265 60.16768587265809)
Puurekisteri_piste.13681,13681,P-43011-42,,KAPPELIESPLANADI,Puisto,PUISTOLEHMUS,Tilia,x vulgaris,70 cm -,,Helsinki/MAKA,2026-02-27,POINT (24.947995687410817 60.167693148605956)
Puurekisteri_piste.13683,13683,P-33030-261,,HESPERIANPUISTO,Puisto,METSÄVAAHTERA,Acer,platanoides,50 - 70 cm,,Helsinki/MAKA,2026-02-27,POINT (24.931046771116154 60.18231792829964)
Puurekisteri_piste.13684,13684,P-34055-16,,ARVO YLPÖN PUISTO,Puisto,PUISTOLEHMUS,Tilia,x vulgaris,50 - 70 cm,,Helsinki/MAKA,2026-02-27,POINT (24.91104643428903 60.185513091865225)
Puurekisteri_piste.13685,13685,P-34055-17,,ARVO YLPÖN PUISTO,Puisto,PUISTOLEHMUS,Tilia,x vulgaris,50 - 70 cm,,Helsinki/MAKA,2026-02-27,POINT (24.91119224862463 60.18555338139491)
Puurekisteri_piste.13686,13686,P-34020-229,,ALPPIPUISTO,Puisto,PAJU,Salix,sp.,70 cm -,,Helsinki/MAKA,2026-02-27,POINT (24.934989972905612 60.191482246583895)
Puurekisteri_piste.13687,13687,P-34020-230,,ALPPIPUISTO,Puisto,HOPEASALAVA,Salix,alba,50 - 70 cm,,Helsinki/MAKA,2026-02-27,POINT (24.934966278121397 60.19151546970459)
Puurekisteri_piste.13689,13689,P-33030-89,,HESPERIANPUISTO,Puisto,PUISTOLEHMUS,Tilia,x vulgaris,30 - 50 cm,,Helsinki/MAKA,2026-02-27,POINT (24.930433756182 60.17921912656927)
Puurekisteri_piste.26060,26060,K-44197,KONTULANTIE,,Katu,PAJU,Salix,sp.,20 - 30 cm,,Helsinki/MAKA,2026-02-27,POINT (25.105904802601074 60.237343702604015)
Puurekisteri_piste.26061,26061,K-44198,KONTULANTIE,,Katu,PAJU,Salix,sp.,10 - 20 cm,,Helsinki/MAKA,2026-02-27,POINT (25.10603920736361 60.23736308103842)
Puurekisteri_piste.26063,26063,K-40831,MYLLYPURONTIE,,Katu,RAUDUSKOIVU,Betula,pendula,10 - 20 cm,,Helsinki/MAKA,2026-02-27,POINT (25.075563268006867 60.22433819340419)
Puurekisteri_piste.26064,26064,K-40832,MYLLYPURONTIE,,Katu,RAUDUSKOIVU,Betula,pendula,10 - 20 cm,,Helsinki/MAKA,2026-02-27,POINT (25.075522342930864 60.22438347658353)
Puurekisteri_piste.26065,26065,K-40833,MYLLYPURONTIE,,Katu,RAUDUSKOIVU,Betula,pendula,10 - 20 cm,,Helsinki/MAKA,2026-02-27,POINT (25.075464214345057 60.22445382085424)
Puurekisteri_piste.26066,26066,K-40834,MYLLYPURONTIE,,Katu,RAUDUSKOIVU,Betula,pendula,0 - 10 cm,,Helsinki/MAKA,2026-02-27,POINT (25.075436625353316 60.22449576759245)
Puurekisteri_piste.26070,26070,K-44276,KIVIKONKAARI,,Katu,METSÄVAAHTERA,Acer,platanoides,10 - 20 cm,,Helsinki/MAKA,2026-02-27,POINT (25.060801579674383 60.23217018173117)
Puurekisteri_piste.26074,26074,K-44280,KIVIKONKAARI,,Katu,METSÄVAAHTERA,Acer,platanoides,10 - 20 cm,,Helsinki/MAKA,2026-02-27,POINT (25.0612430523563 60.232387634208806)
Puurekisteri_piste.25731,25731,P-65261-5,,ISON ANTIN KENTTÄ,Puisto,RAUDUSKOIVU,Betula,pendula,30 - 50 cm,,Helsinki/MAKA,2026-02-27,POINT (25.081971450607277 60.20593769958901)
Puurekisteri_piste.25733,25733,K-41761,TURUNLINNANTIE,,Katu,PUISTOLEHMUS,Tilia,x vulgaris,10 - 20 cm,,Helsinki/MAKA,2026-02-27,POINT (25.082608606325614 60.21292156074495)
Puurekisteri_piste.25735,25735,K-41763,TURUNLINNANTIE,,Katu,PUISTOLEHMUS,Tilia,x vulgaris,10 - 20 cm,,Helsinki/MAKA,2026-02-27,POINT (25.082505872712005 60.21282744552294)
Puurekisteri_piste.25736,25736,K-41764,TURUNLINNANTIE,,Katu,PUISTOLEHMUS,Tilia,x vulgaris,20 - 30 cm,,Helsinki/MAKA,2026-02-27,POINT (25.082440331761585 60.212777263818595)
Puurekisteri_piste.25739,25739,K-41767,TURUNLINNANTIE,,Katu,PUISTOLEHMUS,Tilia,x vulgaris,20 - 30 cm,,Helsinki/MAKA,2026-02-27,POINT (25.082251308011365 60.21263128664043)
Puurekisteri_piste.25740,25740,K-41768,TURUNLINNANTIE,,Katu,PUISTOLEHMUS,Tilia,x vulgaris,20 - 30 cm,,Helsinki/MAKA,2026-02-27,POINT (25.08221226811404 60.21257829019697)
Puurekisteri_piste.25175,25175,K-26894,LAIVALAHDENKAARI,,Katu,VUORIJALAVA,Ulmus,glabra,10 - 20 cm,1998,Helsinki/MAKA,2026-02-27,POINT (25.036450083154755 60.19034728350386)
Puurekisteri_piste.25176,25176,K-26896,LAIVALAHDENKAARI,,Katu,VUORIJALAVA,Ulmus,glabra,10 - 20 cm,1998,Helsinki/MAKA,2026-02-27,POINT (25.036410406259765 60.190443174532)
Puurekisteri_piste.25178,25178,K-26900,LAIVALAHDENKAARI,,Katu,VUORIJALAVA,Ulmus,glabra,10 - 20 cm,1998,Helsinki/MAKA,2026-02-27,POINT (25.035787872327827 60.19071118110695)
Puurekisteri_piste.25179,25179,K-26902,LAIVALAHDENKAARI,,Katu,VUORIJALAVA,Ulmus,glabra,10 - 20 cm,1998,Helsinki/MAKA,2026-02-27,POINT (25.03557932057475 60.1907613545818)
Puurekisteri_piste.25180,25180,K-26904,LAIVALAHDENKAARI,,Katu,VUORIJALAVA,Ulmus,glabra,10 - 20 cm,1998,Helsinki/MAKA,2026-02-27,POINT (25.03520167923999 60.190858704612836)
Puurekisteri_piste.25186,25186,K-44415,KIVIKONKAARI,,Katu,METSÄVAAHTERA,Acer,platanoides,10 - 20 cm,,Helsinki/MAKA,2026-02-27,POINT (25.068763731604033 60.24023190991611)
Puurekisteri_piste.25187,25187,K-44416,KIVIKONKAARI,,Katu,METSÄVAAHTERA,Acer,platanoides,10 - 20 cm,,Helsinki/MAKA,2026-02-27,POINT (25.068652746276662 60.240199543277825)
Puurekisteri_piste.25188,25188,K-44417,KIVIKONKAARI,,Katu,METSÄVAAHTERA,Acer,platanoides,20 - 30 cm,,Helsinki/MAKA,2026-02-27,POINT (25.068554533920327 60.24015737929364)
Puurekisteri_piste.25189,25189,K-44418,KIVIKONKAARI,,Katu,METSÄVAAHTERA,Acer,platanoides,10 - 20 cm,,Helsinki/MAKA,2026-02-27,POINT (25.068459399905716 60.24011727611176)
Puurekisteri_piste.25191,25191,K-44420,KIVIKONKAARI,,Katu,METSÄVAAHTERA,Acer,platanoides,10 - 20 cm,,Helsinki/MAKA,2026-02-27,POINT (25.06833838410603 60.24002200384009)
Puurekisteri_piste.25192,25192,K-44421,KIVIKONKAARI,,Katu,METSÄVAAHTERA,Acer,platanoides,10 - 20 cm,,Helsinki/MAKA,2026-02-27,POINT (25.06793627127158 60.23963839941064)
Puurekisteri_piste.25193,25193,K-44422,KIVIKONKAARI,,Katu,METSÄVAAHTERA,Acer,platanoides,10 - 20 cm,,Helsinki/MAKA,2026-02-27,POINT (25.067871247816726 60.23958982565987)
Puurekisteri_piste.25194,25194,K-44423,KIVIKONKAARI,,Katu,METSÄVAAHTERA,Acer,platanoides,10 - 20 cm,,Helsinki/MAKA,2026-02-27,POINT (25.067747057061386 60.23947005391461)
Puurekisteri_piste.25195,25195,K-44424,KIVIKONKAARI,,Katu,METSÄVAAHTERA,Acer,platanoides,10 - 20 cm,,Helsinki/MAKA,2026-02-27,POINT (25.067690169029913 60.23942407387194)
Puurekisteri_piste.25196,25196,K-44425,KIVIKONKAARI,,Katu,METSÄVAAHTERA,Acer,platanoides,10 - 20 cm,,Helsinki/MAKA,2026-02-27,POINT (25.067629806360397 60.2393680453764)
Puurekisteri_piste.25197,25197,K-44426,KIVIKONKAARI,,Katu,METSÄVAAHTERA,Acer,platanoides,10 - 20 cm,,Helsinki/MAKA,2026-02-27,POINT (25.067574663948474 60.23930869022083)
Puurekisteri_piste.25198,25198,K-44427,KIVIKONKAARI,,Katu,METSÄVAAHTERA,Acer,platanoides,10 - 20 cm,,Helsinki/MAKA,2026-02-27,POINT (25.06741531552359 60.23911724477708)
Puurekisteri_piste.25200,25200,K-44429,KIVIKONKAARI,,Katu,METSÄVAAHTERA,Acer,platanoides,10 - 20 cm,,Helsinki/MAKA,2026-02-27,POINT (25.067361329887163 60.23899344590482)
Puurekisteri_piste.25201,25201,K-44430,KIVIKONKAARI,,Katu,METSÄVAAHTERA,Acer,platanoides,10 - 20 cm,,Helsinki/MAKA,2026-02-27,POINT (25.067431140196547 60.23857907086061)
Puurekisteri_piste.25202,25202,P-34065-220,,VALPURINPUISTO,Puisto,METSÄMÄNTY,Pinus,sylvestris,30 - 50 cm,,Helsinki/MAKA,2026-02-27,POINT (24.89966325341281 60.19364148479255)
Puurekisteri_piste.25203,25203,P-33049-260,,LINNANKOSKENKADUN PUISTO,Puisto,METSÄVAAHTERA,Acer,platanoides,20 - 30 cm,,Helsinki/MAKA,2026-02-27,POINT (24.910885978025906 60.18439156675259)
Puurekisteri_piste.25204,25204,P-33049-261,,LINNANKOSKENKADUN PUISTO,Puisto,VUORIJALAVA,Ulmus,glabra,20 - 30 cm,,Helsinki/MAKA,2026-02-27,POINT (24.91091755983392 60.184376715983774)
Puurekisteri_piste.25206,25206,K-40011,VUOTIE,,Katu,VUORIJALAVA,Ulmus,glabra,0 - 10 cm,,Helsinki/MAKA,2026-02-27,POINT (25.167032164231532 60.212578549821785)
Puurekisteri_piste.25207,25207,K-40012,VUOTIE,,Katu,VUORIJALAVA,Ulmus,glabra,0 - 10 cm,,Helsinki/MAKA,2026-02-27,POINT (25.16691445515205 60.21251594110975)
Puurekisteri_piste.25209,25209,K-40014,VUOTIE,,Katu,VUORIJALAVA,Ulmus,glabra,0 - 10 cm,,Helsinki/MAKA,2026-02-27,POINT (25.166684799932504 60.21238936639279)
Puurekisteri_piste.25210,25210,K-40015,VUOTIE,,Katu,VUORIJALAVA,Ulmus,glabra,0 - 10 cm,,Helsinki/MAKA,2026-02-27,POINT (25.166557042438097 60.21230945362284)
Puurekisteri_piste.25212,25212,K-40017,VUOTIE,,Katu,VUORIJALAVA,Ulmus,glabra,0 - 10 cm,,Helsinki/MAKA,2026-02-27,POINT (25.166326822777044 60.212179378946296)
Puurekisteri_piste.25214,25214,P-34020-135,,ALPPIPUISTO,Puisto,RAUDUSKOIVU,Betula,pendula,10 - 20 cm,,Helsinki/MAKA,2026-02-27,POINT (24.935437695573277 60.18940529997453)
Puurekisteri_piste.25215,25215,P-34020-499,,ALPPIPUISTO,Puisto,RAUDUSKOIVU,Betula,pendula,20 - 30 cm,,Helsinki/MAKA,2026-02-27,POINT (24.93771671351096 60.191576209903445)
Puurekisteri_piste.25216,25216,P-34020-500,,ALPPIPUISTO,Puisto,HIESKOIVU,Betula,pubescens,20 - 30 cm,,Helsinki/MAKA,2026-02-27,POINT (24.93771915697568 60.19159358402808)
Puurekisteri_piste.25218,25218,K-27002,LAIVALAHDENPORTTI,,Katu,HEVOSKASTANJA,Aesculus,hippocastanum,10 - 20 cm,1997,Helsinki/MAKA,2026-02-27,POINT (25.03462171701238 60.19202491830206)
Puurekisteri_piste.25219,25219,K-27004,LAIVALAHDENPORTTI,,Katu,HEVOSKASTANJA,Aesculus,hippocastanum,10 - 20 cm,1997,Helsinki/MAKA,2026-02-27,POINT (25.034526379477313 60.19192591277436)
Puurekisteri_piste.25220,25220,K-27006,LAIVALAHDENPORTTI,,Katu,HEVOSKASTANJA,Aesculus,hippocastanum,10 - 20 cm,1997,Helsinki/MAKA,2026-02-27,POINT (25.03422088231931 60.1916228989986)
Puurekisteri_piste.25221,25221,K-27008,LAIVALAHDENPORTTI,,Katu,HEVOSKASTANJA,Aesculus,hippocastanum,10 - 20 cm,1997,Helsinki/MAKA,2026-02-27,POINT (25.03412391993607 60.19152245851698)
Puurekisteri_piste.25222,25222,K-27010,LAIVALAHDENPORTTI,,Katu,HEVOSKASTANJA,Aesculus,hippocastanum,10 - 20 cm,1997,Helsinki/MAKA,2026-02-27,POINT (25.03403115998076 60.191438259692845)
Puurekisteri_piste.25224,25224,P-54109-2,,SISSELENPUISTO,Puisto,RUOTSINPIHLAJA,Sorbus,intermedia,10 - 20 cm,,Helsinki/MAKA,2026-02-27,POINT (25.03706644544292 60.19110545346501)
Puurekisteri_piste.25225,25225,P-54109-3,,SISSELENPUISTO,Puisto,RUOTSINPIHLAJA,Sorbus,intermedia,10 - 20 cm,,Helsinki/MAKA,2026-02-27,POINT (25.037077356484 60.191065079664746)
Puurekisteri_piste.25226,25226,P-54109-4,,SISSELENPUISTO,Puisto,RUOTSINPIHLAJA,Sorbus,intermedia,10 - 20 cm,,Helsinki/MAKA,2026-02-27,POINT (25.037158354050064 60.19104666113597)
Puurekisteri_piste.25227,25227,P-54109-5,,SISSELENPUISTO,Puisto,RUOTSINPIHLAJA,Sorbus,intermedia,10 - 20 cm,,Helsinki/MAKA,2026-02-27,POINT (25.037246811976896 60.1910539223073)
Puurekisteri_piste.25228,25228,P-54109-6,,SISSELENPUISTO,Puisto,RUOTSINPIHLAJA,Sorbus,intermedia,10 - 20 cm,,Helsinki/MAKA,2026-02-27,POINT (25.037331591791634 60.19106302139848)
Puurekisteri_piste.25229,25229,P-54109-7,,SISSELENPUISTO,Puisto,RUOTSINPIHLAJA,Sorbus,intermedia,10 - 20 cm,,Helsinki/MAKA,2026-02-27,POINT (25.037436637318134 60.191072102581245)
Puurekisteri_piste.25741,25741,K-41769,TURUNLINNANTIE,,Katu,PUISTOLEHMUS,Tilia,x vulgaris,10 - 20 cm,,Helsinki/MAKA,2026-02-27,POINT (25.08181063088686 60.21229291555611)
Puurekisteri_piste.25742,25742,K-42671,KURKIMÄENTIE,,Katu,PUISTOLEHMUS,Tilia,x vulgaris,10 - 20 cm,,Helsinki/MAKA,2026-02-27,POINT (25.06990042989047 60.22867408708018)
Puurekisteri_piste.15858,15858,P-53004-364,,STANSVIKINKARTANO,Puisto,RAUDUSKOIVU,Betula,pendula,30 - 50 cm,,Helsinki/MAKA,2026-02-27,POINT (25.028675467845233 60.16492053771563)
Puurekisteri_piste.15859,15859,P-53004-365,,STANSVIKINKARTANO,Puisto,RAITA,Salix,caprea,50 - 70 cm,,Helsinki/MAKA,2026-02-27,POINT (25.028579250294282 60.16494769926715)
Puurekisteri_piste.15860,15860,P-53004-366,,STANSVIKINKARTANO,Puisto,RAUDUSKOIVU,Betula,pendula,30 - 50 cm,,Helsinki/MAKA,2026-02-27,POINT (25.028560653556234 60.164912890959236)
Puurekisteri_piste.15863,15863,P-53003-347,,TULLISAAREN KARTANO,Puisto,TERVALEPPÄ,Alnus,glutinosa,50 - 70 cm,,Helsinki/MAKA,2026-02-27,POINT (25.028850084399025 60.1786905067472)
Puurekisteri_piste.15865,15865,P-53004-354,,STANSVIKINKARTANO,Puisto,METSÄHAAPA,Populus,tremula,30 - 50 cm,,Helsinki/MAKA,2026-02-27,POINT (25.028548085390252 60.16459925492776)
Puurekisteri_piste.15866,15866,P-53004-355,,STANSVIKINKARTANO,Puisto,METSÄHAAPA,Populus,tremula,10 - 20 cm,,Helsinki/MAKA,2026-02-27,POINT (25.028594652030183 60.16461752041485)
Puurekisteri_piste.15867,15867,P-53004-356,,STANSVIKINKARTANO,Puisto,METSÄHAAPA,Populus,tremula,20 - 30 cm,,Helsinki/MAKA,2026-02-27,POINT (25.028515115635653 60.16462185657996)
Puurekisteri_piste.15868,15868,P-53004-357,,STANSVIKINKARTANO,Puisto,METSÄHAAPA,Populus,tremula,10 - 20 cm,,Helsinki/MAKA,2026-02-27,POINT (25.02847477897776 60.16463714212556)
Puurekisteri_piste.15869,15869,P-24032-178,,MUNKKINIEMEN PUISTOTIE PUISTOKAISTAT,Puisto,ISOLEHTILEHMUS,Tilia,platyphyllos,50 - 70 cm,,Helsinki/MAKA,2026-02-27,POINT (24.87746127671596 60.19802119070351)
Puurekisteri_piste.15870,15870,P-24032-179,,MUNKKINIEMEN PUISTOTIE PUISTOKAISTAT,Puisto,PUISTOLEHMUS,Tilia,x vulgaris,30 - 50 cm,,Helsinki/MAKA,2026-02-27,POINT (24.877302127974286 60.198051094751754)
Puurekisteri_piste.15871,15871,P-24032-180,,MUNKKINIEMEN PUISTOTIE PUISTOKAISTAT,Puisto,PUISTOLEHMUS,Tilia,x vulgaris,30 - 50 cm,,Helsinki/MAKA,2026-02-27,POINT (24.87721370725108 60.19807044977652)
Puurekisteri_piste.15874,15874,P-54037-786,,HERTTONIEMENKARTANO,Puisto,TERVALEPPÄ,Alnus,glutinosa,50 - 70 cm,,Helsinki/MAKA,2026-02-27,POINT (25.047923107753874 60.18967007365136)
Puurekisteri_piste.15876,15876,P-53003-1404,,TULLISAAREN KARTANO,Puisto,RAUDUSKOIVU,Betula,pendula,30 - 50 cm,,Helsinki/MAKA,2026-02-27,POINT (25.034474113185304 60.179628698742164)
Puurekisteri_piste.15881,15881,K-9263,MÄKELÄNKATU,,Katu,METSÄVAAHTERA,Acer,platanoides,30 - 50 cm,,Helsinki/MAKA,2026-02-27,POINT (24.943836712974214 60.21231107440778)
Puurekisteri_piste.15882,15882,K-9264,MÄKELÄNKATU,,Katu,METSÄVAAHTERA,Acer,platanoides,20 - 30 cm,,Helsinki/MAKA,2026-02-27,POINT (24.943800149912313 60.21238378050897)
Puurekisteri_piste.15883,15883,P-34020-444,,ALPPIPUISTO,Puisto,PUISTOLEHMUS,Tilia,x vulgaris,50 - 70 cm,,Helsinki/MAKA,2026-02-27,POINT (24.937729783590726 60.188946322984286)
Puurekisteri_piste.15884,15884,P-34020-445,,ALPPIPUISTO,Puisto,PUISTOLEHMUS,Tilia,x vulgaris,30 - 50 cm,,Helsinki/MAKA,2026-02-27,POINT (24.937718525071958 60.188934650725386)
Puurekisteri_piste.15885,15885,P-34020-446,,ALPPIPUISTO,Puisto,PUISTOLEHMUS,Tilia,x vulgaris,70 cm -,,Helsinki/MAKA,2026-02-27,POINT (24.93770352785621 60.18894632637729)
Puurekisteri_piste.15886,15886,P-34020-447,,ALPPIPUISTO,Puisto,KOTIPIHLAJA,Sorbus,aucuparia,30 - 50 cm,,Helsinki/MAKA,2026-02-27,POINT (24.93759559745682 60.18876376341437)
Puurekisteri_piste.12616,12616,P-24032-183,,MUNKKINIEMEN PUISTOTIE PUISTOKAISTAT,Puisto,METSÄLEHMUS,Tilia,cordata,30 - 50 cm,,Helsinki/MAKA,2026-02-27,POINT (24.878333137446205 60.197794157038906)
Puurekisteri_piste.12617,12617,P-43001-178,,LAIVASTOPUISTO,Puisto,METSÄTAMMI,Quercus,robur,20 - 30 cm,,Helsinki/MAKA,2026-02-27,POINT (24.977145214633516 60.16895469008266)
Puurekisteri_piste.12618,12618,P-43001-179,,LAIVASTOPUISTO,Puisto,METSÄTAMMI,Quercus,robur,10 - 20 cm,,Helsinki/MAKA,2026-02-27,POINT (24.977148084933777 60.168985575677084)
Puurekisteri_piste.12619,12619,P-43001-180,,LAIVASTOPUISTO,Puisto,METSÄTAMMI,Quercus,robur,10 - 20 cm,,Helsinki/MAKA,2026-02-27,POINT (24.977238185913972 60.16896915810946)
Puurekisteri_piste.12620,12620,P-44017-301,,KATRI VALAN PUISTO,Puisto,MUSTAMARJAORAPIHLAJA,Crataegus,douglasii,0 - 10 cm,,Helsinki/MAKA,2026-02-27,POINT (24.964865404157486 60.18649251639261)
Puurekisteri_piste.12622,12622,P-44017-92,,KATRI VALAN PUISTO,Puisto,VUORIJALAVA,Ulmus,glabra,20 - 30 cm,,Helsinki/MAKA,2026-02-27,POINT (24.963444078109188 60.18603273022549)
Puurekisteri_piste.12623,12623,P-44017-93,,KATRI VALAN PUISTO,Puisto,VUORIJALAVA,Ulmus,glabra,20 - 30 cm,,Helsinki/MAKA,2026-02-27,POINT (24.96353494223196 60.18596349042278)
Puurekisteri_piste.12624,12624,P-44017-94,,KATRI VALAN PUISTO,Puisto,METSÄHAAPA,Populus,tremula,20 - 30 cm,,Helsinki/MAKA,2026-02-27,POINT (24.96361080381505 60.185929684566375)
Puurekisteri_piste.12633,12633,P-43011-107,,KAPPELIESPLANADI,Puisto,PUISTOLEHMUS,Tilia,x vulgaris,50 - 70 cm,,Helsinki/MAKA,2026-02-27,POINT (24.945547910779087 60.16763504114414)
Puurekisteri_piste.14039,14039,P-53003-1080,,TULLISAAREN KARTANO,Puisto,RAUDUSKOIVU,Betula,pendula,10 - 20 cm,,Helsinki/MAKA,2026-02-27,POINT (25.031823142497256 60.18126958389023)
Puurekisteri_piste.14041,14041,P-54037-30,,HERTTONIEMENKARTANO,Puisto,METSÄVAAHTERA,Acer,platanoides,50 - 70 cm,,Helsinki/MAKA,2026-02-27,POINT (25.040850440762842 60.18945584404699)
Puurekisteri_piste.14042,14042,P-54037-31,,HERTTONIEMENKARTANO,Puisto,METSÄVAAHTERA,Acer,platanoides,30 - 50 cm,,Helsinki/MAKA,2026-02-27,POINT (25.040860490190482 60.18943147143025)
Puurekisteri_piste.14044,14044,P-53003-103,,TULLISAAREN KARTANO,Puisto,METSÄMÄNTY,Pinus,sylvestris,30 - 50 cm,,Helsinki/MAKA,2026-02-27,POINT (25.033792888892137 60.177453687771546)
Puurekisteri_piste.14045,14045,P-44017-104,,KATRI VALAN PUISTO,Puisto,HIESKOIVU,Betula,pubescens,20 - 30 cm,,Helsinki/MAKA,2026-02-27,POINT (24.96267662279303 60.187567437825734)
Puurekisteri_piste.14046,14046,P-33253-79,,TOIVO KUULAN PUISTO,Puisto,OMENAPUU,Malus,sp.,20 - 30 cm,,Helsinki/MAKA,2026-02-27,POINT (24.91220424439135 60.178513437346595)
Puurekisteri_piste.14047,14047,P-42001-302,,TÄHTITORNIN VUORI,Puisto,METSÄTAMMI,Quercus,robur,50 - 70 cm,,Helsinki/MAKA,2026-02-27,POINT (24.954550878791466 60.162867371170655)
Puurekisteri_piste.14048,14048,P-42001-303,,TÄHTITORNIN VUORI,Puisto,VUORIJALAVA,Ulmus,glabra,70 cm -,,Helsinki/MAKA,2026-02-27,POINT (24.95448977210411 60.16290548893289)
Puurekisteri_piste.14049,14049,P-42001-304,,TÄHTITORNIN VUORI,Puisto,METSÄVAAHTERA,Acer,platanoides,70 cm -,,Helsinki/MAKA,2026-02-27,POINT (24.954341654108056 60.16287536241607)
Puurekisteri_piste.14050,14050,P-42001-305,,TÄHTITORNIN VUORI,Puisto,PUISTOLEHMUS,Tilia,x vulgaris,50 - 70 cm,,Helsinki/MAKA,2026-02-27,POINT (24.95439425105595 60.16292456528788)
Puurekisteri_piste.14053,14053,P-53004-317,,STANSVIKINKARTANO,Puisto,METSÄMÄNTY,Pinus,sylvestris,50 - 70 cm,,Helsinki/MAKA,2026-02-27,POINT (25.02812214138565 60.1650393654732)
Puurekisteri_piste.14054,14054,P-53004-318,,STANSVIKINKARTANO,Puisto,METSÄVAAHTERA,Acer,platanoides,10 - 20 cm,,Helsinki/MAKA,2026-02-27,POINT (25.028093496191705 60.165049561371326)
Puurekisteri_piste.14055,14055,P-53004-319,,STANSVIKINKARTANO,Puisto,METSÄKUUSI,Picea,abies,30 - 50 cm,,Helsinki/MAKA,2026-02-27,POINT (25.02809469902006 60.165079803736596)
Puurekisteri_piste.14056,14056,P-53004-320,,STANSVIKINKARTANO,Puisto,METSÄKUUSI,Picea,abies,10 - 20 cm,,Helsinki/MAKA,2026-02-27,POINT (25.028038176004607 60.16499764255722)
Puurekisteri_piste.14057,14057,P-33253-28,,TOIVO KUULAN PUISTO,Puisto,METSÄMÄNTY,Pinus,sylvestris,30 - 50 cm,,Helsinki/MAKA,2026-02-27,POINT (24.912645422220102 60.17766527018275)
Puurekisteri_piste.14058,14058,P-33253-29,,TOIVO KUULAN PUISTO,Puisto,RAUDUSKOIVU,Betula,pendula,30 - 50 cm,,Helsinki/MAKA,2026-02-27,POINT (24.9123909623586 60.17762441159163)
Puurekisteri_piste.14060,14060,P-33253-31,,TOIVO KUULAN PUISTO,Puisto,TERVALEPPÄ,Alnus,glutinosa,50 - 70 cm,,Helsinki/MAKA,2026-02-27,POINT (24.912328508076627 60.177702777490644)
Puurekisteri_piste.14061,14061,P-24032-109,,MUNKKINIEMEN PUISTOTIE PUISTOKAISTAT,Puisto,ISOLEHTILEHMUS,Tilia,platyphyllos,30 - 50 cm,,Helsinki/MAKA,2026-02-27,POINT (24.880439188063978 60.197369723120644)
Puurekisteri_piste.14062,14062,P-34019-201,,ALPPIPUISTO (ETELÄ),Puisto,OMENAPUU,Malus,sp.,0 - 10 cm,,Helsinki/MAKA,2026-02-27,POINT (24.939015206377967 60.186414356191136)
Puurekisteri_piste.14063,14063,P-34019-202,,ALPPIPUISTO (ETELÄ),Puisto,RUOTSINPIHLAJA,Sorbus,intermedia,0 - 10 cm,,Helsinki/MAKA,2026-02-27,POINT (24.939362506451488 60.186434905838794)
Puurekisteri_piste.14064,14064,P-34019-203,,ALPPIPUISTO (ETELÄ),Puisto,KOTIPIHLAJA,Sorbus,aucuparia,30 - 50 cm,,Helsinki/MAKA,2026-02-27,POINT (24.93962359420087 60.18607728432936)
Puurekisteri_piste.14065,14065,P-34019-204,,ALPPIPUISTO (ETELÄ),Puisto,METSÄVAAHTERA,Acer,platanoides,50 - 70 cm,,Helsinki/MAKA,2026-02-27,POINT (24.939688105282528 60.186106112719095)
Puurekisteri_piste.14066,14066,P-34019-205,,ALPPIPUISTO (ETELÄ),Puisto,VUORIJALAVA,Ulmus,glabra,20 - 30 cm,,Helsinki/MAKA,2026-02-27,POINT (24.939752595739606 60.18609621622856)
Puurekisteri_piste.14067,14067,P-34019-206,,ALPPIPUISTO (ETELÄ),Puisto,METSÄVAAHTERA,Acer,platanoides,10 - 20 cm,,Helsinki/MAKA,2026-02-27,POINT (24.939765846500645 60.1861316425451)
Puurekisteri_piste.14068,14068,P-34019-23,,ALPPIPUISTO (ETELÄ),Puisto,OMENAPUU,Malus,sp.,0 - 10 cm,,Helsinki/MAKA,2026-02-27,POINT (24.94250029435495 60.187271689007204)
Puurekisteri_piste.14069,14069,P-54037-609,,HERTTONIEMENKARTANO,Puisto,TERVALEPPÄ,Alnus,glutinosa,10 - 20 cm,,Helsinki/MAKA,2026-02-27,POINT (25.04423381160321 60.18903235684026)
Puurekisteri_piste.14070,14070,P-53004-84,,STANSVIKINKARTANO,Puisto,TERVALEPPÄ,Alnus,glutinosa,70 cm -,,Helsinki/MAKA,2026-02-27,POINT (25.02920813901237 60.16494459148688)
Puurekisteri_piste.14071,14071,P-53004-85,,STANSVIKINKARTANO,Puisto,METSÄTAMMI,Quercus,robur,20 - 30 cm,,Helsinki/MAKA,2026-02-27,POINT (25.02908182521705 60.16497644703677)
Puurekisteri_piste.14077,14077,P-53003-1158,,TULLISAAREN KARTANO,Puisto,KOTIPIHLAJA,Sorbus,aucuparia,30 - 50 cm,,Helsinki/MAKA,2026-02-27,POINT (25.033641132037513 60.1809949504593)
Puurekisteri_piste.14079,14079,P-53003-1160,,TULLISAAREN KARTANO,Puisto,METSÄVAAHTERA,Acer,platanoides,30 - 50 cm,,Helsinki/MAKA,2026-02-27,POINT (25.03382675798081 60.18122113009143)
Puurekisteri_piste.14080,14080,P-33016-369,,KAISANIEMENPUISTO,Puisto,PUISTOLEHMUS,Tilia,x vulgaris,50 - 70 cm,,Helsinki/MAKA,2026-02-27,POINT (24.94876602149589 60.17328830899965)
Puurekisteri_piste.15086,15086,P-54037-257,,HERTTONIEMENKARTANO,Puisto,LEHTIKUUSI,Larix,sp.,70 cm -,,Helsinki/MAKA,2026-02-27,POINT (25.043991524431544 60.1882990520396)
Puurekisteri_piste.15088,15088,P-54037-259,,HERTTONIEMENKARTANO,Puisto,METSÄLEHMUS,Tilia,cordata,70 cm -,,Helsinki/MAKA,2026-02-27,POINT (25.04371296960008 60.18823931899741)
Puurekisteri_piste.15089,15089,P-54037-260,,HERTTONIEMENKARTANO,Puisto,METSÄLEHMUS,Tilia,cordata,70 cm -,,Helsinki/MAKA,2026-02-27,POINT (25.04362084926245 60.18820974554279)
Puurekisteri_piste.15091,15091,P-43011-154,,KAPPELIESPLANADI,Puisto,PYLVÄSHAAPA,Populus,tremula,20 - 30 cm,,Helsinki/MAKA,2026-02-27,POINT (24.948008908704956 60.16742118070289)
Puurekisteri_piste.13256,13256,P-24032-147,,MUNKKINIEMEN PUISTOTIE PUISTOKAISTAT,Puisto,ISOLEHTILEHMUS,Tilia,platyphyllos,30 - 50 cm,,Helsinki/MAKA,2026-02-27,POINT (24.87988725727468 60.19732006325518)
Puurekisteri_piste.34177,34177,K-45742,MALMIN KAUPPATIE,,Katu,PUISTOLEHMUS,Tilia,x vulgaris,10 - 20 cm,,Helsinki/MAKA,2026-02-27,POINT (25.004250099038195 60.248327784686154)
Puurekisteri_piste.34178,34178,K-45743,MALMIN KAUPPATIE,,Katu,PUISTOLEHMUS,Tilia,x vulgaris,10 - 20 cm,,Helsinki/MAKA,2026-02-27,POINT (25.00435458669139 60.248375377330504)
Puurekisteri_piste.12165,12165,P-53004-271,,STANSVIKINKARTANO,Puisto,METSÄMÄNTY,Pinus,sylvestris,20 - 30 cm,,Helsinki/MAKA,2026-02-27,POINT (25.028437606266074 60.16276251781534)
Puurekisteri_piste.12166,12166,P-53004-272,,STANSVIKINKARTANO,Puisto,LEHTOSAARNI,Fraxinus,excelsior,10 - 20 cm,,Helsinki/MAKA,2026-02-27,POINT (25.028871854606336 60.163496093475054)
Puurekisteri_piste.12167,12167,P-53004-273,,STANSVIKINKARTANO,Puisto,METSÄVAAHTERA,Acer,platanoides,30 - 50 cm,,Helsinki/MAKA,2026-02-27,POINT (25.028909670680157 60.1635083435483)
Puurekisteri_piste.12168,12168,P-53004-274,,STANSVIKINKARTANO,Puisto,METSÄVAAHTERA,Acer,platanoides,30 - 50 cm,,Helsinki/MAKA,2026-02-27,POINT (25.028674825538115 60.16360114116027)
Puurekisteri_piste.12169,12169,P-53004-275,,STANSVIKINKARTANO,Puisto,METSÄTAMMI,Quercus,robur,0 - 10 cm,,Helsinki/MAKA,2026-02-27,POINT (25.028630529894905 60.1635994432382)
Puurekisteri_piste.12170,12170,P-43067-64,,TERVASAARI,Puisto,METSÄVAAHTERA,Acer,platanoides,0 - 10 cm,,Helsinki/MAKA,2026-02-27,POINT (24.9680246114294 60.174264891275755)
Puurekisteri_piste.15081,15081,P-54037-378,,HERTTONIEMENKARTANO,Puisto,KUUSI,Picea,sp.,30 - 50 cm,,Helsinki/MAKA,2026-02-27,POINT (25.043445060017994 60.18903444600747)
Puurekisteri_piste.15082,15082,P-53003-1795,,TULLISAAREN KARTANO,Puisto,RAUDUSKOIVU,Betula,pendula,70 cm -,,Helsinki/MAKA,2026-02-27,POINT (25.037160947497945 60.17966651042459)
Puurekisteri_piste.11885,11885,P-53003-894,,TULLISAAREN KARTANO,Puisto,RAUDUSKOIVU,Betula,pendula,50 - 70 cm,,Helsinki/MAKA,2026-02-27,POINT (25.02919815303065 60.180778736251256)
Puurekisteri_piste.11886,11886,P-32006-60,,MERIPUISTO,Puisto,VUORIJALAVA,Ulmus,glabra,20 - 30 cm,,Helsinki/MAKA,2026-02-27,POINT (24.948491964672336 60.15563432082474)
Puurekisteri_piste.11887,11887,P-32006-61,,MERIPUISTO,Puisto,VUORIJALAVA,Ulmus,glabra,20 - 30 cm,,Helsinki/MAKA,2026-02-27,POINT (24.9486196594857 60.15564832324306)
Puurekisteri_piste.11888,11888,P-32006-62,,MERIPUISTO,Puisto,VUORIJALAVA,Ulmus,glabra,20 - 30 cm,,Helsinki/MAKA,2026-02-27,POINT (24.948738696390976 60.15566124852695)
Puurekisteri_piste.11890,11890,P-54037-373,,HERTTONIEMENKARTANO,Puisto,KUUSI,Picea,sp.,50 - 70 cm,,Helsinki/MAKA,2026-02-27,POINT (25.04367929170051 60.18910729330908)
Puurekisteri_piste.11892,11892,P-54037-375,,HERTTONIEMENKARTANO,Puisto,KUUSI,Picea,sp.,50 - 70 cm,,Helsinki/MAKA,2026-02-27,POINT (25.043618627803763 60.18903529663192)
Puurekisteri_piste.11893,11893,P-42001-391,,TÄHTITORNIN VUORI,Puisto,OMENAPUU,Malus,sp.,10 - 20 cm,,Helsinki/MAKA,2026-02-27,POINT (24.953194718190346 60.16172742339695)
Puurekisteri_piste.11895,11895,P-53003-657,,TULLISAAREN KARTANO,Puisto,METSÄTAMMI,Quercus,robur,20 - 30 cm,,Helsinki/MAKA,2026-02-27,POINT (25.031549770589233 60.180025967075046)
Puurekisteri_piste.11899,11899,P-33004-19,,LÖNNROTIN PUISTIKKO,Puisto,KOIVU,Betula,sp.,30 - 50 cm,,Helsinki/MAKA,2026-02-27,POINT (24.93885775242858 60.16660922736944)
Puurekisteri_piste.11900,11900,P-33004-20,,LÖNNROTIN PUISTIKKO,Puisto,KOIVU,Betula,sp.,20 - 30 cm,,Helsinki/MAKA,2026-02-27,POINT (24.939083621693737 60.16668717913147)
Puurekisteri_piste.11901,11901,P-42001-2,,TÄHTITORNIN VUORI,Puisto,VUORIJALAVA,Ulmus,glabra,70 cm -,,Helsinki/MAKA,2026-02-27,POINT (24.950058707806328 60.16263494292263)
Puurekisteri_piste.11902,11902,P-54037-496,,HERTTONIEMENKARTANO,Puisto,TERVALEPPÄ,Alnus,glutinosa,50 - 70 cm,,Helsinki/MAKA,2026-02-27,POINT (25.044558363912504 60.189431092074756)
Puurekisteri_piste.11903,11903,P-54037-497,,HERTTONIEMENKARTANO,Puisto,KOIVU,Betula,sp.,10 - 20 cm,,Helsinki/MAKA,2026-02-27,POINT (25.044392006711817 60.18942434724335)
Puurekisteri_piste.11904,11904,P-54037-498,,HERTTONIEMENKARTANO,Puisto,TERVALEPPÄ,Alnus,glutinosa,50 - 70 cm,,Helsinki/MAKA,2026-02-27,POINT (25.04451707108248 60.189274785092955)
Puurekisteri_piste.11907,11907,P-43001-138,,LAIVASTOPUISTO,Puisto,KOTIPIHLAJA,Sorbus,aucuparia,0 - 10 cm,,Helsinki/MAKA,2026-02-27,POINT (24.974614481045837 60.16906640438022)
Puurekisteri_piste.11908,11908,P-32031-162,,SINEBRYCHOFFIN PUISTO,Puisto,METSÄVAAHTERA,Acer,platanoides,20 - 30 cm,,Helsinki/MAKA,2026-02-27,POINT (24.935442994128913 60.16179574726801)
Puurekisteri_piste.15101,15101,P-53004-345,,STANSVIKINKARTANO,Puisto,METSÄVAAHTERA,Acer,platanoides,10 - 20 cm,,Helsinki/MAKA,2026-02-27,POINT (25.028668098376087 60.16408861856978)
Puurekisteri_piste.15102,15102,P-53004-346,,STANSVIKINKARTANO,Puisto,METSÄTAMMI,Quercus,robur,70 cm -,,Helsinki/MAKA,2026-02-27,POINT (25.028857720055353 60.16418860897179)
Puurekisteri_piste.15103,15103,P-53004-347,,STANSVIKINKARTANO,Puisto,METSÄTAMMI,Quercus,robur,70 cm -,,Helsinki/MAKA,2026-02-27,POINT (25.028777248487796 60.16417713776188)
Puurekisteri_piste.15104,15104,P-53004-348,,STANSVIKINKARTANO,Puisto,METSÄTAMMI,Quercus,robur,70 cm -,,Helsinki/MAKA,2026-02-27,POINT (25.028596851435132 60.16416755292939)
Puurekisteri_piste.15106,15106,P-33067-6,,APOLLONPUISTIKKO,Puisto,METSÄVAAHTERA,Acer,platanoides,50 - 70 cm,,Helsinki/MAKA,2026-02-27,POINT (24.92501063712086 60.17620928838926)
Puurekisteri_piste.15107,15107,P-33067-7,,APOLLONPUISTIKKO,Puisto,KARTIOJALAVA,Ulmus,glabra,50 - 70 cm,,Helsinki/MAKA,2026-02-27,POINT (24.92503001310173 60.1761475725436)
Puurekisteri_piste.15108,15108,P-43039-13,,ALLI TRYGGIN PUISTO (POHJOINEN),Puisto,METSÄVAAHTERA,Acer,platanoides,50 - 70 cm,,Helsinki/MAKA,2026-02-27,POINT (24.95528357635129 60.183411622397415)
Puurekisteri_piste.15110,15110,P-33020-116,,TOKOINRANTA,Puisto,VUORIJALAVA,Ulmus,glabra,30 - 50 cm,,Helsinki/MAKA,2026-02-27,POINT (24.942979443528483 60.18073989667916)
Puurekisteri_piste.15112,15112,P-43038-3,,ALLI TRYGGIN PUISTO (ETELÄ),Puisto,PUISTOLEHMUS,Tilia,x vulgaris,30 - 50 cm,,Helsinki/MAKA,2026-02-27,POINT (24.95548361693409 60.18302683236403)
Puurekisteri_piste.12186,12186,P-54037-283,,HERTTONIEMENKARTANO,Puisto,TERVALEPPÄ,Alnus,glutinosa,50 - 70 cm,,Helsinki/MAKA,2026-02-27,POINT (25.042315617669747 60.188665577738405)
Puurekisteri_piste.12187,12187,P-54037-284,,HERTTONIEMENKARTANO,Puisto,TERVALEPPÄ,Alnus,glutinosa,10 - 20 cm,,Helsinki/MAKA,2026-02-27,POINT (25.04236338913228 60.18862071203614)
Puurekisteri_piste.14859,14859,P-42001-33,,TÄHTITORNIN VUORI,Puisto,TUOMI,Prunus,padus,10 - 20 cm,,Helsinki/MAKA,2026-02-27,POINT (24.95064441978091 60.16091665094168)
Puurekisteri_piste.14860,14860,P-34019-242,,ALPPIPUISTO (ETELÄ),Puisto,METSÄVAAHTERA,Acer,platanoides,10 - 20 cm,,Helsinki/MAKA,2026-02-27,POINT (24.938404148723603 60.18616389392366)
Puurekisteri_piste.14861,14861,P-34019-243,,ALPPIPUISTO (ETELÄ),Puisto,RAUDUSKOIVU,Betula,pendula,0 - 10 cm,,Helsinki/MAKA,2026-02-27,POINT (24.938318084018732 60.186038010608414)
Puurekisteri_piste.14867,14867,P-54037-765,,HERTTONIEMENKARTANO,Puisto,VAAHTERA,Acer,sp.,30 - 50 cm,,Helsinki/MAKA,2026-02-27,POINT (25.044178049131276 60.18671093663617)
Puurekisteri_piste.15644,15644,P-53004-442,,STANSVIKINKARTANO,Puisto,METSÄVAAHTERA,Acer,platanoides,20 - 30 cm,,Helsinki/MAKA,2026-02-27,POINT (25.029372038444254 60.163704957643844)
Puurekisteri_piste.15645,15645,P-53004-443,,STANSVIKINKARTANO,Puisto,METSÄVAAHTERA,Acer,platanoides,30 - 50 cm,,Helsinki/MAKA,2026-02-27,POINT (25.02933022778697 60.163727178128696)
Puurekisteri_piste.15443,15443,P-32002-11,,KAPTEENINPUISTIKKO,Puisto,PUISTOLEHMUS,Tilia,x vulgaris,30 - 50 cm,,Helsinki/MAKA,2026-02-27,POINT (24.945181370269324 60.15740481138531)
Puurekisteri_piste.15444,15444,P-32002-12,,KAPTEENINPUISTIKKO,Puisto,PUISTOLEHMUS,Tilia,x vulgaris,50 - 70 cm,,Helsinki/MAKA,2026-02-27,POINT (24.945140521265696 60.15733565044617)
Puurekisteri_piste.15445,15445,K-7093,SELKÄMERENKATU,,Katu,PUISTOLEHMUS,Tilia,x vulgaris,10 - 20 cm,,Helsinki/MAKA,2026-02-27,POINT (24.91568181041712 60.16240664110418)
Puurekisteri_piste.15446,15446,K-7095,SELKÄMERENKATU,,Katu,PUISTOLEHMUS,Tilia,x vulgaris,10 - 20 cm,,Helsinki/MAKA,2026-02-27,POINT (24.91561384419062 60.162878651595726)
Puurekisteri_piste.15447,15447,P-54037-24,,HERTTONIEMENKARTANO,Puisto,METSÄVAAHTERA,Acer,platanoides,30 - 50 cm,,Helsinki/MAKA,2026-02-27,POINT (25.040807703600116 60.18967520634821)
Puurekisteri_piste.15448,15448,K-3986,TÖÖLÖNTORINKATU,,Katu,PUISTOLEHMUS,Tilia,x vulgaris,10 - 20 cm,,Helsinki/MAKA,2026-02-27,POINT (24.924835156729195 60.17882361493586)
Puurekisteri_piste.15451,15451,P-32028-16,,TEHTAANPUISTO,Puisto,DOUGLASKUUSI,Pseudotsuga,menziesii,70 cm -,,Helsinki/MAKA,2026-02-27,POINT (24.939837683185697 60.15822525601563)
Puurekisteri_piste.15452,15452,P-32028-17,,TEHTAANPUISTO,Puisto,DOUGLASKUUSI,Pseudotsuga,menziesii,70 cm -,,Helsinki/MAKA,2026-02-27,POINT (24.93982775409411 60.15820053935536)
Puurekisteri_piste.15453,15453,K-39283,KAIVONKATSOJANTIE,,Katu,PUISTOLEHMUS,Tilia,x vulgaris,10 - 20 cm,,Helsinki/MAKA,2026-02-27,POINT (25.135950887147 60.2045200242874)
Puurekisteri_piste.13194,13194,P-32008-99,,URSININKALLIO,Puisto,METSÄMÄNTY,Pinus,sylvestris,20 - 30 cm,,Helsinki/MAKA,2026-02-27,POINT (24.940489958050378 60.153869937238966)
Puurekisteri_piste.13195,13195,P-32008-100,,URSININKALLIO,Puisto,LEHTIKUUSIRISTEYMÄ,Larix,hybridi,30 - 50 cm,,Helsinki/MAKA,2026-02-27,POINT (24.94041722525755 60.15380485709649)
Puurekisteri_piste.13196,13196,P-32008-101,,URSININKALLIO,Puisto,LEHTIKUUSIRISTEYMÄ,Larix,hybridi,20 - 30 cm,,Helsinki/MAKA,2026-02-27,POINT (24.94053619181556 60.15382790947698)
Puurekisteri_piste.13197,13197,K-829,RATAMESTARINKATU,,Katu,PUISTOLEHMUS,Tilia,x vulgaris,20 - 30 cm,,Helsinki/MAKA,2026-02-27,POINT (24.94005092505287 60.19906057807975)
Puurekisteri_piste.13199,13199,P-34019-14,,ALPPIPUISTO (ETELÄ),Puisto,OMENAPUU,Malus,sp.,10 - 20 cm,,Helsinki/MAKA,2026-02-27,POINT (24.942069388103196 60.18728174448812)
Puurekisteri_piste.13200,13200,P-34019-15,,ALPPIPUISTO (ETELÄ),Puisto,TUOMI,Prunus,padus,10 - 20 cm,,Helsinki/MAKA,2026-02-27,POINT (24.94208539974932 60.18724879085177)
Puurekisteri_piste.13201,13201,P-34019-16,,ALPPIPUISTO (ETELÄ),Puisto,OMENAPUU,Malus,sp.,10 - 20 cm,,Helsinki/MAKA,2026-02-27,POINT (24.942067345661833 60.18722582776169)
Puurekisteri_piste.13202,13202,P-34019-17,,ALPPIPUISTO (ETELÄ),Puisto,SIPERIANSEMBRA,Pinus,cembra,20 - 30 cm,,Helsinki/MAKA,2026-02-27,POINT (24.94209940394796 60.18721084457779)
Puurekisteri_piste.13203,13203,P-54037-868,,HERTTONIEMENKARTANO,Puisto,RAUDUSKOIVU,Betula,pendula,0 - 10 cm,,Helsinki/MAKA,2026-02-27,POINT (25.046030057121573 60.188564455122126)
Puurekisteri_piste.13205,13205,P-42001-4,,TÄHTITORNIN VUORI,Puisto,METSÄVAAHTERA,Acer,platanoides,50 - 70 cm,,Helsinki/MAKA,2026-02-27,POINT (24.949992042084883 60.162352324252915)
Puurekisteri_piste.13207,13207,P-42001-247,,TÄHTITORNIN VUORI,Puisto,METSÄVAAHTERA,Acer,platanoides,50 - 70 cm,,Helsinki/MAKA,2026-02-27,POINT (24.952863035076845 60.16353228855177)
Puurekisteri_piste.13211,13211,P-42001-329,,TÄHTITORNIN VUORI,Puisto,VUORIJALAVA,Ulmus,glabra,70 cm -,,Helsinki/MAKA,2026-02-27,POINT (24.95194899276179 60.162692197181244)
Puurekisteri_piste.13212,13212,P-54037-849,,HERTTONIEMENKARTANO,Puisto,PAPERIKOIVU,Betula,papyrifera,0 - 10 cm,,Helsinki/MAKA,2026-02-27,POINT (25.046453337394762 60.188721483007996)
Puurekisteri_piste.13213,13213,P-54037-850,,HERTTONIEMENKARTANO,Puisto,PAPERIKOIVU,Betula,papyrifera,0 - 10 cm,,Helsinki/MAKA,2026-02-27,POINT (25.046503688776802 60.18871874710174)
Puurekisteri_piste.13214,13214,P-54037-851,,HERTTONIEMENKARTANO,Puisto,PAPERIKOIVU,Betula,papyrifera,0 - 10 cm,,Helsinki/MAKA,2026-02-27,POINT (25.046546893163782 60.18872856187982)
Puurekisteri_piste.13215,13215,P-54037-852,,HERTTONIEMENKARTANO,Puisto,RAUDUSKOIVU,Betula,pendula,0 - 10 cm,,Helsinki/MAKA,2026-02-27,POINT (25.046424330179217 60.1886626432059)
Puurekisteri_piste.14880,14880,P-33016-15,,KAISANIEMENPUISTO,Puisto,METSÄVAAHTERA,Acer,platanoides,10 - 20 cm,,Helsinki/MAKA,2026-02-27,POINT (24.941254965052217 60.17655619840743)
Puurekisteri_piste.14881,14881,P-54037-589,,HERTTONIEMENKARTANO,Puisto,TERVALEPPÄ,Alnus,glutinosa,50 - 70 cm,,Helsinki/MAKA,2026-02-27,POINT (25.045094456918214 60.18966969507716)
Puurekisteri_piste.14882,14882,P-54037-590,,HERTTONIEMENKARTANO,Puisto,TERVALEPPÄ,Alnus,glutinosa,30 - 50 cm,,Helsinki/MAKA,2026-02-27,POINT (25.045197796710376 60.18967245756761)
Puurekisteri_piste.14885,14885,P-53003-1421,,TULLISAAREN KARTANO,Puisto,METSÄHAAPA,Populus,tremula,50 - 70 cm,,Helsinki/MAKA,2026-02-27,POINT (25.036222223792127 60.17943554448647)
Puurekisteri_piste.15404,15404,P-24032-130,,MUNKKINIEMEN PUISTOTIE PUISTOKAISTAT,Puisto,ISOLEHTILEHMUS,Tilia,platyphyllos,50 - 70 cm,,Helsinki/MAKA,2026-02-27,POINT (24.880195048411284 60.19731450207805)
Puurekisteri_piste.15408,15408,K-2715,KARTANONTIE,,Katu,RAUDUSKOIVU,Betula,pendula,30 - 50 cm,,Helsinki/MAKA,2026-02-27,POINT (24.879476601123102 60.19491846263084)
Puurekisteri_piste.15409,15409,P-54037-598,,HERTTONIEMENKARTANO,Puisto,VAAHTERA,Acer,sp.,30 - 50 cm,,Helsinki/MAKA,2026-02-27,POINT (25.04503882022902 60.189531231198835)
Puurekisteri_piste.15410,15410,P-54037-599,,HERTTONIEMENKARTANO,Puisto,KUUSI,Picea,sp.,30 - 50 cm,,Helsinki/MAKA,2026-02-27,POINT (25.044939797213956 60.18953168219543)
Puurekisteri_piste.15411,15411,P-54037-427,,HERTTONIEMENKARTANO,Puisto,KUUSI,Picea,sp.,0 - 10 cm,,Helsinki/MAKA,2026-02-27,POINT (25.04362277250475 60.18988494941548)
Puurekisteri_piste.15412,15412,P-54037-428,,HERTTONIEMENKARTANO,Puisto,KUUSI,Picea,sp.,0 - 10 cm,,Helsinki/MAKA,2026-02-27,POINT (25.043679357065663 60.18988466175152)
Puurekisteri_piste.15416,15416,P-43001-168,,LAIVASTOPUISTO,Puisto,SIPERIANPIHTA,Abies,sibirica,10 - 20 cm,,Helsinki/MAKA,2026-02-27,POINT (24.977152150312673 60.16873921445633)
Puurekisteri_piste.15417,15417,P-43001-169,,LAIVASTOPUISTO,Puisto,METSÄVAAHTERA,Acer,platanoides,20 - 30 cm,,Helsinki/MAKA,2026-02-27,POINT (24.977415748935176 60.168832127470154)
Puurekisteri_piste.15418,15418,P-43001-170,,LAIVASTOPUISTO,Puisto,VAAHTERA,Acer,sp.,20 - 30 cm,,Helsinki/MAKA,2026-02-27,POINT (24.977496770017982 60.16886310159999)
Puurekisteri_piste.14554,14554,P-43067-389,,TERVASAARI,Puisto,KUUSI,Picea,sp.,0 - 10 cm,,Helsinki/MAKA,2026-02-27,POINT (24.968309867744026 60.17439537182853)
Puurekisteri_piste.14555,14555,P-24032-136,,MUNKKINIEMEN PUISTOTIE PUISTOKAISTAT,Puisto,ISOLEHTILEHMUS,Tilia,platyphyllos,50 - 70 cm,,Helsinki/MAKA,2026-02-27,POINT (24.879594414907793 60.19743564564394)
Puurekisteri_piste.14556,14556,P-24032-137,,MUNKKINIEMEN PUISTOTIE PUISTOKAISTAT,Puisto,ISOLEHTILEHMUS,Tilia,platyphyllos,30 - 50 cm,,Helsinki/MAKA,2026-02-27,POINT (24.879417716462896 60.19747286256601)
Puurekisteri_piste.15052,15052,P-34020-441,,ALPPIPUISTO,Puisto,TUOMI/KIRSIKKA,Prunus,sp.,0 - 10 cm,,Helsinki/MAKA,2026-02-27,POINT (24.937735927841054 60.189040681688304)
Puurekisteri_piste.15053,15053,P-34020-442,,ALPPIPUISTO,Puisto,TUOMI/KIRSIKKA,Prunus,sp.,10 - 20 cm,,Helsinki/MAKA,2026-02-27,POINT (24.937793186177686 60.18906917968119)
Puurekisteri_piste.15054,15054,P-34020-443,,ALPPIPUISTO,Puisto,PUISTOLEHMUS,Tilia,x vulgaris,50 - 70 cm,,Helsinki/MAKA,2026-02-27,POINT (24.937900446381228 60.18894723473111)
Puurekisteri_piste.15055,15055,P-44017-32,,KATRI VALAN PUISTO,Puisto,HIESKOIVU,Betula,pubescens,30 - 50 cm,,Helsinki/MAKA,2026-02-27,POINT (24.964134296076555 60.18699237975894)
Puurekisteri_piste.15056,15056,P-44017-33,,KATRI VALAN PUISTO,Puisto,HIESKOIVU,Betula,pubescens,30 - 50 cm,,Helsinki/MAKA,2026-02-27,POINT (24.964208646320802 60.18693880056645)
Puurekisteri_piste.15057,15057,P-44017-34,,KATRI VALAN PUISTO,Puisto,RAUDUSKOIVU,Betula,pendula,50 - 70 cm,,Helsinki/MAKA,2026-02-27,POINT (24.964221911764152 60.18696516207115)
Puurekisteri_piste.15061,15061,P-53003-1398,,TULLISAAREN KARTANO,Puisto,METSÄVAAHTERA,Acer,platanoides,50 - 70 cm,,Helsinki/MAKA,2026-02-27,POINT (25.03639913468998 60.18003045449098)
Puurekisteri_piste.15062,15062,P-53003-1399,,TULLISAAREN KARTANO,Puisto,TARHAOMENAPUU,Malus,domestica,30 - 50 cm,,Helsinki/MAKA,2026-02-27,POINT (25.03427412537988 60.180067288301885)
Puurekisteri_piste.15064,15064,P-53003-1401,,TULLISAAREN KARTANO,Puisto,ISO-ORAPIHLAJA,Crataegus,submollis,30 - 50 cm,,Helsinki/MAKA,2026-02-27,POINT (25.03394319943142 60.18002794464474)
Puurekisteri_piste.15065,15065,P-53003-1849,,TULLISAAREN KARTANO,Puisto,METSÄMÄNTY,Pinus,sylvestris,30 - 50 cm,,Helsinki/MAKA,2026-02-27,POINT (25.023523407179894 60.17741809360014)
Puurekisteri_piste.15070,15070,K-7593,MANNERHEIMINTIE,,Katu,PUISTOLEHMUS,Tilia,x vulgaris,20 - 30 cm,,Helsinki/MAKA,2026-02-27,POINT (24.94250766219887 60.166950029326415)
Puurekisteri_piste.15075,15075,K-782,RATAPIHANTIE,,Katu,VUORIJALAVA,Ulmus,glabra,10 - 20 cm,,Helsinki/MAKA,2026-02-27,POINT (24.934174982575325 60.19994169510036)
Puurekisteri_piste.12957,12957,P-53003-1702,,TULLISAAREN KARTANO,Puisto,METSÄVAAHTERA,Acer,platanoides,30 - 50 cm,,Helsinki/MAKA,2026-02-27,POINT (25.035980522315803 60.18066905693419)
Puurekisteri_piste.12959,12959,P-33028-85,,HESPERIANRANTAPUISTO,Puisto,HOPEASALAVA,Salix,alba,50 - 70 cm,,Helsinki/MAKA,2026-02-27,POINT (24.93311375072559 60.18469767569945)
Puurekisteri_piste.34179,34179,K-45744,MALMIN KAUPPATIE,,Katu,PUISTOLEHMUS,Tilia,x vulgaris,10 - 20 cm,,Helsinki/MAKA,2026-02-27,POINT (25.004647471605395 60.2485199628346)
Puurekisteri_piste.34180,34180,K-45745,MALMIN KAUPPATIE,,Katu,PUISTOLEHMUS,Tilia,x vulgaris,10 - 20 cm,,Helsinki/MAKA,2026-02-27,POINT (25.00475918765915 60.24856934562814)
Puurekisteri_piste.12576,12576,P-42008-31,,KAIVOPUISTO (USA),Puisto,JALAVA,Ulmus,sp.,10 - 20 cm,,Helsinki/MAKA,2026-02-27,POINT (24.962554692202097 60.156694538057025)
Puurekisteri_piste.12578,12578,P-42008-33,,KAIVOPUISTO (USA),Puisto,JALAVA,Ulmus,sp.,30 - 50 cm,,Helsinki/MAKA,2026-02-27,POINT (24.962392967176868 60.156893692949005)
Puurekisteri_piste.12579,12579,P-54037-440,,HERTTONIEMENKARTANO,Puisto,KUUSI,Picea,sp.,30 - 50 cm,,Helsinki/MAKA,2026-02-27,POINT (25.044324676156634 60.18989580637617)
Puurekisteri_piste.12580,12580,K-3050,PROFESSORINAUKIO,,Katu,TALVITAMMI,Quercus,petraea,30 - 50 cm,,Helsinki/MAKA,2026-02-27,POINT (24.876848091316162 60.2004569007125)
Puurekisteri_piste.12581,12581,P-33020-288,,TOKOINRANTA,Puisto,HAPANKIRSIKKA,Prunus,cerasus,0 - 10 cm,,Helsinki/MAKA,2026-02-27,POINT (24.940255808101508 60.18031940232672)
Puurekisteri_piste.12582,12582,P-33020-289,,TOKOINRANTA,Puisto,OMENAPUU,Malus,sp.,0 - 10 cm,,Helsinki/MAKA,2026-02-27,POINT (24.94031675782615 60.18031671145304)
Puurekisteri_piste.12583,12583,P-53004-5,,STANSVIKINKARTANO,Puisto,METSÄTAMMI,Quercus,robur,50 - 70 cm,,Helsinki/MAKA,2026-02-27,POINT (25.02768757300043 60.1655048961822)
Puurekisteri_piste.12584,12584,P-53004-6,,STANSVIKINKARTANO,Puisto,METSÄTAMMI,Quercus,robur,50 - 70 cm,,Helsinki/MAKA,2026-02-27,POINT (25.027594439643657 60.16558180577276)
Puurekisteri_piste.12585,12585,K-39109,HALKAISIJANTIE,,Katu,PUISTOLEHMUS,Tilia,x vulgaris,10 - 20 cm,,Helsinki/MAKA,2026-02-27,POINT (25.127508898322063 60.20281298010675)
Puurekisteri_piste.12586,12586,K-39110,HALKAISIJANTIE,,Katu,PUISTOLEHMUS,Tilia,x vulgaris,10 - 20 cm,,Helsinki/MAKA,2026-02-27,POINT (25.127463232573792 60.20286295412825)
Puurekisteri_piste.12590,12590,P-33030-15,,HESPERIANPUISTO,Puisto,TUOMI,Prunus,padus,20 - 30 cm,,Helsinki/MAKA,2026-02-27,POINT (24.930754678959637 60.177104508538704)
Puurekisteri_piste.12591,12591,P-43067-46,,TERVASAARI,Puisto,RAUDUSKOIVU,Betula,pendula,20 - 30 cm,,Helsinki/MAKA,2026-02-27,POINT (24.967905573740964 60.17437869427517)
Puurekisteri_piste.12592,12592,P-33030-32,,HESPERIANPUISTO,Puisto,PUISTOLEHMUS,Tilia,x vulgaris,30 - 50 cm,,Helsinki/MAKA,2026-02-27,POINT (24.930043846781015 60.177617445819614)
Puurekisteri_piste.12593,12593,P-33030-33,,HESPERIANPUISTO,Puisto,RAUDUSKOIVU,Betula,pendula,50 - 70 cm,,Helsinki/MAKA,2026-02-27,POINT (24.930200470296793 60.17759325595212)
Puurekisteri_piste.12597,12597,P-54037-232,,HERTTONIEMENKARTANO,Puisto,VAAHTERA,Acer,sp.,30 - 50 cm,,Helsinki/MAKA,2026-02-27,POINT (25.04377156241283 60.18812537764629)
Puurekisteri_piste.12598,12598,P-54037-233,,HERTTONIEMENKARTANO,Puisto,VAAHTERA,Acer,sp.,30 - 50 cm,,Helsinki/MAKA,2026-02-27,POINT (25.043866568313735 60.18813670866914)
Puurekisteri_piste.12599,12599,P-54037-234,,HERTTONIEMENKARTANO,Puisto,SAARNI,Fraxinus,sp.,20 - 30 cm,,Helsinki/MAKA,2026-02-27,POINT (25.043900912942405 60.18809132623981)
Puurekisteri_piste.12600,12600,P-54037-705,,HERTTONIEMENKARTANO,Puisto,METSÄTAMMI,Quercus,robur,10 - 20 cm,,Helsinki/MAKA,2026-02-27,POINT (25.04567158745287 60.188669307713326)
Puurekisteri_piste.12602,12602,P-54037-707,,HERTTONIEMENKARTANO,Puisto,MÄNTY,Pinus,sp.,70 cm -,,Helsinki/MAKA,2026-02-27,POINT (25.045497825096657 60.188608192485184)
Puurekisteri_piste.12603,12603,P-33253-104,,TOIVO KUULAN PUISTO,Puisto,VUORIJALAVA,Ulmus,glabra,20 - 30 cm,,Helsinki/MAKA,2026-02-27,POINT (24.912333795089264 60.178898103296774)
Puurekisteri_piste.12604,12604,P-33253-105,,TOIVO KUULAN PUISTO,Puisto,METSÄMÄNTY,Pinus,sylvestris,30 - 50 cm,,Helsinki/MAKA,2026-02-27,POINT (24.912329462048408 60.17881780894981)
Puurekisteri_piste.12605,12605,P-33253-106,,TOIVO KUULAN PUISTO,Puisto,RAUDUSKOIVU,Betula,pendula,30 - 50 cm,,Helsinki/MAKA,2026-02-27,POINT (24.912355093991888 60.17877795386154)
Puurekisteri_piste.12607,12607,P-33253-108,,TOIVO KUULAN PUISTO,Puisto,RAUDUSKOIVU,Betula,pendula,30 - 50 cm,,Helsinki/MAKA,2026-02-27,POINT (24.9123438361384 60.17871356783744)
Puurekisteri_piste.33657,33657,K-36286,SÄÄSTÖPANKINRANTA,,Katu,PUISTOLEHMUS,Tilia,x vulgaris,30 - 50 cm,1972,Helsinki/MAKA,2026-02-27,POINT (24.94669147258976 60.17903750977317)
Puurekisteri_piste.14283,14283,K-5514,POHJOISRANTA,,Katu,PUISTOLEHMUS,Tilia,x vulgaris,10 - 20 cm,,Helsinki/MAKA,2026-02-27,POINT (24.9610428252174 60.172357344656994)
Puurekisteri_piste.12188,12188,P-32031-72,,SINEBRYCHOFFIN PUISTO,Puisto,METSÄVAAHTERA,Acer,platanoides,20 - 30 cm,,Helsinki/MAKA,2026-02-27,POINT (24.933182084956073 60.16104572734264)
Puurekisteri_piste.12193,12193,P-34019-22,,ALPPIPUISTO (ETELÄ),Puisto,OMENAPUU,Malus,sp.,10 - 20 cm,,Helsinki/MAKA,2026-02-27,POINT (24.942456182973103 60.18724673326446)
Puurekisteri_piste.12194,12194,P-33101-83,,LASTENLEHTO,Puisto,VUORIJALAVA,Ulmus,glabra,20 - 30 cm,,Helsinki/MAKA,2026-02-27,POINT (24.928773619556083 60.16644715100745)
Puurekisteri_piste.12197,12197,P-53003-703,,TULLISAAREN KARTANO,Puisto,DOUGLASKUUSI,Pseudotsuga,menziesii,50 - 70 cm,,Helsinki/MAKA,2026-02-27,POINT (25.031574891770603 60.18064635667013)
Puurekisteri_piste.12199,12199,P-53003-705,,TULLISAAREN KARTANO,Puisto,METSÄKUUSI,Picea,abies,30 - 50 cm,,Helsinki/MAKA,2026-02-27,POINT (25.031329948228237 60.18046750366325)
Puurekisteri_piste.12200,12200,P-53003-706,,TULLISAAREN KARTANO,Puisto,DOUGLASKUUSI,Pseudotsuga,menziesii,50 - 70 cm,,Helsinki/MAKA,2026-02-27,POINT (25.031223750071298 60.180448124825816)
Puurekisteri_piste.34294,34294,K-46263,LATOKARTANONTIE,,Katu,POPPELI/HAAPA,Populus,sp.,30 - 50 cm,,Helsinki/MAKA,2026-02-27,POINT (25.010088009477585 60.24822588125342)
Puurekisteri_piste.34295,34295,K-46264,LATOKARTANONTIE,,Katu,POPPELI/HAAPA,Populus,sp.,30 - 50 cm,,Helsinki/MAKA,2026-02-27,POINT (25.010193093276076 60.24815813717947)
Puurekisteri_piste.34296,34296,K-46265,LATOKARTANONTIE,,Katu,POPPELI/HAAPA,Populus,sp.,30 - 50 cm,,Helsinki/MAKA,2026-02-27,POINT (25.01025003160661 60.248114299635745)
Puurekisteri_piste.34297,34297,K-46266,LATOKARTANONTIE,,Katu,POPPELI/HAAPA,Populus,sp.,30 - 50 cm,,Helsinki/MAKA,2026-02-27,POINT (25.010292344431477 60.248070561688245)
Puurekisteri_piste.34298,34298,K-46267,LATOKARTANONTIE,,Katu,POPPELI/HAAPA,Populus,sp.,30 - 50 cm,,Helsinki/MAKA,2026-02-27,POINT (25.01035792518218 60.24801783278666)
Puurekisteri_piste.34299,34299,K-46268,LATOKARTANONTIE,,Katu,POPPELI/HAAPA,Populus,sp.,30 - 50 cm,,Helsinki/MAKA,2026-02-27,POINT (25.010374762043764 60.247968098618756)
Puurekisteri_piste.34300,34300,K-46269,LATOKARTANONTIE,,Katu,POPPELI/HAAPA,Populus,sp.,50 - 70 cm,,Helsinki/MAKA,2026-02-27,POINT (25.010442491005733 60.247908726549234)
Puurekisteri_piste.34301,34301,K-46108,KIRKONKYLÄNTIE,,Katu,POPPELI/HAAPA,Populus,sp.,50 - 70 cm,,Helsinki/MAKA,2026-02-27,POINT (25.00544188430893 60.25247277657098)
Puurekisteri_piste.34302,34302,K-46109,KIRKONKYLÄNTIE,,Katu,POPPELI/HAAPA,Populus,sp.,50 - 70 cm,,Helsinki/MAKA,2026-02-27,POINT (25.005041710207603 60.25254573082071)
Puurekisteri_piste.34303,34303,K-46110,KIRKONKYLÄNTIE,,Katu,POPPELI/HAAPA,Populus,sp.,30 - 50 cm,,Helsinki/MAKA,2026-02-27,POINT (25.00491515724041 60.252560889568485)
Puurekisteri_piste.34304,34304,K-46111,KIRKONKYLÄNTIE,,Katu,POPPELI/HAAPA,Populus,sp.,30 - 50 cm,,Helsinki/MAKA,2026-02-27,POINT (25.004831247209292 60.25258553490749)
Puurekisteri_piste.34305,34305,K-46112,KIRKONKYLÄNTIE,,Katu,POPPELI/HAAPA,Populus,sp.,30 - 50 cm,,Helsinki/MAKA,2026-02-27,POINT (25.00472108308399 60.25258336089066)
Puurekisteri_piste.34306,34306,K-46113,KIRKONKYLÄNTIE,,Katu,POPPELI/HAAPA,Populus,sp.,30 - 50 cm,,Helsinki/MAKA,2026-02-27,POINT (25.00463142483473 60.252620036537905)
Puurekisteri_piste.34308,34308,K-46115,KIRKONKYLÄNTIE,,Katu,POPPELI/HAAPA,Populus,sp.,30 - 50 cm,,Helsinki/MAKA,2026-02-27,POINT (25.004415383510683 60.25266801094589)
Puurekisteri_piste.34310,34310,K-46117,KIRKONKYLÄNTIE,,Katu,POPPELI/HAAPA,Populus,sp.,50 - 70 cm,,Helsinki/MAKA,2026-02-27,POINT (25.004258349073258 60.252698356418094)
Puurekisteri_piste.34311,34311,K-46118,KIRKONKYLÄNTIE,,Katu,POPPELI/HAAPA,Populus,sp.,30 - 50 cm,,Helsinki/MAKA,2026-02-27,POINT (25.004155524197465 60.252741771458616)
Puurekisteri_piste.34312,34312,K-46119,KIRKONKYLÄNTIE,,Katu,POPPELI/HAAPA,Populus,sp.,50 - 70 cm,,Helsinki/MAKA,2026-02-27,POINT (25.004064454648493 60.2527920001988)
Puurekisteri_piste.34315,34315,K-45815,MALMIN KAUPPATIE,,Katu,PUISTOLEHMUS,Tilia,x vulgaris,10 - 20 cm,,Helsinki/MAKA,2026-02-27,POINT (25.012071824205755 60.252228559516425)
Puurekisteri_piste.34316,34316,K-45816,MALMIN KAUPPATIE,,Katu,PUISTOLEHMUS,Tilia,x vulgaris,10 - 20 cm,,Helsinki/MAKA,2026-02-27,POINT (25.011887701529677 60.25212565055032)
Puurekisteri_piste.34317,34317,K-46270,MALMIN ASEMATIE,,Katu,POPPELI/HAAPA,Populus,sp.,30 - 50 cm,,Helsinki/MAKA,2026-02-27,POINT (25.01030482942216 60.24774977845381)
Puurekisteri_piste.34318,34318,K-46271,MALMIN ASEMATIE,,Katu,VUORIJALAVA,Ulmus,glabra,10 - 20 cm,,Helsinki/MAKA,2026-02-27,POINT (25.01019430435985 60.24774186508865)
Puurekisteri_piste.34322,34322,K-36929,JUNAILIJANAUKIO,,Katu,VUORIJALAVA,Ulmus,glabra,20 - 30 cm,,Helsinki/MAKA,2026-02-27,POINT (24.937198893584075 60.19769357984951)
Puurekisteri_piste.34323,34323,K-36931,JUNAILIJANAUKIO,,Katu,VUORIJALAVA,Ulmus,glabra,20 - 30 cm,,Helsinki/MAKA,2026-02-27,POINT (24.937157448230007 60.19773415333741)
Puurekisteri_piste.19203,19203,P-33020-192,,TOKOINRANTA,Puisto,SERBIANKUUSI,Picea,omorika,20 - 30 cm,,Helsinki/MAKA,2026-02-27,POINT (24.94151356258952 60.18058777644911)
Puurekisteri_piste.19204,19204,P-33020-193,,TOKOINRANTA,Puisto,METSÄVAAHTERA,Acer,platanoides,30 - 50 cm,,Helsinki/MAKA,2026-02-27,POINT (24.94138688476939 60.18062157609332)
Puurekisteri_piste.19205,19205,P-44011-3,,HARJUTORI,Puisto,PIHLAJA,Sorbus,sp.,30 - 50 cm,,Helsinki/MAKA,2026-02-27,POINT (24.957484436362265 60.18701859164761)
Puurekisteri_piste.19206,19206,K-6939,BULEVARDI,,Katu,PUISTOLEHMUS,Tilia,x vulgaris,30 - 50 cm,,Helsinki/MAKA,2026-02-27,POINT (24.933043513725078 60.16300821197255)
Puurekisteri_piste.19234,19234,P-33044-76,,TOPELIUKSEN PUISTO/POHJ.,Puisto,RAUDUSKOIVU,Betula,pendula,50 - 70 cm,,Helsinki/MAKA,2026-02-27,POINT (24.91801692982101 60.18272671795269)
Puurekisteri_piste.15898,15898,P-53003-1430,,TULLISAAREN KARTANO,Puisto,METSÄHAAPA,Populus,tremula,10 - 20 cm,,Helsinki/MAKA,2026-02-27,POINT (25.036376503963723 60.1793662369779)
Puurekisteri_piste.15899,15899,P-53003-1431,,TULLISAAREN KARTANO,Puisto,METSÄHAAPA,Populus,tremula,20 - 30 cm,,Helsinki/MAKA,2026-02-27,POINT (25.036371163839114 60.17938893127386)
Puurekisteri_piste.15900,15900,P-53003-1432,,TULLISAAREN KARTANO,Puisto,METSÄHAAPA,Populus,tremula,20 - 30 cm,,Helsinki/MAKA,2026-02-27,POINT (25.036387222184576 60.17942276680988)
Puurekisteri_piste.15475,15475,P-33253-41,,TOIVO KUULAN PUISTO,Puisto,TERVALEPPÄ,Alnus,glutinosa,30 - 50 cm,,Helsinki/MAKA,2026-02-27,POINT (24.912047858729178 60.17788754711137)
Puurekisteri_piste.15476,15476,K-9128,HERNESAARENRANTA,,Katu,PUISTOLEHMUS,Tilia,x vulgaris,10 - 20 cm,,Helsinki/MAKA,2026-02-27,POINT (24.92711278606856 60.14946232442612)
Puurekisteri_piste.15477,15477,K-9134,HERNESAARENRANTA,,Katu,PUISTOLEHMUS,Tilia,x vulgaris,10 - 20 cm,,Helsinki/MAKA,2026-02-27,POINT (24.926595134469647 60.14897758993319)
Puurekisteri_piste.15480,15480,P-42001-401,,TÄHTITORNIN VUORI,Puisto,VIRGINIANTUOMI,Prunus,virginiana,10 - 20 cm,,Helsinki/MAKA,2026-02-27,POINT (24.953699326707046 60.16205949452378)
Puurekisteri_piste.15482,15482,P-42001-403,,TÄHTITORNIN VUORI,Puisto,MUSTAMARJAORAPIHLAJA,Crataegus,douglasii,50 - 70 cm,,Helsinki/MAKA,2026-02-27,POINT (24.954170478258664 60.16234339975272)
Puurekisteri_piste.15483,15483,P-53003-1858,,TULLISAAREN KARTANO,Puisto,METSÄMÄNTY,Pinus,sylvestris,10 - 20 cm,,Helsinki/MAKA,2026-02-27,POINT (25.023307150501047 60.17736105704477)
Puurekisteri_piste.15485,15485,P-53003-1860,,TULLISAAREN KARTANO,Puisto,METSÄMÄNTY,Pinus,sylvestris,30 - 50 cm,,Helsinki/MAKA,2026-02-27,POINT (25.023367841676116 60.17733660788457)
Puurekisteri_piste.15486,15486,P-53003-1861,,TULLISAAREN KARTANO,Puisto,METSÄMÄNTY,Pinus,sylvestris,30 - 50 cm,,Helsinki/MAKA,2026-02-27,POINT (25.023651518232075 60.17745871964316)
Puurekisteri_piste.12351,12351,P-44017-57,,KATRI VALAN PUISTO,Puisto,RUOTSINPIHLAJA,Sorbus,intermedia,30 - 50 cm,,Helsinki/MAKA,2026-02-27,POINT (24.965189162258067 60.18645318671596)
Puurekisteri_piste.12352,12352,P-44017-58,,KATRI VALAN PUISTO,Puisto,RUOTSINPIHLAJA,Sorbus,intermedia,30 - 50 cm,,Helsinki/MAKA,2026-02-27,POINT (24.965177629989185 60.186485323999804)
Puurekisteri_piste.15693,15693,P-32006-77,,MERIPUISTO,Puisto,VUORIJALAVA,Ulmus,glabra,30 - 50 cm,,Helsinki/MAKA,2026-02-27,POINT (24.94892471817305 60.15555328836524)
Puurekisteri_piste.15694,15694,P-53003-1223,,TULLISAAREN KARTANO,Puisto,TERVALEPPÄ,Alnus,glutinosa,20 - 30 cm,,Helsinki/MAKA,2026-02-27,POINT (25.03333427334516 60.180341521499265)
Puurekisteri_piste.15695,15695,P-53003-1224,,TULLISAAREN KARTANO,Puisto,TERVALEPPÄ,Alnus,glutinosa,70 cm -,,Helsinki/MAKA,2026-02-27,POINT (25.033488103680295 60.180278842443926)
Puurekisteri_piste.15697,15697,K-5606,RAUTATIENTORI,,Katu,PUISTOLEHMUS,Tilia,x vulgaris,30 - 50 cm,,Helsinki/MAKA,2026-02-27,POINT (24.944517152665725 60.170802163302554)
Puurekisteri_piste.15698,15698,P-54037-1,,HERTTONIEMENKARTANO,Puisto,HEVOSKASTANJAT,Aesculus,sp.,50 - 70 cm,,Helsinki/MAKA,2026-02-27,POINT (25.040916869592056 60.19022065048894)
Puurekisteri_piste.15699,15699,P-42001-449,,TÄHTITORNIN VUORI,Puisto,HEVOSKASTANJA,Aesculus,hippocastanum,30 - 50 cm,,Helsinki/MAKA,2026-02-27,POINT (24.954276961345794 60.16256144299605)
Puurekisteri_piste.15700,15700,P-42001-223,,TÄHTITORNIN VUORI,Puisto,PUISTOLEHMUS,Tilia,x vulgaris,70 cm -,,Helsinki/MAKA,2026-02-27,POINT (24.951757111634453 60.162587957066016)
Puurekisteri_piste.15701,15701,P-42001-224,,TÄHTITORNIN VUORI,Puisto,PUISTOLEHMUS,Tilia,x vulgaris,70 cm -,,Helsinki/MAKA,2026-02-27,POINT (24.95176417936992 60.16253372101181)
Puurekisteri_piste.15704,15704,P-53003-667,,TULLISAAREN KARTANO,Puisto,METSÄVAAHTERA,Acer,platanoides,20 - 30 cm,,Helsinki/MAKA,2026-02-27,POINT (25.031600695213243 60.180224458726)
Puurekisteri_piste.14549,14549,P-43067-384,,TERVASAARI,Puisto,POPPELI/HAAPA,Populus,sp.,20 - 30 cm,,Helsinki/MAKA,2026-02-27,POINT (24.967157926857777 60.173283352495964)
Puurekisteri_piste.14550,14550,P-43067-385,,TERVASAARI,Puisto,BERLIININPOPPELI,Populus,x berolinensis,50 - 70 cm,,Helsinki/MAKA,2026-02-27,POINT (24.967092481527732 60.17345699868888)
Puurekisteri_piste.14551,14551,P-43067-386,,TERVASAARI,Puisto,BERLIININPOPPELI,Populus,x berolinensis,50 - 70 cm,,Helsinki/MAKA,2026-02-27,POINT (24.967132808395377 60.17347706952505)
Puurekisteri_piste.15554,15554,P-34019-304,,ALPPIPUISTO (ETELÄ),Puisto,JALAVA,Ulmus,sp.,30 - 50 cm,,Helsinki/MAKA,2026-02-27,POINT (24.938294159554683 60.18867154979966)
Puurekisteri_piste.12962,12962,P-34065-162,,VALPURINPUISTO,Puisto,METSÄMÄNTY,Pinus,sylvestris,10 - 20 cm,,Helsinki/MAKA,2026-02-27,POINT (24.898816065803 60.19424977397767)
Puurekisteri_piste.12963,12963,K-39125,HARBONKATU,,Katu,PIHLAJA,Sorbus,sp.,10 - 20 cm,,Helsinki/MAKA,2026-02-27,POINT (25.12399871635425 60.199929610585606)
Puurekisteri_piste.12964,12964,K-39126,HARBONKATU,,Katu,PIHLAJA,Sorbus,sp.,10 - 20 cm,,Helsinki/MAKA,2026-02-27,POINT (25.124130476709276 60.199894314950924)
Puurekisteri_piste.12966,12966,K-39128,HARBONKATU,,Katu,PIHLAJA,Sorbus,sp.,10 - 20 cm,,Helsinki/MAKA,2026-02-27,POINT (25.124391777342403 60.1998147513707)
Puurekisteri_piste.12967,12967,K-39129,HARBONKATU,,Katu,PIHLAJA,Sorbus,sp.,10 - 20 cm,,Helsinki/MAKA,2026-02-27,POINT (25.124567166739947 60.199750038942014)
Puurekisteri_piste.12969,12969,K-39131,HARBONKATU,,Katu,PUISTOLEHMUS,Tilia,x vulgaris,0 - 10 cm,2005,Helsinki/MAKA,2026-02-27,POINT (25.127880123412616 60.19800270202877)
Puurekisteri_piste.12427,12427,P-34020-152,,ALPPIPUISTO,Puisto,MÄNTY,Pinus,sp.,20 - 30 cm,,Helsinki/MAKA,2026-02-27,POINT (24.93629058430458 60.18997617770397)
Puurekisteri_piste.12428,12428,P-34020-153,,ALPPIPUISTO,Puisto,MÄNTY,Pinus,sp.,30 - 50 cm,,Helsinki/MAKA,2026-02-27,POINT (24.936297875097697 60.189998586891)
Puurekisteri_piste.12516,12516,P-54037-18,,HERTTONIEMENKARTANO,Puisto,METSÄVAAHTERA,Acer,platanoides,30 - 50 cm,,Helsinki/MAKA,2026-02-27,POINT (25.040818691425244 60.189722606715655)
Puurekisteri_piste.13887,13887,P-54037-689,,HERTTONIEMENKARTANO,Puisto,MÄNTY,Pinus,sp.,50 - 70 cm,,Helsinki/MAKA,2026-02-27,POINT (25.04541992363621 60.18913252144434)
Puurekisteri_piste.12517,12517,P-53003-1386,,TULLISAAREN KARTANO,Puisto,METSÄVAAHTERA,Acer,platanoides,50 - 70 cm,,Helsinki/MAKA,2026-02-27,POINT (25.036162123745886 60.180500124884816)
Puurekisteri_piste.12518,12518,P-54037-21,,HERTTONIEMENKARTANO,Puisto,METSÄVAAHTERA,Acer,platanoides,20 - 30 cm,,Helsinki/MAKA,2026-02-27,POINT (25.040803731580052 60.189708879064106)
Puurekisteri_piste.12519,12519,P-54037-22,,HERTTONIEMENKARTANO,Puisto,METSÄVAAHTERA,Acer,platanoides,0 - 10 cm,,Helsinki/MAKA,2026-02-27,POINT (25.040814946092073 60.18969896911801)
Puurekisteri_piste.12520,12520,P-54037-23,,HERTTONIEMENKARTANO,Puisto,METSÄVAAHTERA,Acer,platanoides,20 - 30 cm,,Helsinki/MAKA,2026-02-27,POINT (25.040819646479928 60.18967965267308)
Puurekisteri_piste.12521,12521,P-53003-66,,TULLISAAREN KARTANO,Puisto,METSÄVAAHTERA,Acer,platanoides,30 - 50 cm,,Helsinki/MAKA,2026-02-27,POINT (25.033084743133777 60.17941788751296)
Puurekisteri_piste.12523,12523,P-53003-1222,,TULLISAAREN KARTANO,Puisto,TERVALEPPÄ,Alnus,glutinosa,30 - 50 cm,,Helsinki/MAKA,2026-02-27,POINT (25.033334308801347 60.18035186464442)
Puurekisteri_piste.12524,12524,P-53003-507,,TULLISAAREN KARTANO,Puisto,METSÄKUUSI,Picea,abies,30 - 50 cm,,Helsinki/MAKA,2026-02-27,POINT (25.027771505969 60.17789152848889)
Puurekisteri_piste.12525,12525,P-53003-508,,TULLISAAREN KARTANO,Puisto,METSÄKUUSI,Picea,abies,30 - 50 cm,,Helsinki/MAKA,2026-02-27,POINT (25.0276884572762 60.17786238089711)
Puurekisteri_piste.33378,33378,K-46931,KOTINUMMENTIE,,Katu,PUISTOLEHMUS,Tilia,x vulgaris,10 - 20 cm,,Helsinki/MAKA,2026-02-27,POINT (25.013679273303058 60.25632265846023)
Puurekisteri_piste.33379,33379,K-46932,KOTINUMMENTIE,,Katu,PUISTOLEHMUS,Tilia,x vulgaris,10 - 20 cm,,Helsinki/MAKA,2026-02-27,POINT (25.013749645704856 60.25623617776396)
Puurekisteri_piste.33380,33380,K-46933,KOTINUMMENTIE,,Katu,PUISTOLEHMUS,Tilia,x vulgaris,10 - 20 cm,,Helsinki/MAKA,2026-02-27,POINT (25.013826171130194 60.25615418031549)
Puurekisteri_piste.33381,33381,K-46934,KOTINUMMENTIE,,Katu,METSÄVAAHTERA,Acer,platanoides,0 - 10 cm,,Helsinki/MAKA,2026-02-27,POINT (25.01397723798166 60.25599153297487)
Puurekisteri_piste.33382,33382,K-46935,KOTINUMMENTIE,,Katu,METSÄVAAHTERA,Acer,platanoides,0 - 10 cm,,Helsinki/MAKA,2026-02-27,POINT (25.014058623282924 60.255904146839725)
Puurekisteri_piste.33383,33383,K-46936,KOTINUMMENTIE,,Katu,METSÄVAAHTERA,Acer,platanoides,0 - 10 cm,,Helsinki/MAKA,2026-02-27,POINT (25.014155165959806 60.25581217262244)
Puurekisteri_piste.33384,33384,K-46247,KUHANKEITTÄJÄNTIE,,Katu,VUORIJALAVA,Ulmus,glabra,20 - 30 cm,,Helsinki/MAKA,2026-02-27,POINT (25.003405081840256 60.258000284744384)
Puurekisteri_piste.33385,33385,K-46248,KUHANKEITTÄJÄNTIE,,Katu,VUORIJALAVA,Ulmus,glabra,10 - 20 cm,,Helsinki/MAKA,2026-02-27,POINT (25.003313748517236 60.258023766936375)
Puurekisteri_piste.33386,33386,K-46249,KUHANKEITTÄJÄNTIE,,Katu,VUORIJALAVA,Ulmus,glabra,10 - 20 cm,,Helsinki/MAKA,2026-02-27,POINT (25.003196239274768 60.25805274022336)
Puurekisteri_piste.33387,33387,K-46250,KUHANKEITTÄJÄNTIE,,Katu,VUORIJALAVA,Ulmus,glabra,10 - 20 cm,,Helsinki/MAKA,2026-02-27,POINT (25.00307636759606 60.258076060482466)
Puurekisteri_piste.33388,33388,K-46251,KUHANKEITTÄJÄNTIE,,Katu,VUORIJALAVA,Ulmus,glabra,10 - 20 cm,,Helsinki/MAKA,2026-02-27,POINT (25.002963177011804 60.25809874823604)
Puurekisteri_piste.33389,33389,K-46252,KUHANKEITTÄJÄNTIE,,Katu,VUORIJALAVA,Ulmus,glabra,20 - 30 cm,,Helsinki/MAKA,2026-02-27,POINT (25.002845286173283 60.25811982325478)
Puurekisteri_piste.33390,33390,K-46092,KARVIAISRINNE,,Katu,PYLVÄSHAAPA,Populus,tremula,10 - 20 cm,,Helsinki/MAKA,2026-02-27,POINT (25.006095736875377 60.245658452518235)
Puurekisteri_piste.14992,14992,K-6707,MALMINKATU,,Katu,ORAPIHLAJA,Crataegus,sp.,10 - 20 cm,,Helsinki/MAKA,2026-02-27,POINT (24.932745022915956 60.1672023242973)
Puurekisteri_piste.14993,14993,P-42003-111,,MYLLYRINNE,Puisto,METSÄVAAHTERA,Acer,platanoides,0 - 10 cm,,Helsinki/MAKA,2026-02-27,POINT (24.960134216977377 60.15979114653048)
Puurekisteri_piste.14994,14994,P-42003-112,,MYLLYRINNE,Puisto,METSÄVAAHTERA,Acer,platanoides,0 - 10 cm,,Helsinki/MAKA,2026-02-27,POINT (24.960148198259706 60.159791143258936)
Puurekisteri_piste.12985,12985,P-42001-528,,TÄHTITORNIN VUORI,Puisto,PUISTOLEHMUS,Tilia,x vulgaris,50 - 70 cm,,Helsinki/MAKA,2026-02-27,POINT (24.955351885780086 60.16155013890475)
Puurekisteri_piste.14284,14284,P-54037-579,,HERTTONIEMENKARTANO,Puisto,TERVALEPPÄ,Alnus,glutinosa,50 - 70 cm,,Helsinki/MAKA,2026-02-27,POINT (25.045146089670094 60.18985019949182)
Puurekisteri_piste.13488,13488,P-54037-236,,HERTTONIEMENKARTANO,Puisto,VAAHTERA,Acer,sp.,70 cm -,,Helsinki/MAKA,2026-02-27,POINT (25.04413938995928 60.188113616186065)
Puurekisteri_piste.13489,13489,P-42001-420,,TÄHTITORNIN VUORI,Puisto,KOTIPIHLAJA,Sorbus,aucuparia,20 - 30 cm,,Helsinki/MAKA,2026-02-27,POINT (24.9550391966416 60.162404865183845)
Puurekisteri_piste.13491,13491,K-5063,NÄKINKUJA,,Katu,PUISTOLEHMUS,Tilia,x vulgaris,10 - 20 cm,,Helsinki/MAKA,2026-02-27,POINT (24.954817577735863 60.18007419545428)
Puurekisteri_piste.13492,13492,K-5071,NÄKINKUJA,,Katu,PUISTOLEHMUS,Tilia,x vulgaris,10 - 20 cm,,Helsinki/MAKA,2026-02-27,POINT (24.95406148227191 60.18058544297549)
Puurekisteri_piste.33407,33407,K-34087,KOSKELANTIE,,Katu,PUISTOLEHMUS,Tilia,x vulgaris,30 - 50 cm,,Helsinki/MAKA,2026-02-27,POINT (24.950813748308363 60.21046677722106)
Puurekisteri_piste.33408,33408,K-34089,KOSKELANTIE,,Katu,PUISTOLEHMUS,Tilia,x vulgaris,50 - 70 cm,,Helsinki/MAKA,2026-02-27,POINT (24.95094617662657 60.21051763683067)
Puurekisteri_piste.33409,33409,K-34095,KOSKELANTIE,,Katu,PUISTOLEHMUS,Tilia,x vulgaris,50 - 70 cm,,Helsinki/MAKA,2026-02-27,POINT (24.951369638887982 60.21069480104778)
Puurekisteri_piste.33410,33410,K-34097,KOSKELANTIE,,Katu,PUISTOLEHMUS,Tilia,x vulgaris,30 - 50 cm,,Helsinki/MAKA,2026-02-27,POINT (24.95152624173095 60.21075077038236)
Puurekisteri_piste.33411,33411,K-34105,KOSKELANTIE,,Katu,PUISTOLEHMUS,Tilia,x vulgaris,50 - 70 cm,,Helsinki/MAKA,2026-02-27,POINT (24.952073295097726 60.21096901026281)
Puurekisteri_piste.33412,33412,K-47903,SIMONKATU,,Katu,METSÄVAAHTERA,Acer,platanoides,20 - 30 cm,,Helsinki/MAKA,2026-02-27,POINT (24.936141200913404 60.16918291477103)
Puurekisteri_piste.33415,33415,K-47906,SIMONKATU,,Katu,METSÄVAAHTERA,Acer,platanoides,20 - 30 cm,,Helsinki/MAKA,2026-02-27,POINT (24.936327621059547 60.1693513955192)
Puurekisteri_piste.33416,33416,K-47907,SIMONKATU,,Katu,METSÄVAAHTERA,Acer,platanoides,30 - 50 cm,,Helsinki/MAKA,2026-02-27,POINT (24.93620936756605 60.16930649720217)
Puurekisteri_piste.33419,33419,K-47910,SIMONKATU,,Katu,PUISTOLEHMUS,Tilia,x vulgaris,10 - 20 cm,,Helsinki/MAKA,2026-02-27,POINT (24.93570752458724 60.16895669686054)
Puurekisteri_piste.33423,33423,K-47914,SIMONKATU,,Katu,PUISTOLEHMUS,Tilia,x vulgaris,10 - 20 cm,,Helsinki/MAKA,2026-02-27,POINT (24.935091746364346 60.16873238239594)
Puurekisteri_piste.33424,33424,K-47915,SIMONKATU,,Katu,PUISTOLEHMUS,Tilia,x vulgaris,10 - 20 cm,,Helsinki/MAKA,2026-02-27,POINT (24.934971041380084 60.16868733938175)
Puurekisteri_piste.33425,33425,K-47916,SIMONKATU,,Katu,PUISTOLEHMUS,Tilia,x vulgaris,10 - 20 cm,,Helsinki/MAKA,2026-02-27,POINT (24.934849257180254 60.16864507873342)
Puurekisteri_piste.33427,33427,K-47918,TÖÖLÖNLAHDENKATU,,Katu,PUISTOLEHMUS,Tilia,x vulgaris,10 - 20 cm,,Helsinki/MAKA,2026-02-27,POINT (24.9386933956288 60.17234082934005)
Puurekisteri_piste.33220,33220,K-46530,VILPPULANTIE,,Katu,RAUDUSKOIVU,Betula,pendula,30 - 50 cm,,Helsinki/MAKA,2026-02-27,POINT (25.018326422854997 60.2498050124208)
Puurekisteri_piste.33222,33222,K-46532,VILPPULANTIE,,Katu,PUISTOLEHMUS,Tilia,x vulgaris,10 - 20 cm,,Helsinki/MAKA,2026-02-27,POINT (25.02020047073762 60.25012421585345)
Puurekisteri_piste.33223,33223,K-46533,VILPPULANTIE,,Katu,PUISTOLEHMUS,Tilia,x vulgaris,20 - 30 cm,,Helsinki/MAKA,2026-02-27,POINT (25.020575814475748 60.250219699628325)
Puurekisteri_piste.33224,33224,K-46534,VILPPULANTIE,,Katu,PUISTOLEHMUS,Tilia,x vulgaris,10 - 20 cm,,Helsinki/MAKA,2026-02-27,POINT (25.020648273252963 60.250235531235944)
Puurekisteri_piste.19195,19195,P-33045-235,,SIBELIUKSEN PUISTO (A),Puisto,TERVALEPPÄ,Alnus,glutinosa,30 - 50 cm,,Helsinki/MAKA,2026-02-27,POINT (24.91312675746049 60.18314967576915)
Puurekisteri_piste.16090,16090,P-54037-64,,HERTTONIEMENKARTANO,Puisto,KUUSI,Picea,sp.,0 - 10 cm,,Helsinki/MAKA,2026-02-27,POINT (25.041285408329916 60.188854400545566)
Puurekisteri_piste.16091,16091,P-54037-65,,HERTTONIEMENKARTANO,Puisto,LEHMUS,Tilia,sp.,70 cm -,,Helsinki/MAKA,2026-02-27,POINT (25.04127969115492 60.188815098342275)
Puurekisteri_piste.16092,16092,P-43001-3,,LAIVASTOPUISTO,Puisto,TERVALEPPÄ,Alnus,glutinosa,20 - 30 cm,,Helsinki/MAKA,2026-02-27,POINT (24.967631255926708 60.16898648901945)
Puurekisteri_piste.34276,34276,K-45453,RÄLSSINTIE,,Katu,PUISTOLEHMUS,Tilia,x vulgaris,10 - 20 cm,,Helsinki/MAKA,2026-02-27,POINT (24.985290878082324 60.241014758081576)
Puurekisteri_piste.19236,19236,K-5162,SÖRNÄISTEN RANTATIE,,Katu,PUISTOLEHMUS,Tilia,x vulgaris,20 - 30 cm,,Helsinki/MAKA,2026-02-27,POINT (24.960479642581102 60.18123958392083)
Puurekisteri_piste.19237,19237,K-5169,SÖRNÄISTEN RANTATIE,,Katu,PUISTOLEHMUS,Tilia,x vulgaris,20 - 30 cm,,Helsinki/MAKA,2026-02-27,POINT (24.959887824489126 60.1808918773436)
Puurekisteri_piste.19239,19239,P-33054-203,,HESPERIAN ESPLANADI,Puisto,VAAHTERA,Acer,sp.,30 - 50 cm,,Helsinki/MAKA,2026-02-27,POINT (24.915824753865564 60.17612469712017)
Puurekisteri_piste.19241,19241,P-33054-205,,HESPERIAN ESPLANADI,Puisto,VAAHTERA,Acer,sp.,20 - 30 cm,,Helsinki/MAKA,2026-02-27,POINT (24.915323933360504 60.1761082335652)
Puurekisteri_piste.19242,19242,P-32028-10,,TEHTAANPUISTO,Puisto,RUOTSINPIHLAJA,Sorbus,intermedia,50 - 70 cm,1937,Helsinki/MAKA,2026-02-27,POINT (24.940445418400415 60.15823340568402)
Puurekisteri_piste.19243,19243,P-32028-11,,TEHTAANPUISTO,Puisto,RAUDUSKOIVU,Betula,pendula,30 - 50 cm,,Helsinki/MAKA,2026-02-27,POINT (24.940319835358082 60.15822353721035)
Puurekisteri_piste.19245,19245,P-43011-21,,KAPPELIESPLANADI,Puisto,METSÄVAAHTERA,Acer,platanoides,30 - 50 cm,,Helsinki/MAKA,2026-02-27,POINT (24.949978164421523 60.16768154419834)
Puurekisteri_piste.19248,19248,P-34056-38,,KIRJAILIJANPUISTO MIKAEL LYBECKINK.,Puisto,PUISTOLEHMUS,Tilia,x vulgaris,50 - 70 cm,,Helsinki/MAKA,2026-02-27,POINT (24.91352760601758 60.18659987908915)
Puurekisteri_piste.19249,19249,P-53004-470,,STANSVIKINKARTANO,Puisto,METSÄVAAHTERA,Acer,platanoides,30 - 50 cm,,Helsinki/MAKA,2026-02-27,POINT (25.029451355388453 60.16326032183187)
Puurekisteri_piste.19250,19250,P-33044-105,,TOPELIUKSEN PUISTO/POHJ.,Puisto,HIESKOIVU,Betula,pubescens,50 - 70 cm,,Helsinki/MAKA,2026-02-27,POINT (24.918241472439753 60.18242215790479)
Puurekisteri_piste.19252,19252,P-33044-107,,TOPELIUKSEN PUISTO/POHJ.,Puisto,METSÄKUUSI,Picea,abies,30 - 50 cm,,Helsinki/MAKA,2026-02-27,POINT (24.918094837867006 60.18240277858005)
Puurekisteri_piste.19253,19253,P-33044-108,,TOPELIUKSEN PUISTO/POHJ.,Puisto,METSÄKUUSI,Picea,abies,30 - 50 cm,,Helsinki/MAKA,2026-02-27,POINT (24.91810650423549 60.18236118840158)
Puurekisteri_piste.19254,19254,P-32028-8,,TEHTAANPUISTO,Puisto,RUOTSINPIHLAJA,Sorbus,intermedia,50 - 70 cm,1937,Helsinki/MAKA,2026-02-27,POINT (24.940592476061685 60.158233383558695)
Puurekisteri_piste.19255,19255,P-32034-41,,KÖYDENPUNOJANPUISTO,Puisto,HEVOSKASTANJA,Aesculus,hippocastanum,10 - 20 cm,,Helsinki/MAKA,2026-02-27,POINT (24.9244252513421 60.16325928543168)
Puurekisteri_piste.19256,19256,P-43042-7,,PORTHANINPUISTIKKO,Puisto,POPPELI/HAAPA,Populus,sp.,50 - 70 cm,,Helsinki/MAKA,2026-02-27,POINT (24.95198682273644 60.18267049861135)
Puurekisteri_piste.19257,19257,P-43042-8,,PORTHANINPUISTIKKO,Puisto,POPPELI/HAAPA,Populus,sp.,50 - 70 cm,,Helsinki/MAKA,2026-02-27,POINT (24.95205853063927 60.1827151517509)
Puurekisteri_piste.19258,19258,P-43042-9,,PORTHANINPUISTIKKO,Puisto,POPPELI/HAAPA,Populus,sp.,30 - 50 cm,,Helsinki/MAKA,2026-02-27,POINT (24.95213800384237 60.18276178924841)
Puurekisteri_piste.33894,33894,K-45216,MAAKAARI,,Katu,KOTIPIHLAJA,Sorbus,aucuparia,10 - 20 cm,,Helsinki/MAKA,2026-02-27,POINT (25.023834466608417 60.23047121900777)
Puurekisteri_piste.33895,33895,K-47045,MALMINKAARI,,Katu,PUISTOLEHMUS,Tilia,x vulgaris,10 - 20 cm,,Helsinki/MAKA,2026-02-27,POINT (25.026916107584054 60.25644672643109)
Puurekisteri_piste.33896,33896,K-47046,MALMINKAARI,,Katu,RAUDUSKOIVU,Betula,pendula,20 - 30 cm,,Helsinki/MAKA,2026-02-27,POINT (25.02755434651363 60.25627012029829)
Puurekisteri_piste.33897,33897,K-47047,MALMINKAARI,,Katu,RAUDUSKOIVU,Betula,pendula,20 - 30 cm,,Helsinki/MAKA,2026-02-27,POINT (25.027741661259324 60.25633279595081)
Puurekisteri_piste.33898,33898,K-47048,MALMINKAARI,,Katu,RAUDUSKOIVU,Betula,pendula,20 - 30 cm,,Helsinki/MAKA,2026-02-27,POINT (25.027825123012956 60.25633910102774)
Puurekisteri_piste.33899,33899,K-47049,MALMINKAARI,,Katu,RAUDUSKOIVU,Betula,pendula,20 - 30 cm,,Helsinki/MAKA,2026-02-27,POINT (25.027890126668026 60.25633438144158)
Puurekisteri_piste.33900,33900,K-47050,MALMINKAARI,,Katu,RAUDUSKOIVU,Betula,pendula,10 - 20 cm,,Helsinki/MAKA,2026-02-27,POINT (25.031335461925426 60.255920040509594)
Puurekisteri_piste.33901,33901,K-45714,PUKINMÄENKAARI,,Katu,PUISTOLEHMUS,Tilia,x vulgaris,10 - 20 cm,,Helsinki/MAKA,2026-02-27,POINT (24.998594087027094 60.248549951815114)
Puurekisteri_piste.33902,33902,K-45715,PUKINMÄENKAARI,,Katu,PUISTOLEHMUS,Tilia,x vulgaris,10 - 20 cm,,Helsinki/MAKA,2026-02-27,POINT (24.998682996861994 60.24850412592417)
Puurekisteri_piste.33903,33903,K-45716,PUKINMÄENKAARI,,Katu,PUISTOLEHMUS,Tilia,x vulgaris,10 - 20 cm,,Helsinki/MAKA,2026-02-27,POINT (24.998783994024198 60.24845398474532)
Puurekisteri_piste.33904,33904,K-45717,PUKINMÄENKAARI,,Katu,PUISTOLEHMUS,Tilia,x vulgaris,10 - 20 cm,,Helsinki/MAKA,2026-02-27,POINT (24.998879407281365 60.24840968068365)
Puurekisteri_piste.33906,33906,K-45719,PUKINMÄENKAARI,,Katu,PUISTOLEHMUS,Tilia,x vulgaris,10 - 20 cm,,Helsinki/MAKA,2026-02-27,POINT (24.999105010628863 60.24829125403724)
Puurekisteri_piste.33908,33908,K-45721,PUKINMÄENKAARI,,Katu,PUISTOLEHMUS,Tilia,x vulgaris,10 - 20 cm,,Helsinki/MAKA,2026-02-27,POINT (24.99928840766683 60.248192507767584)
Puurekisteri_piste.33909,33909,K-45722,PUKINMÄENKAARI,,Katu,PUISTOLEHMUS,Tilia,x vulgaris,10 - 20 cm,,Helsinki/MAKA,2026-02-27,POINT (24.99936775668524 60.24815126443765)
Puurekisteri_piste.33910,33910,K-45723,PUKINMÄENKAARI,,Katu,PUISTOLEHMUS,Tilia,x vulgaris,10 - 20 cm,,Helsinki/MAKA,2026-02-27,POINT (24.99967199007149 60.24799473520295)
Puurekisteri_piste.33912,33912,K-45725,PUKINMÄENKAARI,,Katu,PUISTOLEHMUS,Tilia,x vulgaris,10 - 20 cm,,Helsinki/MAKA,2026-02-27,POINT (24.999844019186472 60.247900482539315)
Puurekisteri_piste.33913,33913,K-45726,PUKINMÄENKAARI,,Katu,PUISTOLEHMUS,Tilia,x vulgaris,10 - 20 cm,,Helsinki/MAKA,2026-02-27,POINT (24.999929848371547 60.24785151631482)
Puurekisteri_piste.33915,33915,K-45185,NUPPUKUJA,,Katu,KARTIOHAAPA,Populus,tremula,0 - 10 cm,,Helsinki/MAKA,2026-02-27,POINT (25.03032927371119 60.22604479554153)
Puurekisteri_piste.33916,33916,K-45186,NUPPUKUJA,,Katu,KARTIOHAAPA,Populus,tremula,0 - 10 cm,,Helsinki/MAKA,2026-02-27,POINT (25.03033113412407 60.22600754664382)
Puurekisteri_piste.33917,33917,K-45187,NUPPUKUJA,,Katu,KARTIOHAAPA,Populus,tremula,0 - 10 cm,,Helsinki/MAKA,2026-02-27,POINT (25.03033531417091 60.22596248735776)
Puurekisteri_piste.33918,33918,K-45188,NUPPUKUJA,,Katu,KARTIOHAAPA,Populus,tremula,0 - 10 cm,,Helsinki/MAKA,2026-02-27,POINT (25.03033719375581 60.22593098261543)
Puurekisteri_piste.33919,33919,K-45189,NUPPUKUJA,,Katu,KARTIOHAAPA,Populus,tremula,0 - 10 cm,,Helsinki/MAKA,2026-02-27,POINT (25.02997802866749 60.22552559699178)
Puurekisteri_piste.33920,33920,K-45190,NUPPUKUJA,,Katu,KARTIOHAAPA,Populus,tremula,0 - 10 cm,,Helsinki/MAKA,2026-02-27,POINT (25.03000560152561 60.22556946332273)
Puurekisteri_piste.13402,13402,P-43011-9,,KAPPELIESPLANADI,Puisto,PUISTOLEHMUS,Tilia,x vulgaris,10 - 20 cm,,Helsinki/MAKA,2026-02-27,POINT (24.94969279177357 60.16727958580986)
Puurekisteri_piste.15555,15555,P-34019-305,,ALPPIPUISTO (ETELÄ),Puisto,VAAHTERA,Acer,sp.,30 - 50 cm,,Helsinki/MAKA,2026-02-27,POINT (24.937062543867327 60.18807378616664)
Puurekisteri_piste.34834,34834,K-48182,RIIMUSAUVANTIE,,Katu,VUORIJALAVA,Ulmus,glabra,30 - 50 cm,,Helsinki/MAKA,2026-02-27,POINT (24.99226374806248 60.27399348398556)
Puurekisteri_piste.34835,34835,K-48183,RIIMUSAUVANTIE,,Katu,VUORIJALAVA,Ulmus,glabra,30 - 50 cm,,Helsinki/MAKA,2026-02-27,POINT (24.99218306316669 60.27403499284492)
Puurekisteri_piste.34836,34836,K-48184,RIIMUSAUVANTIE,,Katu,VUORIJALAVA,Ulmus,glabra,20 - 30 cm,,Helsinki/MAKA,2026-02-27,POINT (24.99202844114445 60.27422956843219)
Puurekisteri_piste.34837,34837,K-48185,RIIMUSAUVANTIE,,Katu,RAUDUSKOIVU,Betula,pendula,30 - 50 cm,,Helsinki/MAKA,2026-02-27,POINT (24.991657600130974 60.27479960211895)
Puurekisteri_piste.34839,34839,K-48187,RIIMUSAUVANTIE,,Katu,RAUDUSKOIVU,Betula,pendula,30 - 50 cm,,Helsinki/MAKA,2026-02-27,POINT (24.99154205502881 60.27493375319317)
Puurekisteri_piste.34840,34840,K-48188,RIIMUSAUVANTIE,,Katu,RAUDUSKOIVU,Betula,pendula,30 - 50 cm,,Helsinki/MAKA,2026-02-27,POINT (24.99147264430379 60.27500918182221)
Puurekisteri_piste.34841,34841,K-48189,RIIMUSAUVANTIE,,Katu,RAUDUSKOIVU,Betula,pendula,20 - 30 cm,,Helsinki/MAKA,2026-02-27,POINT (24.99142147503212 60.275079933597716)
Puurekisteri_piste.34842,34842,K-48190,RIIMUSAUVANTIE,,Katu,RAUDUSKOIVU,Betula,pendula,30 - 50 cm,,Helsinki/MAKA,2026-02-27,POINT (24.99138439314384 60.27514699802231)
Puurekisteri_piste.34844,34844,K-48192,RIIMUSAUVANTIE,,Katu,RAUDUSKOIVU,Betula,pendula,30 - 50 cm,,Helsinki/MAKA,2026-02-27,POINT (24.991291610840328 60.27527898270464)
Puurekisteri_piste.34845,34845,K-48193,RIIMUSAUVANTIE,,Katu,RAUDUSKOIVU,Betula,pendula,30 - 50 cm,,Helsinki/MAKA,2026-02-27,POINT (24.991224526227555 60.27534426799507)
Puurekisteri_piste.34846,34846,K-48194,RIIMUSAUVANTIE,,Katu,RAUDUSKOIVU,Betula,pendula,30 - 50 cm,,Helsinki/MAKA,2026-02-27,POINT (24.991172079133765 60.27540954548254)
Puurekisteri_piste.34847,34847,K-48195,RIIMUSAUVANTIE,,Katu,RAUDUSKOIVU,Betula,pendula,30 - 50 cm,,Helsinki/MAKA,2026-02-27,POINT (24.991107326136685 60.275466841553815)
Puurekisteri_piste.34848,34848,K-48196,RIIMUSAUVANTIE,,Katu,RAUDUSKOIVU,Betula,pendula,20 - 30 cm,,Helsinki/MAKA,2026-02-27,POINT (24.991034625910437 60.27552620609568)
Puurekisteri_piste.34850,34850,K-48198,RIIMUSAUVANTIE,,Katu,RAUDUSKOIVU,Betula,pendula,20 - 30 cm,,Helsinki/MAKA,2026-02-27,POINT (24.99092161301151 60.27566376583671)
Puurekisteri_piste.34851,34851,K-48199,RIIMUSAUVANTIE,,Katu,RAUDUSKOIVU,Betula,pendula,30 - 50 cm,,Helsinki/MAKA,2026-02-27,POINT (24.990864072678775 60.275714057323064)
Puurekisteri_piste.34852,34852,K-48200,RIIMUSAUVANTIE,,Katu,RAUDUSKOIVU,Betula,pendula,30 - 50 cm,,Helsinki/MAKA,2026-02-27,POINT (24.99083136028752 60.27579709511958)
Puurekisteri_piste.14996,14996,P-42003-114,,MYLLYRINNE,Puisto,METSÄVAAHTERA,Acer,platanoides,0 - 10 cm,,Helsinki/MAKA,2026-02-27,POINT (24.960159840485634 60.15978377999444)
Puurekisteri_piste.14997,14997,P-44017-259,,KATRI VALAN PUISTO,Puisto,METSÄMÄNTY,Pinus,sylvestris,10 - 20 cm,,Helsinki/MAKA,2026-02-27,POINT (24.965518064901218 60.18654576374695)
Puurekisteri_piste.14998,14998,P-44017-260,,KATRI VALAN PUISTO,Puisto,METSÄMÄNTY,Pinus,sylvestris,10 - 20 cm,,Helsinki/MAKA,2026-02-27,POINT (24.965536241038976 60.186534222514425)
Puurekisteri_piste.19260,19260,P-43042-11,,PORTHANINPUISTIKKO,Puisto,POPPELI/HAAPA,Populus,sp.,30 - 50 cm,,Helsinki/MAKA,2026-02-27,POINT (24.952277444247454 60.18285556328491)
Puurekisteri_piste.16152,16152,P-33044-233,,TOPELIUKSEN PUISTO/POHJ.,Puisto,ORAPIHLAJA,Crataegus,sp.,30 - 50 cm,,Helsinki/MAKA,2026-02-27,POINT (24.91937247907032 60.18090820370177)
Puurekisteri_piste.15504,15504,P-53004-10,,STANSVIKINKARTANO,Puisto,METSÄTAMMI,Quercus,robur,70 cm -,,Helsinki/MAKA,2026-02-27,POINT (25.02737542614278 60.165805725265585)
Puurekisteri_piste.15505,15505,P-53004-11,,STANSVIKINKARTANO,Puisto,METSÄTAMMI,Quercus,robur,70 cm -,,Helsinki/MAKA,2026-02-27,POINT (25.027287961661585 60.16589780019897)
Puurekisteri_piste.15506,15506,P-53004-12,,STANSVIKINKARTANO,Puisto,METSÄKUUSI,Picea,abies,10 - 20 cm,,Helsinki/MAKA,2026-02-27,POINT (25.027181078856604 60.16600769956808)
Puurekisteri_piste.15507,15507,K-953,RATAPIHANTIE,,Katu,VUORIJALAVA,Ulmus,glabra,10 - 20 cm,,Helsinki/MAKA,2026-02-27,POINT (24.935059134689904 60.19864063358609)
Puurekisteri_piste.15508,15508,P-34019-213,,ALPPIPUISTO (ETELÄ),Puisto,RAUDUSKOIVU,Betula,pendula,30 - 50 cm,,Helsinki/MAKA,2026-02-27,POINT (24.939430173648258 60.18619595741446)
Puurekisteri_piste.15509,15509,P-34019-214,,ALPPIPUISTO (ETELÄ),Puisto,METSÄVAAHTERA,Acer,platanoides,20 - 30 cm,,Helsinki/MAKA,2026-02-27,POINT (24.939388808850353 60.186158062353584)
Puurekisteri_piste.15510,15510,P-34019-215,,ALPPIPUISTO (ETELÄ),Puisto,METSÄHAAPA,Populus,tremula,10 - 20 cm,,Helsinki/MAKA,2026-02-27,POINT (24.939319383361656 60.186214923563476)
Puurekisteri_piste.15511,15511,P-34019-216,,ALPPIPUISTO (ETELÄ),Puisto,METSÄHAAPA,Populus,tremula,10 - 20 cm,,Helsinki/MAKA,2026-02-27,POINT (24.939335925322315 60.18622316055922)
Puurekisteri_piste.15512,15512,P-53004-209,,STANSVIKINKARTANO,Puisto,METSÄMÄNTY,Pinus,sylvestris,30 - 50 cm,,Helsinki/MAKA,2026-02-27,POINT (25.02933197395697 60.162627366728394)
Puurekisteri_piste.15513,15513,P-53003-673,,TULLISAAREN KARTANO,Puisto,METSÄVAAHTERA,Acer,platanoides,50 - 70 cm,,Helsinki/MAKA,2026-02-27,POINT (25.03181411498971 60.18025173540523)
Puurekisteri_piste.15515,15515,P-53003-1677,,TULLISAAREN KARTANO,Puisto,METSÄKUUSI,Picea,abies,30 - 50 cm,,Helsinki/MAKA,2026-02-27,POINT (25.03491139569236 60.18110763620882)
Puurekisteri_piste.15516,15516,P-53003-1678,,TULLISAAREN KARTANO,Puisto,METSÄKUUSI,Picea,abies,30 - 50 cm,,Helsinki/MAKA,2026-02-27,POINT (25.034997314897275 60.181103047507875)
Puurekisteri_piste.15517,15517,P-53004-469,,STANSVIKINKARTANO,Puisto,METSÄVAAHTERA,Acer,platanoides,30 - 50 cm,,Helsinki/MAKA,2026-02-27,POINT (25.02936973585539 60.163292145440096)
Puurekisteri_piste.15518,15518,P-33054-81,,HESPERIAN ESPLANADI,Puisto,VUORIJALAVA,Ulmus,glabra,30 - 50 cm,,Helsinki/MAKA,2026-02-27,POINT (24.920937891793546 60.17699359703357)
Puurekisteri_piste.15521,15521,P-34065-308,,VALPURINPUISTO,Puisto,METSÄMÄNTY,Pinus,sylvestris,30 - 50 cm,,Helsinki/MAKA,2026-02-27,POINT (24.902304493601225 60.192906162998234)
Puurekisteri_piste.15400,15400,P-32031-160,,SINEBRYCHOFFIN PUISTO,Puisto,METSÄTAMMI,Quercus,robur,30 - 50 cm,,Helsinki/MAKA,2026-02-27,POINT (24.935327156138793 60.161797748235394)
Puurekisteri_piste.15402,15402,P-35044-8,,PUISTOKAISTA,Puisto,PUISTOLEHMUS,Tilia,x vulgaris,30 - 50 cm,,Helsinki/MAKA,2026-02-27,POINT (24.880534248127603 60.1972471296774)
Puurekisteri_piste.15403,15403,P-24032-129,,MUNKKINIEMEN PUISTOTIE PUISTOKAISTAT,Puisto,LEHMUS,Tilia,sp.,50 - 70 cm,,Helsinki/MAKA,2026-02-27,POINT (24.880455578378637 60.19725995849529)
Puurekisteri_piste.34433,34433,K-48057,SUUTARILANTIE,,Katu,RAUDUSKOIVU,Betula,pendula,20 - 30 cm,,Helsinki/MAKA,2026-02-27,POINT (24.99279665807205 60.27227327907168)
Puurekisteri_piste.12992,12992,P-43001-71,,LAIVASTOPUISTO,Puisto,METSÄTAMMI,Quercus,robur,0 - 10 cm,,Helsinki/MAKA,2026-02-27,POINT (24.973453831625516 60.16884141284332)
Puurekisteri_piste.12993,12993,P-43001-72,,LAIVASTOPUISTO,Puisto,METSÄTAMMI,Quercus,robur,0 - 10 cm,,Helsinki/MAKA,2026-02-27,POINT (24.973608599445264 60.16887051637532)
Puurekisteri_piste.12994,12994,P-43001-73,,LAIVASTOPUISTO,Puisto,KOTIPIHLAJA,Sorbus,aucuparia,10 - 20 cm,,Helsinki/MAKA,2026-02-27,POINT (24.97354510167485 60.16900211029237)
Puurekisteri_piste.12995,12995,P-43001-74,,LAIVASTOPUISTO,Puisto,KOTIPIHLAJA,Sorbus,aucuparia,0 - 10 cm,,Helsinki/MAKA,2026-02-27,POINT (24.97355947170108 60.16904423297922)
Puurekisteri_piste.12998,12998,P-43001-77,,LAIVASTOPUISTO,Puisto,RAUDUSKOIVU,Betula,pendula,20 - 30 cm,,Helsinki/MAKA,2026-02-27,POINT (24.973762293969454 60.16903896672303)
Puurekisteri_piste.13000,13000,P-43001-80,,LAIVASTOPUISTO,Puisto,PURPPURATUOMI,Prunus,padus,0 - 10 cm,,Helsinki/MAKA,2026-02-27,POINT (24.974061950230602 60.16902057060543)
Puurekisteri_piste.13001,13001,K-443,PIETARI KALMIN KATU,,Katu,RUOTSINPIHLAJA,Sorbus,intermedia,0 - 10 cm,,Helsinki/MAKA,2026-02-27,POINT (24.964880003299868 60.20505199287132)
Puurekisteri_piste.13002,13002,K-4448,KOTKANKATU,,Katu,RAUDUSKOIVU,Betula,pendula,10 - 20 cm,,Helsinki/MAKA,2026-02-27,POINT (24.94294949627544 60.1921517474331)
Puurekisteri_piste.13003,13003,K-4462,KOTKANKATU,,Katu,RAUDUSKOIVU,Betula,pendula,10 - 20 cm,,Helsinki/MAKA,2026-02-27,POINT (24.941872258914582 60.19126956278611)
Puurekisteri_piste.12542,12542,P-53003-1375,,TULLISAAREN KARTANO,Puisto,VUORIJALAVA,Ulmus,glabra,70 cm -,,Helsinki/MAKA,2026-02-27,POINT (25.035865377140027 60.18034405091217)
Puurekisteri_piste.13484,13484,K-4865,VILHONVUORENKATU,,Katu,VUORIJALAVA,Ulmus,glabra,20 - 30 cm,,Helsinki/MAKA,2026-02-27,POINT (24.965957101270973 60.186891642095894)
Puurekisteri_piste.32678,32678,K-44729,VARUSTUKSENTIE,,Katu,MUSTAMARJAORAPIHLAJA,Crataegus,douglasii,10 - 20 cm,,Helsinki/MAKA,2026-02-27,POINT (25.066469152748812 60.239097195681666)
Puurekisteri_piste.32680,32680,K-44731,VARUSTUKSENTIE,,Katu,MUSTAMARJAORAPIHLAJA,Crataegus,douglasii,10 - 20 cm,,Helsinki/MAKA,2026-02-27,POINT (25.06588929400836 60.23904550567116)
Puurekisteri_piste.32681,32681,K-44732,VARUSTUKSENTIE,,Katu,MUSTAMARJAORAPIHLAJA,Crataegus,douglasii,10 - 20 cm,,Helsinki/MAKA,2026-02-27,POINT (25.065814008298148 60.23904289544418)
Puurekisteri_piste.32682,32682,K-44733,VARUSTUKSENTIE,,Katu,MUSTAMARJAORAPIHLAJA,Crataegus,douglasii,10 - 20 cm,,Helsinki/MAKA,2026-02-27,POINT (25.06562259707445 60.23902775694312)
Puurekisteri_piste.32683,32683,K-44975,VIIKINTIE,,Katu,RAUDUSKOIVU,Betula,pendula,20 - 30 cm,,Helsinki/MAKA,2026-02-27,POINT (25.01004498749195 60.22521543969495)
Puurekisteri_piste.32684,32684,K-44976,VIIKINTIE,,Katu,RAUDUSKOIVU,Betula,pendula,10 - 20 cm,,Helsinki/MAKA,2026-02-27,POINT (25.010153501889018 60.225175516372516)
Puurekisteri_piste.32686,32686,K-44978,VIIKINTIE,,Katu,RAUDUSKOIVU,Betula,pendula,30 - 50 cm,,Helsinki/MAKA,2026-02-27,POINT (25.01039106970264 60.22508470574032)
Puurekisteri_piste.32687,32687,K-44979,VIIKINTIE,,Katu,RAUDUSKOIVU,Betula,pendula,20 - 30 cm,,Helsinki/MAKA,2026-02-27,POINT (25.010521219103104 60.22503875405648)
Puurekisteri_piste.32688,32688,K-44980,VIIKINTIE,,Katu,RAUDUSKOIVU,Betula,pendula,20 - 30 cm,,Helsinki/MAKA,2026-02-27,POINT (25.010632075048807 60.224997751721155)
Puurekisteri_piste.32689,32689,K-44981,VIIKINTIE,,Katu,RAUDUSKOIVU,Betula,pendula,10 - 20 cm,,Helsinki/MAKA,2026-02-27,POINT (25.010738590902555 60.224953341635896)
Puurekisteri_piste.32690,32690,K-44982,VIIKINTIE,,Katu,RAUDUSKOIVU,Betula,pendula,20 - 30 cm,,Helsinki/MAKA,2026-02-27,POINT (25.01087253411218 60.22490945133538)
Puurekisteri_piste.32691,32691,K-44983,VIIKINTIE,,Katu,RAUDUSKOIVU,Betula,pendula,20 - 30 cm,,Helsinki/MAKA,2026-02-27,POINT (25.010999625385548 60.224867360615036)
Puurekisteri_piste.32692,32692,K-46636,VANHA PORVOONTIE,,Katu,METSÄVAAHTERA,Acer,platanoides,0 - 10 cm,,Helsinki/MAKA,2026-02-27,POINT (25.073411863661253 60.27115584323824)
Puurekisteri_piste.32693,32693,K-46637,VANHA PORVOONTIE,,Katu,METSÄVAAHTERA,Acer,platanoides,10 - 20 cm,,Helsinki/MAKA,2026-02-27,POINT (25.073501941725436 60.271214796544164)
Puurekisteri_piste.32695,32695,K-46639,VANHA PORVOONTIE,,Katu,METSÄVAAHTERA,Acer,platanoides,0 - 10 cm,,Helsinki/MAKA,2026-02-27,POINT (25.073657363917455 60.27133694980148)
Puurekisteri_piste.32696,32696,K-46640,VANHA PORVOONTIE,,Katu,METSÄVAAHTERA,Acer,platanoides,0 - 10 cm,,Helsinki/MAKA,2026-02-27,POINT (25.073768428634594 60.27140135363835)
Puurekisteri_piste.32698,32698,K-46642,VANHA PORVOONTIE,,Katu,METSÄVAAHTERA,Acer,platanoides,10 - 20 cm,,Helsinki/MAKA,2026-02-27,POINT (25.073977307565066 60.27151707249276)
Puurekisteri_piste.32699,32699,K-46643,VANHA PORVOONTIE,,Katu,METSÄVAAHTERA,Acer,platanoides,0 - 10 cm,,Helsinki/MAKA,2026-02-27,POINT (25.074194315347803 60.27163197386206)
Puurekisteri_piste.32700,32700,K-46644,VANHA PORVOONTIE,,Katu,METSÄVAAHTERA,Acer,platanoides,10 - 20 cm,,Helsinki/MAKA,2026-02-27,POINT (25.074403185054734 60.27174508925585)
Puurekisteri_piste.32701,32701,K-46645,VANHA PORVOONTIE,,Katu,METSÄVAAHTERA,Acer,platanoides,10 - 20 cm,,Helsinki/MAKA,2026-02-27,POINT (25.074477116612197 60.271789520731126)
Puurekisteri_piste.14246,14246,P-32008-153,,URSININKALLIO,Puisto,LEHMUS,Tilia,sp.,50 - 70 cm,,Helsinki/MAKA,2026-02-27,POINT (24.947278213386934 60.15479107917379)
Puurekisteri_piste.34123,34123,K-45224,MENDELINKUJA,,Katu,RAUDUSKOIVU,Betula,pendula,0 - 10 cm,,Helsinki/MAKA,2026-02-27,POINT (25.013309341952564 60.22600508767708)
Puurekisteri_piste.34124,34124,K-45225,MENDELINKUJA,,Katu,RAUDUSKOIVU,Betula,pendula,0 - 10 cm,,Helsinki/MAKA,2026-02-27,POINT (25.013437031209293 60.22598265003807)
Puurekisteri_piste.34125,34125,K-45226,MENDELINKUJA,,Katu,RAUDUSKOIVU,Betula,pendula,0 - 10 cm,,Helsinki/MAKA,2026-02-27,POINT (25.013556971987388 60.22596398732437)
Puurekisteri_piste.14028,14028,P-33253-136,,TOIVO KUULAN PUISTO,Puisto,TERVALEPPÄ,Alnus,glutinosa,30 - 50 cm,,Helsinki/MAKA,2026-02-27,POINT (24.91312222127978 60.17774201264914)
Puurekisteri_piste.14031,14031,P-53003-1062,,TULLISAAREN KARTANO,Puisto,METSÄTAMMI,Quercus,robur,10 - 20 cm,,Helsinki/MAKA,2026-02-27,POINT (25.032133532508823 60.18103634159088)
Puurekisteri_piste.14032,14032,K-822,RATAMESTARINKATU,,Katu,PUISTOLEHMUS,Tilia,x vulgaris,20 - 30 cm,,Helsinki/MAKA,2026-02-27,POINT (24.93983703651998 60.199265515122384)
Puurekisteri_piste.14033,14033,K-823,RATAMESTARINKATU,,Katu,PUISTOLEHMUS,Tilia,x vulgaris,20 - 30 cm,,Helsinki/MAKA,2026-02-27,POINT (24.939943759466416 60.199246023233336)
Puurekisteri_piste.14034,14034,K-824,RATAMESTARINKATU,,Katu,PUISTOLEHMUS,Tilia,x vulgaris,20 - 30 cm,,Helsinki/MAKA,2026-02-27,POINT (24.939875591368853 60.19921740197301)
Puurekisteri_piste.13311,13311,P-53003-1609,,TULLISAAREN KARTANO,Puisto,METSÄKUUSI,Picea,abies,20 - 30 cm,,Helsinki/MAKA,2026-02-27,POINT (25.03559785173034 60.18128338983058)
Puurekisteri_piste.13316,13316,P-54037-788,,HERTTONIEMENKARTANO,Puisto,TERVALEPPÄ,Alnus,glutinosa,30 - 50 cm,,Helsinki/MAKA,2026-02-27,POINT (25.048086298792388 60.1896462651122)
Puurekisteri_piste.13317,13317,P-54037-789,,HERTTONIEMENKARTANO,Puisto,TERVALEPPÄ,Alnus,glutinosa,30 - 50 cm,,Helsinki/MAKA,2026-02-27,POINT (25.048084473670507 60.18964087449469)
Puurekisteri_piste.13318,13318,P-54037-494,,HERTTONIEMENKARTANO,Puisto,KUUSI,Picea,sp.,0 - 10 cm,,Helsinki/MAKA,2026-02-27,POINT (25.044485272900296 60.18995601546645)
Puurekisteri_piste.13319,13319,P-54037-785,,HERTTONIEMENKARTANO,Puisto,KOIVU,Betula,sp.,10 - 20 cm,,Helsinki/MAKA,2026-02-27,POINT (25.04073903839051 60.19026029501814)
Puurekisteri_piste.13320,13320,P-54037-866,,HERTTONIEMENKARTANO,Puisto,RAUDUSKOIVU,Betula,pendula,0 - 10 cm,,Helsinki/MAKA,2026-02-27,POINT (25.046033938278853 60.18863882006428)
Puurekisteri_piste.13321,13321,P-54037-867,,HERTTONIEMENKARTANO,Puisto,RAUDUSKOIVU,Betula,pendula,0 - 10 cm,,Helsinki/MAKA,2026-02-27,POINT (25.04603019724075 60.188601191875435)
Puurekisteri_piste.13324,13324,P-53004-433,,STANSVIKINKARTANO,Puisto,METSÄVAAHTERA,Acer,platanoides,10 - 20 cm,,Helsinki/MAKA,2026-02-27,POINT (25.03037976766901 60.163772710921705)
Puurekisteri_piste.34269,34269,K-45446,RÄLSSINTIE,,Katu,PUISTOLEHMUS,Tilia,x vulgaris,0 - 10 cm,,Helsinki/MAKA,2026-02-27,POINT (24.983890457615537 60.24068433612384)
Puurekisteri_piste.34270,34270,K-45447,RÄLSSINTIE,,Katu,PUISTOLEHMUS,Tilia,x vulgaris,0 - 10 cm,,Helsinki/MAKA,2026-02-27,POINT (24.984009656435155 60.240712371777924)
Puurekisteri_piste.34271,34271,K-45448,RÄLSSINTIE,,Katu,PUISTOLEHMUS,Tilia,x vulgaris,0 - 10 cm,,Helsinki/MAKA,2026-02-27,POINT (24.98414420646082 60.24074381057158)
Puurekisteri_piste.34273,34273,K-45450,RÄLSSINTIE,,Katu,PUISTOLEHMUS,Tilia,x vulgaris,0 - 10 cm,,Helsinki/MAKA,2026-02-27,POINT (24.984393612702654 60.240797632214516)
Puurekisteri_piste.34275,34275,K-45452,RÄLSSINTIE,,Katu,PUISTOLEHMUS,Tilia,x vulgaris,0 - 10 cm,,Helsinki/MAKA,2026-02-27,POINT (24.985155778635892 60.24098044863982)
Puurekisteri_piste.33441,33441,K-47489,TAPULIKAUPUNGINTIE,,Katu,PUISTOLEHMUS,Tilia,x vulgaris,10 - 20 cm,,Helsinki/MAKA,2026-02-27,POINT (25.013702213888223 60.27949411063809)
Puurekisteri_piste.33443,33443,K-47491,TAPULIKAUPUNGINTIE,,Katu,PUISTOLEHMUS,Tilia,x vulgaris,10 - 20 cm,,Helsinki/MAKA,2026-02-27,POINT (25.013451435455785 60.279523545111196)
Puurekisteri_piste.33444,33444,K-34107,KOSKELANTIE,,Katu,PUISTOLEHMUS,Tilia,x vulgaris,50 - 70 cm,,Helsinki/MAKA,2026-02-27,POINT (24.952233869289547 60.211025965098536)
Puurekisteri_piste.33445,33445,K-34113,KOSKELANTIE,,Katu,PUISTOLEHMUS,Tilia,x vulgaris,50 - 70 cm,,Helsinki/MAKA,2026-02-27,POINT (24.950669304123732 60.21029259991945)
Puurekisteri_piste.33447,33447,K-44898,PASTEURINKATU,,Katu,PUISTOLEHMUS,Tilia,x vulgaris,10 - 20 cm,,Helsinki/MAKA,2026-02-27,POINT (25.012221800137326 60.2248334937779)
Puurekisteri_piste.33448,33448,K-44899,PASTEURINKATU,,Katu,PUISTOLEHMUS,Tilia,x vulgaris,10 - 20 cm,,Helsinki/MAKA,2026-02-27,POINT (25.012295055589757 60.22496232799546)
Puurekisteri_piste.33449,33449,K-45994,VANHA TAPANILANTIE,,Katu,METSÄVAAHTERA,Acer,platanoides,0 - 10 cm,,Helsinki/MAKA,2026-02-27,POINT (25.00599260480338 60.26160740188588)
Puurekisteri_piste.33450,33450,K-45995,VANHA TAPANILANTIE,,Katu,METSÄVAAHTERA,Acer,platanoides,0 - 10 cm,,Helsinki/MAKA,2026-02-27,POINT (25.006061613830322 60.261609511578726)
Puurekisteri_piste.33451,33451,K-45996,VANHA TAPANILANTIE,,Katu,LEHTOSAARNI,Fraxinus,excelsior,70 cm -,,Helsinki/MAKA,2026-02-27,POINT (25.00826681714648 60.261804991433486)
Puurekisteri_piste.33452,33452,K-45997,VANHA TAPANILANTIE,,Katu,METSÄVAAHTERA,Acer,platanoides,10 - 20 cm,,Helsinki/MAKA,2026-02-27,POINT (24.939210086938743 60.197556978405466)
Puurekisteri_piste.33453,33453,K-45998,VANHA TAPANILANTIE,,Katu,SUOMENPIHLAJA,Sorbus,hybrida,10 - 20 cm,,Helsinki/MAKA,2026-02-27,POINT (25.010677875495663 60.262424374133914)
Puurekisteri_piste.33454,33454,K-45999,VANHA TAPANILANTIE,,Katu,SUOMENPIHLAJA,Sorbus,hybrida,10 - 20 cm,,Helsinki/MAKA,2026-02-27,POINT (25.010608799207404 60.26239848257259)
Puurekisteri_piste.33455,33455,K-46000,VANHA TAPANILANTIE,,Katu,SUOMENPIHLAJA,Sorbus,hybrida,20 - 30 cm,,Helsinki/MAKA,2026-02-27,POINT (25.01065140621329 60.26238956824775)
Puurekisteri_piste.33456,33456,K-46001,VANHA TAPANILANTIE,,Katu,MAKEDONIANMÄNTY,Pinus,peuce,0 - 10 cm,,Helsinki/MAKA,2026-02-27,POINT (25.00637061848517 60.261791509342984)
Puurekisteri_piste.33457,33457,K-46002,VANHA TAPANILANTIE,,Katu,MAKEDONIANMÄNTY,Pinus,peuce,0 - 10 cm,,Helsinki/MAKA,2026-02-27,POINT (25.006306502929327 60.26179576905306)
Puurekisteri_piste.33458,33458,K-46003,VANHA TAPANILANTIE,,Katu,MAKEDONIANMÄNTY,Pinus,peuce,0 - 10 cm,,Helsinki/MAKA,2026-02-27,POINT (25.005919724006144 60.261783542366395)
Puurekisteri_piste.12553,12553,P-42001-448,,TÄHTITORNIN VUORI,Puisto,HEVOSKASTANJA,Aesculus,hippocastanum,30 - 50 cm,,Helsinki/MAKA,2026-02-27,POINT (24.954380031256047 60.16247076042823)
Puurekisteri_piste.12555,12555,P-54037-787,,HERTTONIEMENKARTANO,Puisto,TERVALEPPÄ,Alnus,glutinosa,30 - 50 cm,,Helsinki/MAKA,2026-02-27,POINT (25.048039119536618 60.18965394935078)
Puurekisteri_piste.12556,12556,P-53003-1672,,TULLISAAREN KARTANO,Puisto,TERVALEPPÄ,Alnus,glutinosa,30 - 50 cm,,Helsinki/MAKA,2026-02-27,POINT (25.03460666487178 60.181127734057924)
Puurekisteri_piste.33280,33280,K-47159,PEKANRAITTI,,Katu,MAKEDONIANMÄNTY,Pinus,peuce,10 - 20 cm,,Helsinki/MAKA,2026-02-27,POINT (25.012473998004733 60.24984499984155)
Puurekisteri_piste.33281,33281,K-46590,HEIKINLAAKSONTIE,,Katu,METSÄTAMMI,Quercus,robur,20 - 30 cm,,Helsinki/MAKA,2026-02-27,POINT (25.070623912878357 60.26991451650676)
Puurekisteri_piste.33282,33282,K-46591,HEIKINLAAKSONTIE,,Katu,METSÄTAMMI,Quercus,robur,20 - 30 cm,,Helsinki/MAKA,2026-02-27,POINT (25.070483356141334 60.2699178164415)
Puurekisteri_piste.33283,33283,K-46592,HEIKINLAAKSONTIE,,Katu,METSÄTAMMI,Quercus,robur,20 - 30 cm,,Helsinki/MAKA,2026-02-27,POINT (25.07035754238414 60.269905123723056)
Puurekisteri_piste.33285,33285,K-46594,HEIKINLAAKSONTIE,,Katu,METSÄTAMMI,Quercus,robur,20 - 30 cm,,Helsinki/MAKA,2026-02-27,POINT (25.07009850801278 60.26987992576877)
Puurekisteri_piste.33286,33286,K-46595,HEIKINLAAKSONTIE,,Katu,METSÄTAMMI,Quercus,robur,20 - 30 cm,,Helsinki/MAKA,2026-02-27,POINT (25.069984271314436 60.26987009174652)
Puurekisteri_piste.33287,33287,K-46596,HEIKINLAAKSONTIE,,Katu,METSÄTAMMI,Quercus,robur,20 - 30 cm,,Helsinki/MAKA,2026-02-27,POINT (25.06985615483256 60.269867453383185)
Puurekisteri_piste.33288,33288,K-46597,HEIKINLAAKSONTIE,,Katu,METSÄTAMMI,Quercus,robur,20 - 30 cm,,Helsinki/MAKA,2026-02-27,POINT (25.069735065373496 60.26986049891401)
Puurekisteri_piste.33289,33289,K-46598,HEIKINLAAKSONTIE,,Katu,METSÄTAMMI,Quercus,robur,20 - 30 cm,,Helsinki/MAKA,2026-02-27,POINT (25.069600005931235 60.26984090493813)
Puurekisteri_piste.33290,33290,K-46599,HEIKINLAAKSONTIE,,Katu,METSÄTAMMI,Quercus,robur,10 - 20 cm,,Helsinki/MAKA,2026-02-27,POINT (25.069459637028153 60.269845729358565)
Puurekisteri_piste.33293,33293,K-46602,HEIKINLAAKSONTIE,,Katu,METSÄTAMMI,Quercus,robur,30 - 50 cm,,Helsinki/MAKA,2026-02-27,POINT (25.067674981091947 60.26967386656226)
Puurekisteri_piste.33294,33294,K-46603,HEIKINLAAKSONTIE,,Katu,METSÄTAMMI,Quercus,robur,30 - 50 cm,,Helsinki/MAKA,2026-02-27,POINT (25.067580175632266 60.2697259379551)
Puurekisteri_piste.33295,33295,K-46604,HEIKINLAAKSONTIE,,Katu,METSÄMÄNTY,Pinus,sylvestris,30 - 50 cm,,Helsinki/MAKA,2026-02-27,POINT (25.066693330321357 60.26964117184338)
Puurekisteri_piste.33296,33296,K-46605,HEIKINLAAKSONTIE,,Katu,METSÄTAMMI,Quercus,robur,20 - 30 cm,,Helsinki/MAKA,2026-02-27,POINT (25.066130691877074 60.26963356270449)
Puurekisteri_piste.33234,33234,K-46544,YLÄ-MALMIN TORI,,Katu,PUISTOLEHMUS,Tilia,x vulgaris,10 - 20 cm,,Helsinki/MAKA,2026-02-27,POINT (25.009840037569862 60.2521894195211)
Puurekisteri_piste.33298,33298,K-38020,PAKKAMESTARINKATU,,Katu,VUORIJALAVA,Ulmus,glabra,30 - 50 cm,,Helsinki/MAKA,2026-02-27,POINT (24.9441294825796 60.198497615726275)
Puurekisteri_piste.33299,33299,K-38022,PAKKAMESTARINKATU,,Katu,VUORIJALAVA,Ulmus,glabra,30 - 50 cm,,Helsinki/MAKA,2026-02-27,POINT (24.9441149109543 60.19854222550057)
Puurekisteri_piste.33301,33301,K-38026,PAKKAMESTARINKATU,,Katu,VUORIJALAVA,Ulmus,glabra,20 - 30 cm,,Helsinki/MAKA,2026-02-27,POINT (24.94409260452421 60.198611698209916)
Puurekisteri_piste.33302,33302,K-38028,PAKKAMESTARINKATU,,Katu,VUORIJALAVA,Ulmus,glabra,20 - 30 cm,,Helsinki/MAKA,2026-02-27,POINT (24.94408218013285 60.19865720477293)
Puurekisteri_piste.34341,34341,K-44770,TILANHOITAJAKAARI,,Katu,METSÄVAAHTERA,Acer,platanoides,10 - 20 cm,,Helsinki/MAKA,2026-02-27,POINT (25.027743721330896 60.228036005560845)
Puurekisteri_piste.34342,34342,K-44771,TILANHOITAJAKAARI,,Katu,METSÄVAAHTERA,Acer,platanoides,10 - 20 cm,,Helsinki/MAKA,2026-02-27,POINT (25.02770614815941 60.22796872140457)
Puurekisteri_piste.16155,16155,P-34010-70,,JOSAFATINKALLIOT,Puisto,KOTIPIHLAJA,Sorbus,aucuparia,10 - 20 cm,,Helsinki/MAKA,2026-02-27,POINT (24.944831301518303 60.18671015192326)
Puurekisteri_piste.16156,16156,P-43011-105,,KAPPELIESPLANADI,Puisto,PUISTOLEHMUS,Tilia,x vulgaris,70 cm -,,Helsinki/MAKA,2026-02-27,POINT (24.94556115612477 60.16751532386009)
Puurekisteri_piste.18265,18265,K-26584,KAIVOLAHDENKATU,,Katu,VUORIJALAVA,Ulmus,glabra,10 - 20 cm,1997,Helsinki/MAKA,2026-02-27,POINT (25.039947835879286 60.18828317957831)
Puurekisteri_piste.18266,18266,K-26586,KAIVOLAHDENKATU,,Katu,VUORIJALAVA,Ulmus,glabra,10 - 20 cm,1997,Helsinki/MAKA,2026-02-27,POINT (25.03948070617724 60.18824401800752)
Puurekisteri_piste.18267,18267,K-26588,KAIVOLAHDENKATU,,Katu,VUORIJALAVA,Ulmus,glabra,10 - 20 cm,1997,Helsinki/MAKA,2026-02-27,POINT (25.03928309045084 60.18822220547862)
Puurekisteri_piste.18268,18268,K-26590,KAIVOLAHDENKATU,,Katu,VUORIJALAVA,Ulmus,glabra,10 - 20 cm,1997,Helsinki/MAKA,2026-02-27,POINT (25.038778822669293 60.18817984355068)
Puurekisteri_piste.18269,18269,K-26778,LAIVALAHDENKAARI,,Katu,VUORIJALAVA,Ulmus,glabra,10 - 20 cm,1998,Helsinki/MAKA,2026-02-27,POINT (25.03254645166282 60.18652230406269)
Puurekisteri_piste.18270,18270,K-26780,LAIVALAHDENKAARI,,Katu,VUORIJALAVA,Ulmus,glabra,10 - 20 cm,1998,Helsinki/MAKA,2026-02-27,POINT (25.03229908999158 60.186548002563256)
Puurekisteri_piste.18271,18271,K-26782,LAIVALAHDENKAARI,,Katu,VUORIJALAVA,Ulmus,glabra,10 - 20 cm,1998,Helsinki/MAKA,2026-02-27,POINT (25.032217718911614 60.186574727785896)
Puurekisteri_piste.18272,18272,K-26784,LAIVALAHDENKAARI,,Katu,VUORIJALAVA,Ulmus,glabra,10 - 20 cm,1998,Helsinki/MAKA,2026-02-27,POINT (25.0320027223486 60.186631542850236)
Puurekisteri_piste.19261,19261,P-44008-11,,FRANZENIN PUISTIKKO (LÄNTINEN),Puisto,PUISTOLEHMUS,Tilia,x vulgaris,30 - 50 cm,,Helsinki/MAKA,2026-02-27,POINT (24.95467084738272 60.186293412430636)
Puurekisteri_piste.19262,19262,P-44008-12,,FRANZENIN PUISTIKKO (LÄNTINEN),Puisto,PUISTOLEHMUS,Tilia,x vulgaris,30 - 50 cm,,Helsinki/MAKA,2026-02-27,POINT (24.954706593661925 60.186335846579276)
Puurekisteri_piste.19263,19263,P-44008-13,,FRANZENIN PUISTIKKO (LÄNTINEN),Puisto,PUISTOLEHMUS,Tilia,x vulgaris,30 - 50 cm,,Helsinki/MAKA,2026-02-27,POINT (24.954384574834286 60.18638456170973)
Puurekisteri_piste.19264,19264,P-24032-190,,MUNKKINIEMEN PUISTOTIE PUISTOKAISTAT,Puisto,METSÄLEHMUS,Tilia,cordata,30 - 50 cm,,Helsinki/MAKA,2026-02-27,POINT (24.878642728459734 60.19762799890193)
Puurekisteri_piste.19265,19265,P-24032-191,,MUNKKINIEMEN PUISTOTIE PUISTOKAISTAT,Puisto,ISOLEHTILEHMUS,Tilia,platyphyllos,30 - 50 cm,,Helsinki/MAKA,2026-02-27,POINT (24.878517175085765 60.19765527181628)
Puurekisteri_piste.34420,34420,K-46324,MALMIN RAITTI,,Katu,PUISTOLEHMUS,Tilia,x vulgaris,20 - 30 cm,,Helsinki/MAKA,2026-02-27,POINT (25.01116656226391 60.25642213498776)
Puurekisteri_piste.34421,34421,K-46325,MALMIN RAITTI,,Katu,PUISTOLEHMUS,Tilia,x vulgaris,10 - 20 cm,,Helsinki/MAKA,2026-02-27,POINT (25.011332809615293 60.2565189539672)
Puurekisteri_piste.34422,34422,K-46326,MALMIN RAITTI,,Katu,PUISTOLEHMUS,Tilia,x vulgaris,20 - 30 cm,,Helsinki/MAKA,2026-02-27,POINT (25.011450867170435 60.256562133862)
Puurekisteri_piste.34423,34423,K-46327,MALMIN RAITTI,,Katu,PUISTOLEHMUS,Tilia,x vulgaris,20 - 30 cm,,Helsinki/MAKA,2026-02-27,POINT (25.011583726303154 60.256602162194284)
Puurekisteri_piste.34424,34424,K-46328,MALMIN RAITTI,,Katu,PUISTOLEHMUS,Tilia,x vulgaris,10 - 20 cm,,Helsinki/MAKA,2026-02-27,POINT (25.01169002465938 60.25663808000921)
Puurekisteri_piste.34425,34425,K-46329,MALMIN RAITTI,,Katu,PUISTOLEHMUS,Tilia,x vulgaris,10 - 20 cm,,Helsinki/MAKA,2026-02-27,POINT (25.011824677792934 60.256673529505576)
Puurekisteri_piste.34426,34426,K-46330,MALMIN RAITTI,,Katu,PUISTOLEHMUS,Tilia,x vulgaris,10 - 20 cm,,Helsinki/MAKA,2026-02-27,POINT (25.01198225745187 60.256704924252944)
Puurekisteri_piste.34427,34427,K-46331,MALMIN RAITTI,,Katu,PUISTOLEHMUS,Tilia,x vulgaris,20 - 30 cm,,Helsinki/MAKA,2026-02-27,POINT (25.012080564174354 60.2567245123473)
Puurekisteri_piste.34428,34428,K-46332,MALMIN RAITTI,,Katu,PUISTOLEHMUS,Tilia,x vulgaris,20 - 30 cm,,Helsinki/MAKA,2026-02-27,POINT (25.01222441216129 60.25675385196235)
Puurekisteri_piste.34429,34429,K-48053,SUUTARILANTIE,,Katu,RAUDUSKOIVU,Betula,pendula,20 - 30 cm,,Helsinki/MAKA,2026-02-27,POINT (24.991929799425034 60.27008559372919)
Puurekisteri_piste.15113,15113,P-43038-4,,ALLI TRYGGIN PUISTO (ETELÄ),Puisto,PUISTOLEHMUS,Tilia,x vulgaris,20 - 30 cm,,Helsinki/MAKA,2026-02-27,POINT (24.95556280717263 60.18308003601365)
Puurekisteri_piste.15114,15114,P-43038-5,,ALLI TRYGGIN PUISTO (ETELÄ),Puisto,PUISTOLEHMUS,Tilia,x vulgaris,20 - 30 cm,,Helsinki/MAKA,2026-02-27,POINT (24.955631863914597 60.183120671469204)
Puurekisteri_piste.34434,34434,K-48058,SUUTARILANTIE,,Katu,RAUDUSKOIVU,Betula,pendula,10 - 20 cm,,Helsinki/MAKA,2026-02-27,POINT (24.992845168604294 60.27231139731067)
Puurekisteri_piste.34435,34435,K-48059,SUUTARILANTIE,,Katu,RAUDUSKOIVU,Betula,pendula,20 - 30 cm,,Helsinki/MAKA,2026-02-27,POINT (24.99319495358637 60.27253675348009)
Puurekisteri_piste.34436,34436,K-48060,SUUTARILANTIE,,Katu,PIHLAJA,Sorbus,sp.,10 - 20 cm,,Helsinki/MAKA,2026-02-27,POINT (24.993873759144503 60.27315001527477)
Puurekisteri_piste.34437,34437,K-48061,SUUTARILANTIE,,Katu,PIHLAJA,Sorbus,sp.,10 - 20 cm,,Helsinki/MAKA,2026-02-27,POINT (24.993955139361937 60.273178960290196)
Puurekisteri_piste.34438,34438,K-48062,SUUTARILANTIE,,Katu,PIHLAJA,Sorbus,sp.,10 - 20 cm,,Helsinki/MAKA,2026-02-27,POINT (24.99403637237678 60.27322280415333)
Puurekisteri_piste.34439,34439,K-48063,SUUTARILANTIE,,Katu,METSÄMÄNTY,Pinus,sylvestris,20 - 30 cm,,Helsinki/MAKA,2026-02-27,POINT (24.994182692981372 60.273282139054984)
Puurekisteri_piste.34440,34440,K-48064,SUUTARILANTIE,,Katu,KOTIPIHLAJA,Sorbus,aucuparia,10 - 20 cm,,Helsinki/MAKA,2026-02-27,POINT (24.99443159169035 60.273394550037445)
Puurekisteri_piste.34441,34441,K-48065,SUUTARILANTIE,,Katu,KOTIPIHLAJA,Sorbus,aucuparia,10 - 20 cm,,Helsinki/MAKA,2026-02-27,POINT (24.9944909242997 60.27342216067863)
Puurekisteri_piste.34444,34444,K-48068,SUUTARILANTIE,,Katu,KOTIPIHLAJA,Sorbus,aucuparia,10 - 20 cm,,Helsinki/MAKA,2026-02-27,POINT (24.994968436579487 60.273623926103014)
Puurekisteri_piste.34445,34445,K-46333,MARKKINATIE,,Katu,ORAPIHLAJA,Crataegus,sp.,0 - 10 cm,,Helsinki/MAKA,2026-02-27,POINT (25.00517445239367 60.251638699827616)
Puurekisteri_piste.34446,34446,K-46334,MARKKINATIE,,Katu,ORAPIHLAJA,Crataegus,sp.,0 - 10 cm,,Helsinki/MAKA,2026-02-27,POINT (25.005140453445737 60.25161951448398)
Puurekisteri_piste.34447,34447,K-46335,MARKKINATIE,,Katu,ORAPIHLAJA,Crataegus,sp.,0 - 10 cm,,Helsinki/MAKA,2026-02-27,POINT (25.00506524762279 60.25158707198877)
Puurekisteri_piste.34449,34449,K-46337,MARKKINATIE,,Katu,ORAPIHLAJA,Crataegus,sp.,0 - 10 cm,,Helsinki/MAKA,2026-02-27,POINT (25.004723317050377 60.251411733490535)
Puurekisteri_piste.34453,34453,K-46341,MARKKINATIE,,Katu,ORAPIHLAJA,Crataegus,sp.,0 - 10 cm,,Helsinki/MAKA,2026-02-27,POINT (25.003982017415833 60.251122211195195)
Puurekisteri_piste.34455,34455,K-46343,MARKKINATIE,,Katu,ORAPIHLAJA,Crataegus,sp.,0 - 10 cm,,Helsinki/MAKA,2026-02-27,POINT (25.0028701890922 60.25083453025571)
Puurekisteri_piste.34457,34457,K-46345,MARKKINATIE,,Katu,ORAPIHLAJA,Crataegus,sp.,0 - 10 cm,,Helsinki/MAKA,2026-02-27,POINT (25.002714069878046 60.250794687066936)
Puurekisteri_piste.34458,34458,K-46346,MARKKINATIE,,Katu,ORAPIHLAJA,Crataegus,sp.,0 - 10 cm,,Helsinki/MAKA,2026-02-27,POINT (25.00265553017867 60.25078170915426)
Puurekisteri_piste.34459,34459,K-46347,MARKKINATIE,,Katu,ORAPIHLAJA,Crataegus,sp.,0 - 10 cm,,Helsinki/MAKA,2026-02-27,POINT (25.00251965405349 60.250749033422174)
Puurekisteri_piste.34463,34463,P-34020-527,,ALPPIPUISTO,Puisto,HOPEASALAVA,Salix,alba,20 - 30 cm,1931,Helsinki/MAKA,2026-02-27,POINT (24.93481623883701 60.19164283330805)
Puurekisteri_piste.34465,34465,P-34020-529,,ALPPIPUISTO,Puisto,KUJASALAVA,Salix,x rubens,20 - 30 cm,,Helsinki/MAKA,2026-02-27,POINT (24.935369951286134 60.19046663132628)
Puurekisteri_piste.34466,34466,P-34020-530,,ALPPIPUISTO,Puisto,Mongolianvaahtera,Acer,tataricum ssp. ginnala,0 - 10 cm,,Helsinki/MAKA,2026-02-27,POINT (24.935826318366395 60.19032746272595)
Puurekisteri_piste.31453,31453,K-44700,NALLITIE,,Katu,RUOTSINPIHLAJA,Sorbus,intermedia,10 - 20 cm,,Helsinki/MAKA,2026-02-27,POINT (25.06261882114412 60.233888180038846)
Puurekisteri_piste.31454,31454,K-44701,NALLITIE,,Katu,RUOTSINPIHLAJA,Sorbus,intermedia,10 - 20 cm,,Helsinki/MAKA,2026-02-27,POINT (25.062519665326963 60.23391386557073)
Puurekisteri_piste.31809,31809,K-38982,VÄINÖ KANTELEEN KATU,,Katu,SITKANKUUSI,Picea,sitchensis,10 - 20 cm,,Helsinki/MAKA,2026-02-27,POINT (24.92765178717671 60.196563992152804)
Puurekisteri_piste.31810,31810,K-38984,VÄINÖ KANTELEEN KATU,,Katu,SITKANKUUSI,Picea,sitchensis,10 - 20 cm,,Helsinki/MAKA,2026-02-27,POINT (24.92761446964534 60.196565789184824)
Puurekisteri_piste.31812,31812,K-45252,KEVÄTTORI,,Katu,PUISTOLEHMUS,Tilia,x vulgaris,0 - 10 cm,,Helsinki/MAKA,2026-02-27,POINT (25.026805898028467 60.22714013031932)
Puurekisteri_piste.31813,31813,K-45253,KEVÄTTORI,,Katu,PUISTOLEHMUS,Tilia,x vulgaris,0 - 10 cm,,Helsinki/MAKA,2026-02-27,POINT (25.02674832279514 60.22719214314846)
Puurekisteri_piste.31814,31814,K-45254,KEVÄTTORI,,Katu,PUISTOLEHMUS,Tilia,x vulgaris,0 - 10 cm,,Helsinki/MAKA,2026-02-27,POINT (25.02691434059457 60.227082332581666)
Puurekisteri_piste.31815,31815,K-45255,KEVÄTTORI,,Katu,PUISTOLEHMUS,Tilia,x vulgaris,0 - 10 cm,,Helsinki/MAKA,2026-02-27,POINT (25.026961692206953 60.22716100771527)
Puurekisteri_piste.31816,31816,K-45256,KEVÄTTORI,,Katu,PUISTOLEHMUS,Tilia,x vulgaris,0 - 10 cm,,Helsinki/MAKA,2026-02-27,POINT (25.027065083777515 60.22710375240908)
Puurekisteri_piste.31817,31817,K-45257,KEVÄTTORI,,Katu,PUISTOLEHMUS,Tilia,x vulgaris,0 - 10 cm,,Helsinki/MAKA,2026-02-27,POINT (25.02712409989534 60.22705111001928)
Puurekisteri_piste.31818,31818,K-45258,KEVÄTTORI,,Katu,PUISTOLEHMUS,Tilia,x vulgaris,0 - 10 cm,,Helsinki/MAKA,2026-02-27,POINT (25.02716983753293 60.227132748211396)
Puurekisteri_piste.31821,31821,K-45261,PIHLAJAMÄENTIE,,Katu,VUORIJALAVA,Ulmus,glabra,0 - 10 cm,,Helsinki/MAKA,2026-02-27,POINT (25.00899461085508 60.22626921076172)
Puurekisteri_piste.12418,12418,P-34056-13,,KIRJAILIJANPUISTO MIKAEL LYBECKINK.,Puisto,ISOLEHTILEHMUS,Tilia,platyphyllos,50 - 70 cm,,Helsinki/MAKA,2026-02-27,POINT (24.91532129131759 60.186667901256186)
Puurekisteri_piste.34128,34128,K-37758,PELLERVONTIE,,Katu,PUISTOLEHMUS,Tilia,x vulgaris,70 cm -,,Helsinki/MAKA,2026-02-27,POINT (24.94998417601764 60.21397135869446)
Puurekisteri_piste.34129,34129,K-37760,PELLERVONTIE,,Katu,PUISTOLEHMUS,Tilia,x vulgaris,70 cm -,,Helsinki/MAKA,2026-02-27,POINT (24.950144562336774 60.214007672953414)
Puurekisteri_piste.34130,34130,K-37762,PELLERVONTIE,,Katu,PUISTOLEHMUS,Tilia,x vulgaris,70 cm -,,Helsinki/MAKA,2026-02-27,POINT (24.95025370409361 60.2140238041114)
Puurekisteri_piste.34131,34131,K-37764,PELLERVONTIE,,Katu,PUISTOLEHMUS,Tilia,x vulgaris,70 cm -,,Helsinki/MAKA,2026-02-27,POINT (24.950365423545033 60.21409773534654)
Puurekisteri_piste.13888,13888,P-54037-174,,HERTTONIEMENKARTANO,Puisto,KUUSI,Picea,sp.,0 - 10 cm,,Helsinki/MAKA,2026-02-27,POINT (25.041816717863128 60.18784783915076)
Puurekisteri_piste.30748,30748,K-44884,TILANHOITAJAKAARI,,Katu,METSÄVAAHTERA,Acer,platanoides,0 - 10 cm,,Helsinki/MAKA,2026-02-27,POINT (25.0307260164328 60.23135782240364)
Puurekisteri_piste.30749,30749,K-44885,TILANHOITAJAKAARI,,Katu,METSÄVAAHTERA,Acer,platanoides,0 - 10 cm,,Helsinki/MAKA,2026-02-27,POINT (25.030754355020715 60.23141299673693)
Puurekisteri_piste.30751,30751,K-44887,TILANHOITAJAKAARI,,Katu,METSÄVAAHTERA,Acer,platanoides,0 - 10 cm,,Helsinki/MAKA,2026-02-27,POINT (25.030811736557684 60.23151804939305)
Puurekisteri_piste.30752,30752,K-44888,TILANHOITAJAKAARI,,Katu,METSÄVAAHTERA,Acer,platanoides,0 - 10 cm,,Helsinki/MAKA,2026-02-27,POINT (25.03100033484516 60.23184163027637)
Puurekisteri_piste.30753,30753,K-46661,PUISTOLAN RAITTI,,Katu,KOTIPIHLAJA,Sorbus,aucuparia,10 - 20 cm,,Helsinki/MAKA,2026-02-27,POINT (25.06103462184636 60.27007075346996)
Puurekisteri_piste.15355,15355,P-54037-550,,HERTTONIEMENKARTANO,Puisto,KUUSI,Picea,sp.,50 - 70 cm,,Helsinki/MAKA,2026-02-27,POINT (25.044748827655123 60.18988967471851)
Puurekisteri_piste.15356,15356,P-54037-551,,HERTTONIEMENKARTANO,Puisto,KUUSI,Picea,sp.,0 - 10 cm,,Helsinki/MAKA,2026-02-27,POINT (25.0445918548771 60.18988808590981)
Puurekisteri_piste.15357,15357,P-24032-176,,MUNKKINIEMEN PUISTOTIE PUISTOKAISTAT,Puisto,ISOLEHTILEHMUS,Tilia,platyphyllos,50 - 70 cm,,Helsinki/MAKA,2026-02-27,POINT (24.87762715083663 60.19798644287851)
Puurekisteri_piste.15358,15358,P-33253-91,,TOIVO KUULAN PUISTO,Puisto,METSÄMÄNTY,Pinus,sylvestris,50 - 70 cm,,Helsinki/MAKA,2026-02-27,POINT (24.912830149760506 60.17849667190816)
Puurekisteri_piste.15360,15360,P-42001-250,,TÄHTITORNIN VUORI,Puisto,PUISTOLEHMUS,Tilia,x vulgaris,50 - 70 cm,,Helsinki/MAKA,2026-02-27,POINT (24.953068269471387 60.1633488686295)
Puurekisteri_piste.15361,15361,P-53004-252,,STANSVIKINKARTANO,Puisto,KOTIPIHLAJA,Sorbus,aucuparia,10 - 20 cm,,Helsinki/MAKA,2026-02-27,POINT (25.029016737956187 60.16332143137432)
Puurekisteri_piste.15362,15362,P-53004-253,,STANSVIKINKARTANO,Puisto,KOTIPIHLAJA,Sorbus,aucuparia,10 - 20 cm,,Helsinki/MAKA,2026-02-27,POINT (25.028994968581745 60.16331896211018)
Puurekisteri_piste.15365,15365,K-8048,EHRENSTRÖMINTIE,,Katu,METSÄVAAHTERA,Acer,platanoides,20 - 30 cm,,Helsinki/MAKA,2026-02-27,POINT (24.962675578604784 60.155799039760296)
Puurekisteri_piste.15000,15000,P-44017-262,,KATRI VALAN PUISTO,Puisto,METSÄMÄNTY,Pinus,sylvestris,10 - 20 cm,,Helsinki/MAKA,2026-02-27,POINT (24.96547999697352 60.18652270649826)
Puurekisteri_piste.15001,15001,P-54037-836,,HERTTONIEMENKARTANO,Puisto,HIESKOIVU,Betula,pubescens,0 - 10 cm,,Helsinki/MAKA,2026-02-27,POINT (25.046436533714033 60.18949672695093)
Puurekisteri_piste.15002,15002,P-53003-38,,TULLISAAREN KARTANO,Puisto,PUISTOLEHMUS,Tilia,x vulgaris,70 cm -,,Helsinki/MAKA,2026-02-27,POINT (25.031717465651862 60.17894097852395)
Puurekisteri_piste.15004,15004,P-53003-1272,,TULLISAAREN KARTANO,Puisto,LEHTOSAARNI,Fraxinus,excelsior,0 - 10 cm,,Helsinki/MAKA,2026-02-27,POINT (25.035171650816487 60.180734854648975)
Puurekisteri_piste.15008,15008,P-53003-1547,,TULLISAAREN KARTANO,Puisto,METSÄVAAHTERA,Acer,platanoides,50 - 70 cm,,Helsinki/MAKA,2026-02-27,POINT (25.036705218233042 60.1808154114601)
Puurekisteri_piste.15009,15009,P-53003-1948,,TULLISAAREN KARTANO,Puisto,METSÄMÄNTY,Pinus,sylvestris,20 - 30 cm,,Helsinki/MAKA,2026-02-27,POINT (25.02419304010171 60.17739161088613)
Puurekisteri_piste.15010,15010,P-53003-1949,,TULLISAAREN KARTANO,Puisto,METSÄMÄNTY,Pinus,sylvestris,30 - 50 cm,,Helsinki/MAKA,2026-02-27,POINT (25.024220341742307 60.17737608017783)
Puurekisteri_piste.15011,15011,P-53003-1950,,TULLISAAREN KARTANO,Puisto,METSÄMÄNTY,Pinus,sylvestris,30 - 50 cm,,Helsinki/MAKA,2026-02-27,POINT (25.02427007173214 60.17733088640588)
Puurekisteri_piste.15012,15012,P-33049-42,,LINNANKOSKENKADUN PUISTO,Puisto,METSÄMÄNTY,Pinus,sylvestris,30 - 50 cm,,Helsinki/MAKA,2026-02-27,POINT (24.91121859715483 60.183492033748486)
Puurekisteri_piste.15013,15013,P-33049-43,,LINNANKOSKENKADUN PUISTO,Puisto,METSÄVAAHTERA,Acer,platanoides,30 - 50 cm,,Helsinki/MAKA,2026-02-27,POINT (24.91127901310221 60.18355149224859)
Puurekisteri_piste.15014,15014,P-33049-44,,LINNANKOSKENKADUN PUISTO,Puisto,METSÄVAAHTERA,Acer,platanoides,10 - 20 cm,,Helsinki/MAKA,2026-02-27,POINT (24.911204404048284 60.183553344924206)
Puurekisteri_piste.15015,15015,P-33049-45,,LINNANKOSKENKADUN PUISTO,Puisto,METSÄVAAHTERA,Acer,platanoides,20 - 30 cm,,Helsinki/MAKA,2026-02-27,POINT (24.911173825609026 60.183514697497216)
Puurekisteri_piste.15016,15016,P-34020-149,,ALPPIPUISTO,Puisto,METSÄVAAHTERA,Acer,platanoides,50 - 70 cm,,Helsinki/MAKA,2026-02-27,POINT (24.936382186098825 60.189803761551715)
Puurekisteri_piste.15017,15017,P-34020-150,,ALPPIPUISTO,Puisto,KUUSI,Picea,sp.,30 - 50 cm,,Helsinki/MAKA,2026-02-27,POINT (24.936353793323423 60.18990458776292)
Puurekisteri_piste.15018,15018,P-34020-464,,ALPPIPUISTO,Puisto,METSÄHAAPA,Populus,tremula,30 - 50 cm,,Helsinki/MAKA,2026-02-27,POINT (24.939025046478726 60.18946819770831)
Puurekisteri_piste.15019,15019,P-34020-465,,ALPPIPUISTO,Puisto,RAUDUSKOIVU,Betula,pendula,30 - 50 cm,,Helsinki/MAKA,2026-02-27,POINT (24.938979102127398 60.18947520830897)
Puurekisteri_piste.15076,15076,P-43067-206,,TERVASAARI,Puisto,TERVALEPPÄ,Alnus,glutinosa,0 - 10 cm,,Helsinki/MAKA,2026-02-27,POINT (24.970260202505926 60.173509464735915)
Puurekisteri_piste.15077,15077,P-43067-207,,TERVASAARI,Puisto,RAUDUSKOIVU,Betula,pendula,0 - 10 cm,,Helsinki/MAKA,2026-02-27,POINT (24.969873594894626 60.173394047185226)
Puurekisteri_piste.15078,15078,P-42005-1017,,KAIVOPUISTO,Puisto,METSÄVAAHTERA,Acer,platanoides,50 - 70 cm,,Helsinki/MAKA,2026-02-27,POINT (24.956144806057438 60.15700545611875)
Puurekisteri_piste.15079,15079,P-54037-376,,HERTTONIEMENKARTANO,Puisto,KUUSI,Picea,sp.,50 - 70 cm,,Helsinki/MAKA,2026-02-27,POINT (25.04343572704287 60.189117379417965)
Puurekisteri_piste.15080,15080,P-54037-377,,HERTTONIEMENKARTANO,Puisto,KUUSI,Picea,sp.,30 - 50 cm,,Helsinki/MAKA,2026-02-27,POINT (25.04347975445501 60.189083713498356)
Puurekisteri_piste.34280,34280,K-46104,KIRKONKYLÄNTIE,,Katu,VUORIJALAVA,Ulmus,glabra,20 - 30 cm,,Helsinki/MAKA,2026-02-27,POINT (25.00784086716993 60.25168104413272)
Puurekisteri_piste.34281,34281,K-46105,KIRKONKYLÄNTIE,,Katu,VUORIJALAVA,Ulmus,glabra,10 - 20 cm,,Helsinki/MAKA,2026-02-27,POINT (25.007717708447466 60.251748618650645)
Puurekisteri_piste.34282,34282,K-46106,KIRKONKYLÄNTIE,,Katu,POPPELI/HAAPA,Populus,sp.,30 - 50 cm,,Helsinki/MAKA,2026-02-27,POINT (25.006106764649065 60.252387444723084)
Puurekisteri_piste.34286,34286,K-46255,KUHANKEITTÄJÄNTIE,,Katu,VUORIJALAVA,Ulmus,glabra,10 - 20 cm,,Helsinki/MAKA,2026-02-27,POINT (25.00223404805686 60.25825464888008)
Puurekisteri_piste.34287,34287,K-46256,KUHANKEITTÄJÄNTIE,,Katu,VUORIJALAVA,Ulmus,glabra,10 - 20 cm,,Helsinki/MAKA,2026-02-27,POINT (25.002119201956184 60.25826575889424)
Puurekisteri_piste.34288,34288,K-46257,LATOKARTANONTIE,,Katu,POPPELI/HAAPA,Populus,sp.,50 - 70 cm,,Helsinki/MAKA,2026-02-27,POINT (25.00958425715775 60.248499964201805)
Puurekisteri_piste.34289,34289,K-46258,LATOKARTANONTIE,,Katu,POPPELI/HAAPA,Populus,sp.,30 - 50 cm,,Helsinki/MAKA,2026-02-27,POINT (25.00971903687109 60.248462177880604)
Puurekisteri_piste.34290,34290,K-46259,LATOKARTANONTIE,,Katu,POPPELI/HAAPA,Populus,sp.,30 - 50 cm,,Helsinki/MAKA,2026-02-27,POINT (25.00979549001048 60.24842299456347)
Puurekisteri_piste.34291,34291,K-46260,LATOKARTANONTIE,,Katu,POPPELI/HAAPA,Populus,sp.,30 - 50 cm,,Helsinki/MAKA,2026-02-27,POINT (25.00987660298662 60.24837106323709)
Puurekisteri_piste.34292,34292,K-46261,LATOKARTANONTIE,,Katu,POPPELI/HAAPA,Populus,sp.,30 - 50 cm,,Helsinki/MAKA,2026-02-27,POINT (25.00993732050021 60.24832228691641)
Puurekisteri_piste.34293,34293,K-46262,LATOKARTANONTIE,,Katu,POPPELI/HAAPA,Populus,sp.,30 - 50 cm,,Helsinki/MAKA,2026-02-27,POINT (25.01000509523106 60.248279160204724)
Puurekisteri_piste.31580,31580,K-34806,PITKÄNSILLANRANTA,,Katu,PUISTOLEHMUS,Tilia,x vulgaris,20 - 30 cm,,Helsinki/MAKA,2026-02-27,POINT (24.9486538906591 60.17696784914434)
Puurekisteri_piste.31581,31581,K-34808,PITKÄNSILLANRANTA,,Katu,PUISTOLEHMUS,Tilia,x vulgaris,20 - 30 cm,,Helsinki/MAKA,2026-02-27,POINT (24.948640325079037 60.17690610180357)
Puurekisteri_piste.32538,32538,K-37382,INTIANKATU,,Katu,PUISTOLEHMUS,Tilia,x vulgaris,10 - 20 cm,,Helsinki/MAKA,2026-02-27,POINT (24.96991022226759 60.207104571689406)
Puurekisteri_piste.32539,32539,K-37384,INTIANKATU,,Katu,PUISTOLEHMUS,Tilia,x vulgaris,10 - 20 cm,,Helsinki/MAKA,2026-02-27,POINT (24.969791791914282 60.2071389909675)
Puurekisteri_piste.32540,32540,K-44799,TILANHOITAJAKAARI,,Katu,METSÄVAAHTERA,Acer,platanoides,10 - 20 cm,,Helsinki/MAKA,2026-02-27,POINT (25.024157702030216 60.225784893271396)
Puurekisteri_piste.32541,32541,K-44800,TILANHOITAJAKAARI,,Katu,METSÄVAAHTERA,Acer,platanoides,10 - 20 cm,,Helsinki/MAKA,2026-02-27,POINT (25.02292924213259 60.2254884953517)
Puurekisteri_piste.32542,32542,K-44801,TILANHOITAJAKAARI,,Katu,METSÄVAAHTERA,Acer,platanoides,10 - 20 cm,,Helsinki/MAKA,2026-02-27,POINT (25.02280698340034 60.2254558298168)
Puurekisteri_piste.32543,32543,K-44802,TILANHOITAJAKAARI,,Katu,METSÄVAAHTERA,Acer,platanoides,10 - 20 cm,,Helsinki/MAKA,2026-02-27,POINT (25.02266772887062 60.22541195815523)
Puurekisteri_piste.32544,32544,K-44803,TILANHOITAJAKAARI,,Katu,METSÄVAAHTERA,Acer,platanoides,10 - 20 cm,,Helsinki/MAKA,2026-02-27,POINT (25.022557357016183 60.22537201328728)
Puurekisteri_piste.32545,32545,K-44804,TILANHOITAJAKAARI,,Katu,METSÄVAAHTERA,Acer,platanoides,10 - 20 cm,,Helsinki/MAKA,2026-02-27,POINT (25.022455999218373 60.22532945857967)
Puurekisteri_piste.32546,32546,K-44805,TILANHOITAJAKAARI,,Katu,METSÄVAAHTERA,Acer,platanoides,10 - 20 cm,,Helsinki/MAKA,2026-02-27,POINT (25.022335111658712 60.22527309686191)
Puurekisteri_piste.32549,32549,K-44808,TILANHOITAJAKAARI,,Katu,METSÄVAAHTERA,Acer,platanoides,10 - 20 cm,,Helsinki/MAKA,2026-02-27,POINT (25.02207171165814 60.22511048714448)
Puurekisteri_piste.32550,32550,K-44809,TILANHOITAJAKAARI,,Katu,METSÄVAAHTERA,Acer,platanoides,10 - 20 cm,,Helsinki/MAKA,2026-02-27,POINT (25.021992596953336 60.225025013307494)
Puurekisteri_piste.32551,32551,K-44810,TILANHOITAJAKAARI,,Katu,LEHMUS,Tilia,sp.,10 - 20 cm,,Helsinki/MAKA,2026-02-27,POINT (25.021965451518906 60.22499909551726)
Puurekisteri_piste.32552,32552,K-44811,TILANHOITAJAKAARI,,Katu,METSÄVAAHTERA,Acer,platanoides,10 - 20 cm,,Helsinki/MAKA,2026-02-27,POINT (25.021888444466665 60.224894771953934)
Puurekisteri_piste.32553,32553,K-44812,TILANHOITAJAKAARI,,Katu,LEHMUS,Tilia,sp.,10 - 20 cm,,Helsinki/MAKA,2026-02-27,POINT (25.02182924633023 60.22483127222813)
Puurekisteri_piste.32554,32554,K-45602,SÄVELTIE,,Katu,KOTIPIHLAJA,Sorbus,aucuparia,10 - 20 cm,,Helsinki/MAKA,2026-02-27,POINT (24.989425175168282 60.24847666397519)
Puurekisteri_piste.12429,12429,P-34020-253,,ALPPIPUISTO,Puisto,HIESKOIVU,Betula,pubescens,20 - 30 cm,,Helsinki/MAKA,2026-02-27,POINT (24.93459205417214 60.19152711073547)
Puurekisteri_piste.12430,12430,P-34020-254,,ALPPIPUISTO,Puisto,RAUDUSKOIVU,Betula,pendula,30 - 50 cm,,Helsinki/MAKA,2026-02-27,POINT (24.934732775576897 60.19153284359739)
Puurekisteri_piste.12431,12431,P-34020-255,,ALPPIPUISTO,Puisto,HIESKOIVU,Betula,pubescens,30 - 50 cm,,Helsinki/MAKA,2026-02-27,POINT (24.93481195471238 60.19159003926644)
Puurekisteri_piste.12433,12433,P-34020-257,,ALPPIPUISTO,Puisto,HIESKOIVU,Betula,pubescens,20 - 30 cm,,Helsinki/MAKA,2026-02-27,POINT (24.934774600095366 60.19164560515722)
Puurekisteri_piste.33459,33459,K-46004,VANHA TAPANILANTIE,,Katu,MAKEDONIANMÄNTY,Pinus,peuce,0 - 10 cm,,Helsinki/MAKA,2026-02-27,POINT (25.005951927562126 60.26180272864776)
Puurekisteri_piste.33460,33460,K-46005,VANHA TAPANILANTIE,,Katu,MAKEDONIANMÄNTY,Pinus,peuce,0 - 10 cm,,Helsinki/MAKA,2026-02-27,POINT (25.00587533506532 60.26180205979836)
Puurekisteri_piste.33462,33462,K-46546,YLÄ-MALMIN TORI,,Katu,PUISTOLEHMUS,Tilia,x vulgaris,10 - 20 cm,,Helsinki/MAKA,2026-02-27,POINT (25.00960689998341 60.252255454067544)
Puurekisteri_piste.15115,15115,P-43038-6,,ALLI TRYGGIN PUISTO (ETELÄ),Puisto,PUISTOLEHMUS,Tilia,x vulgaris,30 - 50 cm,,Helsinki/MAKA,2026-02-27,POINT (24.955717495704995 60.18317433195657)
Puurekisteri_piste.15116,15116,P-43016-8,,KIRJANPUISTO,Puisto,PUISTOLEHMUS,Tilia,x vulgaris,50 - 70 cm,,Helsinki/MAKA,2026-02-27,POINT (24.955786531420852 60.17635596766595)
Puurekisteri_piste.15117,15117,P-43016-9,,KIRJANPUISTO,Puisto,PUISTOLEHMUS,Tilia,x vulgaris,50 - 70 cm,,Helsinki/MAKA,2026-02-27,POINT (24.955637736199193 60.17635353527784)
Puurekisteri_piste.12571,12571,P-42001-170,,TÄHTITORNIN VUORI,Puisto,METSÄKUUSI,Picea,abies,30 - 50 cm,,Helsinki/MAKA,2026-02-27,POINT (24.950702408822934 60.162727578095435)
Puurekisteri_piste.12573,12573,P-33253-178,,TOIVO KUULAN PUISTO,Puisto,TERVALEPPÄ,Alnus,glutinosa,50 - 70 cm,,Helsinki/MAKA,2026-02-27,POINT (24.912840615839087 60.18001980236729)
Puurekisteri_piste.13889,13889,P-54037-175,,HERTTONIEMENKARTANO,Puisto,KUUSI,Picea,sp.,0 - 10 cm,,Helsinki/MAKA,2026-02-27,POINT (25.041822728773077 60.18783272460364)
Puurekisteri_piste.12574,12574,P-33253-179,,TOIVO KUULAN PUISTO,Puisto,RAUDUSKOIVU,Betula,pendula,30 - 50 cm,,Helsinki/MAKA,2026-02-27,POINT (24.912780817284535 60.180061955900754)
Puurekisteri_piste.12575,12575,P-42008-30,,KAIVOPUISTO (USA),Puisto,JALAVA,Ulmus,sp.,0 - 10 cm,,Helsinki/MAKA,2026-02-27,POINT (24.962603978221185 60.15668573915228)
Puurekisteri_piste.34416,34416,K-46320,MALMIN RAITTI,,Katu,PUISTOLEHMUS,Tilia,x vulgaris,10 - 20 cm,,Helsinki/MAKA,2026-02-27,POINT (25.01076888565337 60.25610234906152)
Puurekisteri_piste.34417,34417,K-46321,MALMIN RAITTI,,Katu,PUISTOLEHMUS,Tilia,x vulgaris,10 - 20 cm,,Helsinki/MAKA,2026-02-27,POINT (25.010840559248624 60.25615803652325)
Puurekisteri_piste.34418,34418,K-46322,MALMIN RAITTI,,Katu,PUISTOLEHMUS,Tilia,x vulgaris,10 - 20 cm,,Helsinki/MAKA,2026-02-27,POINT (25.011007862117552 60.256311040078394)
Puurekisteri_piste.34419,34419,K-46323,MALMIN RAITTI,,Katu,PUISTOLEHMUS,Tilia,x vulgaris,10 - 20 cm,,Helsinki/MAKA,2026-02-27,POINT (25.011084578263524 60.25636115934592)
Puurekisteri_piste.34698,34698,K-48895,PELIMANNINTIE,,Katu,MAKEDONIANMÄNTY,Pinus,peuce,30 - 50 cm,,Helsinki/MAKA,2026-02-27,POINT (24.872819597620254 60.23529900299496)
Puurekisteri_piste.34700,34700,K-48897,PELIMANNINTIE,,Katu,MAKEDONIANMÄNTY,Pinus,peuce,30 - 50 cm,,Helsinki/MAKA,2026-02-27,POINT (24.87257343938813 60.23527611697376)
Puurekisteri_piste.34701,34701,K-48898,PELIMANNINTIE,,Katu,MAKEDONIANMÄNTY,Pinus,peuce,30 - 50 cm,,Helsinki/MAKA,2026-02-27,POINT (24.872453616103908 60.23526000784815)
Puurekisteri_piste.34702,34702,K-48899,PELIMANNINTIE,,Katu,MAKEDONIANMÄNTY,Pinus,peuce,30 - 50 cm,,Helsinki/MAKA,2026-02-27,POINT (24.872321691396007 60.23524972812101)
Puurekisteri_piste.34703,34703,K-48900,PELIMANNINTIE,,Katu,MAKEDONIANMÄNTY,Pinus,peuce,30 - 50 cm,,Helsinki/MAKA,2026-02-27,POINT (24.872185789568807 60.23524375491278)
Puurekisteri_piste.34704,34704,K-48901,PELIMANNINTIE,,Katu,MAKEDONIANMÄNTY,Pinus,peuce,30 - 50 cm,,Helsinki/MAKA,2026-02-27,POINT (24.872073535859744 60.23523536691155)
Puurekisteri_piste.34705,34705,K-48902,PELIMANNINTIE,,Katu,MAKEDONIANMÄNTY,Pinus,peuce,30 - 50 cm,,Helsinki/MAKA,2026-02-27,POINT (24.871947569977877 60.23522347344507)
Puurekisteri_piste.34706,34706,K-48903,PELIMANNINTIE,,Katu,MAKEDONIANMÄNTY,Pinus,peuce,30 - 50 cm,,Helsinki/MAKA,2026-02-27,POINT (24.871826818987074 60.23522468562756)
Puurekisteri_piste.34707,34707,K-48904,PELIMANNINTIE,,Katu,MAKEDONIANMÄNTY,Pinus,peuce,30 - 50 cm,,Helsinki/MAKA,2026-02-27,POINT (24.871679735567415 60.23521287388601)
Puurekisteri_piste.34709,34709,K-48906,PELIMANNINTIE,,Katu,MAKEDONIANMÄNTY,Pinus,peuce,30 - 50 cm,,Helsinki/MAKA,2026-02-27,POINT (24.871456286313702 60.2352129707827)
Puurekisteri_piste.34710,34710,K-48907,PELIMANNINTIE,,Katu,MAKEDONIANMÄNTY,Pinus,peuce,30 - 50 cm,,Helsinki/MAKA,2026-02-27,POINT (24.87130810501325 60.235211210490675)
Puurekisteri_piste.34711,34711,K-48908,PELIMANNINTIE,,Katu,MAKEDONIANMÄNTY,Pinus,peuce,20 - 30 cm,,Helsinki/MAKA,2026-02-27,POINT (24.871181933185447 60.2352164589292)
Puurekisteri_piste.34712,34712,K-48909,PELIMANNINTIE,,Katu,MAKEDONIANMÄNTY,Pinus,peuce,30 - 50 cm,,Helsinki/MAKA,2026-02-27,POINT (24.871065323615337 60.23522422387565)
Puurekisteri_piste.34714,34714,K-48911,PELIMANNINTIE,,Katu,MAKEDONIANMÄNTY,Pinus,peuce,30 - 50 cm,,Helsinki/MAKA,2026-02-27,POINT (24.870815138430736 60.23523947785811)
Puurekisteri_piste.34715,34715,K-48912,PELIMANNINTIE,,Katu,MAKEDONIANMÄNTY,Pinus,peuce,30 - 50 cm,,Helsinki/MAKA,2026-02-27,POINT (24.870663331090856 60.2352483062625)
Puurekisteri_piste.34718,34718,K-48915,PELIMANNINTIE,,Katu,MAKEDONIANMÄNTY,Pinus,peuce,30 - 50 cm,,Helsinki/MAKA,2026-02-27,POINT (24.870834448664375 60.23536002255257)
Puurekisteri_piste.34719,34719,K-48916,PELIMANNINTIE,,Katu,MAKEDONIANMÄNTY,Pinus,peuce,30 - 50 cm,,Helsinki/MAKA,2026-02-27,POINT (24.8709716421311 60.23534750862714)
Puurekisteri_piste.34720,34720,K-48917,PELIMANNINTIE,,Katu,MAKEDONIANMÄNTY,Pinus,peuce,30 - 50 cm,,Helsinki/MAKA,2026-02-27,POINT (24.87112254550728 60.23533993606338)
Puurekisteri_piste.34724,34724,K-48921,PELIMANNINTIE,,Katu,MAKEDONIANMÄNTY,Pinus,peuce,30 - 50 cm,,Helsinki/MAKA,2026-02-27,POINT (24.87163352196872 60.23533886917675)
Puurekisteri_piste.34725,34725,K-48922,PELIMANNINTIE,,Katu,MAKEDONIANMÄNTY,Pinus,peuce,30 - 50 cm,,Helsinki/MAKA,2026-02-27,POINT (24.871766178415427 60.23534268769391)
Puurekisteri_piste.34727,34727,K-48924,PELIMANNINTIE,,Katu,MAKEDONIANMÄNTY,Pinus,peuce,30 - 50 cm,,Helsinki/MAKA,2026-02-27,POINT (24.872011452595565 60.23535309930853)
Puurekisteri_piste.34728,34728,K-48925,PELIMANNINTIE,,Katu,MAKEDONIANMÄNTY,Pinus,peuce,30 - 50 cm,,Helsinki/MAKA,2026-02-27,POINT (24.872149886109487 60.235356111783574)
Puurekisteri_piste.34730,34730,K-48927,PELIMANNINTIE,,Katu,MAKEDONIANMÄNTY,Pinus,peuce,30 - 50 cm,,Helsinki/MAKA,2026-02-27,POINT (24.872389007410895 60.23537764974797)
Puurekisteri_piste.34731,34731,K-48928,PELIMANNINTIE,,Katu,MAKEDONIANMÄNTY,Pinus,peuce,30 - 50 cm,,Helsinki/MAKA,2026-02-27,POINT (24.872525630868367 60.235384251276095)
Puurekisteri_piste.34732,34732,K-48929,PELIMANNINTIE,,Katu,MAKEDONIANMÄNTY,Pinus,peuce,30 - 50 cm,,Helsinki/MAKA,2026-02-27,POINT (24.872656824249805 60.23540135172225)
Puurekisteri_piste.34737,34737,K-48934,PELIMANNINTIE,,Katu,MAKEDONIANMÄNTY,Pinus,peuce,30 - 50 cm,,Helsinki/MAKA,2026-02-27,POINT (24.873373214796537 60.23551720984161)
Puurekisteri_piste.34739,34739,K-48936,PELIMANNINTIE,,Katu,MAKEDONIANMÄNTY,Pinus,peuce,30 - 50 cm,,Helsinki/MAKA,2026-02-27,POINT (24.8735969555662 60.235567012152)
Puurekisteri_piste.15455,15455,K-39285,KAIVONKATSOJANTIE,,Katu,PUISTOLEHMUS,Tilia,x vulgaris,10 - 20 cm,,Helsinki/MAKA,2026-02-27,POINT (25.13600211292231 60.204412057720134)
Puurekisteri_piste.15456,15456,K-39286,KAIVONKATSOJANTIE,,Katu,PUISTOLEHMUS,Tilia,x vulgaris,10 - 20 cm,,Helsinki/MAKA,2026-02-27,POINT (25.136038270204775 60.20431614253087)
Puurekisteri_piste.15457,15457,K-39287,KAIVONKATSOJANTIE,,Katu,PUISTOLEHMUS,Tilia,x vulgaris,10 - 20 cm,,Helsinki/MAKA,2026-02-27,POINT (25.136065309524458 60.20425973357867)
Puurekisteri_piste.12420,12420,P-43005-43,,TOVE JANSSONIN PUISTO,Puisto,SERBIANKUUSI,Picea,omorika,10 - 20 cm,,Helsinki/MAKA,2026-02-27,POINT (24.96123212043321 60.16767973977867)
Puurekisteri_piste.12422,12422,P-33020-273,,TOKOINRANTA,Puisto,TERVALEPPÄ,Alnus,glutinosa,20 - 30 cm,,Helsinki/MAKA,2026-02-27,POINT (24.939832431267114 60.180081064773916)
Puurekisteri_piste.12425,12425,P-43001-172,,LAIVASTOPUISTO,Puisto,ISOLEHTILEHMUS,Tilia,platyphyllos,20 - 30 cm,,Helsinki/MAKA,2026-02-27,POINT (24.977242786601128 60.16891486883182)
Puurekisteri_piste.12426,12426,P-43001-173,,LAIVASTOPUISTO,Puisto,ISOLEHTILEHMUS,Tilia,platyphyllos,10 - 20 cm,,Helsinki/MAKA,2026-02-27,POINT (24.977153534152347 60.1688788709748)
Puurekisteri_piste.34472,34472,K-50124,RAMSAYNRANTA,,Katu,RAUDUSKOIVU,Betula,pendula,20 - 30 cm,,Helsinki/MAKA,2026-02-27,POINT (24.877822738751977 60.191500685333864)
Puurekisteri_piste.34473,34473,K-50125,RAMSAYNRANTA,,Katu,RAUDUSKOIVU,Betula,pendula,20 - 30 cm,,Helsinki/MAKA,2026-02-27,POINT (24.87780981727511 60.19145715096523)
Puurekisteri_piste.34474,34474,K-50126,RAMSAYNRANTA,,Katu,RAUDUSKOIVU,Betula,pendula,20 - 30 cm,,Helsinki/MAKA,2026-02-27,POINT (24.877798520191014 60.191412001574)
Puurekisteri_piste.34266,34266,K-45443,RÄLSSINTIE,,Katu,PUISTOLEHMUS,Tilia,x vulgaris,10 - 20 cm,,Helsinki/MAKA,2026-02-27,POINT (24.983519510994288 60.240604004439774)
Puurekisteri_piste.34267,34267,K-45444,RÄLSSINTIE,,Katu,PUISTOLEHMUS,Tilia,x vulgaris,10 - 20 cm,,Helsinki/MAKA,2026-02-27,POINT (24.98364574592678 60.24063015229)
Puurekisteri_piste.34268,34268,K-45445,RÄLSSINTIE,,Katu,PUISTOLEHMUS,Tilia,x vulgaris,10 - 20 cm,,Helsinki/MAKA,2026-02-27,POINT (24.983765485052043 60.24065773913993)
Puurekisteri_piste.30890,30890,K-47230,SOMPIONTORI,,Katu,METSÄVAAHTERA,Acer,platanoides,10 - 20 cm,,Helsinki/MAKA,2026-02-27,POINT (25.028107496165653 60.263364495185314)
Puurekisteri_piste.30891,30891,K-47231,SOMPIONTORI,,Katu,METSÄVAAHTERA,Acer,platanoides,10 - 20 cm,,Helsinki/MAKA,2026-02-27,POINT (25.028186861339677 60.26338309939907)
Puurekisteri_piste.30892,30892,K-47232,SOMPIONTORI,,Katu,METSÄVAAHTERA,Acer,platanoides,20 - 30 cm,,Helsinki/MAKA,2026-02-27,POINT (25.028328848627975 60.26338262536851)
Puurekisteri_piste.30893,30893,K-47233,SOMPIONTORI,,Katu,METSÄVAAHTERA,Acer,platanoides,10 - 20 cm,,Helsinki/MAKA,2026-02-27,POINT (25.028349483274557 60.26334006611422)
Puurekisteri_piste.30894,30894,K-47234,SOMPIONTORI,,Katu,METSÄVAAHTERA,Acer,platanoides,10 - 20 cm,,Helsinki/MAKA,2026-02-27,POINT (25.02838151127364 60.263301356967055)
Puurekisteri_piste.30895,30895,K-47235,SOMPIONTORI,,Katu,METSÄVAAHTERA,Acer,platanoides,10 - 20 cm,,Helsinki/MAKA,2026-02-27,POINT (25.028406288880607 60.26325520426101)
Puurekisteri_piste.34495,34495,K-51731,HAKANIEMENRANTA,,Katu,PUISTOLEHMUS,Tilia,x vulgaris,10 - 20 cm,,Helsinki/MAKA,2026-02-27,POINT (24.962704194662802 60.18042169353881)
Puurekisteri_piste.34496,34496,K-51733,HAKANIEMENRANTA,,Katu,PUISTOLEHMUS,Tilia,x vulgaris,20 - 30 cm,,Helsinki/MAKA,2026-02-27,POINT (24.962601482867086 60.18041957203964)
Puurekisteri_piste.34497,34497,K-50257,HEIKKILÄNAUKIO,,Katu,PUISTOLEHMUS,Tilia,x vulgaris,10 - 20 cm,,Helsinki/MAKA,2026-02-27,POINT (24.879715048508075 60.1542137504929)
Puurekisteri_piste.34498,34498,K-50258,HEIKKILÄNAUKIO,,Katu,PUISTOLEHMUS,Tilia,x vulgaris,10 - 20 cm,,Helsinki/MAKA,2026-02-27,POINT (24.87958831229305 60.15419970981411)
Puurekisteri_piste.34499,34499,K-50259,HEIKKILÄNAUKIO,,Katu,PUISTOLEHMUS,Tilia,x vulgaris,10 - 20 cm,,Helsinki/MAKA,2026-02-27,POINT (24.879457437548805 60.15418369314116)
Puurekisteri_piste.34501,34501,K-50261,HEIKKILÄNAUKIO,,Katu,PUISTOLEHMUS,Tilia,x vulgaris,10 - 20 cm,,Helsinki/MAKA,2026-02-27,POINT (24.879220259130065 60.1540846212308)
Puurekisteri_piste.34502,34502,K-50262,HEIKKILÄNAUKIO,,Katu,PUISTOLEHMUS,Tilia,x vulgaris,10 - 20 cm,,Helsinki/MAKA,2026-02-27,POINT (24.87924625034008 60.15403329034807)
Puurekisteri_piste.34503,34503,K-50263,HEIKKILÄNAUKIO,,Katu,PUISTOLEHMUS,Tilia,x vulgaris,20 - 30 cm,,Helsinki/MAKA,2026-02-27,POINT (24.879284862744107 60.15396760282798)
Puurekisteri_piste.15706,15706,P-53003-669,,TULLISAAREN KARTANO,Puisto,METSÄMÄNTY,Pinus,sylvestris,30 - 50 cm,,Helsinki/MAKA,2026-02-27,POINT (25.031695331023826 60.18015075484317)
Puurekisteri_piste.15501,15501,K-4992,ENSI LINJA,,Katu,METSÄVAAHTERA,Acer,platanoides,10 - 20 cm,,Helsinki/MAKA,2026-02-27,POINT (24.94134615112833 60.183053022498044)
Puurekisteri_piste.31828,31828,K-46129,KIRKONKYLÄNTIE,,Katu,POPPELI/HAAPA,Populus,sp.,30 - 50 cm,,Helsinki/MAKA,2026-02-27,POINT (25.003062853905302 60.25341721142974)
Puurekisteri_piste.31830,31830,K-38134,KIRJURINKATU,,Katu,VUORIJALAVA,Ulmus,glabra,30 - 50 cm,,Helsinki/MAKA,2026-02-27,POINT (24.938190837127603 60.1997351511075)
Puurekisteri_piste.31831,31831,K-38136,KIRJURINKATU,,Katu,VUORIJALAVA,Ulmus,glabra,30 - 50 cm,,Helsinki/MAKA,2026-02-27,POINT (24.938151214705947 60.199815664694874)
Puurekisteri_piste.31833,31833,K-38140,JUNAILIJANKUJA,,Katu,VUORIJALAVA,Ulmus,glabra,30 - 50 cm,,Helsinki/MAKA,2026-02-27,POINT (24.937198253406205 60.19928337312498)
Puurekisteri_piste.31835,31835,K-38144,JUNAILIJANKUJA,,Katu,VUORIJALAVA,Ulmus,glabra,30 - 50 cm,,Helsinki/MAKA,2026-02-27,POINT (24.937140257442305 60.19940059764244)
Puurekisteri_piste.31836,31836,K-38146,JUNAILIJANKUJA,,Katu,VUORIJALAVA,Ulmus,glabra,30 - 50 cm,,Helsinki/MAKA,2026-02-27,POINT (24.937109465260683 60.19947698118201)
Puurekisteri_piste.31838,31838,K-37826,TEOLLISUUSKATU,,Katu,PUISTOLEHMUS,Tilia,x vulgaris,0 - 10 cm,,Helsinki/MAKA,2026-02-27,POINT (24.95255834491402 60.19211244333299)
Puurekisteri_piste.32954,32954,K-37742,PELLERVONTIE,,Katu,PUISTOLEHMUS,Tilia,x vulgaris,70 cm -,,Helsinki/MAKA,2026-02-27,POINT (24.948989674013927 60.21365510698671)
Puurekisteri_piste.32955,32955,K-37744,PELLERVONTIE,,Katu,PUISTOLEHMUS,Tilia,x vulgaris,70 cm -,,Helsinki/MAKA,2026-02-27,POINT (24.949102260034795 60.21369304826739)
Puurekisteri_piste.32956,32956,K-37746,PELLERVONTIE,,Katu,PUISTOLEHMUS,Tilia,x vulgaris,70 cm -,,Helsinki/MAKA,2026-02-27,POINT (24.949244250264634 60.213734393712315)
Puurekisteri_piste.15289,15289,P-54037-379,,HERTTONIEMENKARTANO,Puisto,KUUSI,Picea,sp.,50 - 70 cm,,Helsinki/MAKA,2026-02-27,POINT (25.043412179525387 60.189063044904174)
Puurekisteri_piste.15290,15290,P-54037-5,,HERTTONIEMENKARTANO,Puisto,METSÄMÄNTY,Pinus,sylvestris,70 cm -,,Helsinki/MAKA,2026-02-27,POINT (25.041199458372798 60.190049168985404)
Puurekisteri_piste.15291,15291,P-54037-6,,HERTTONIEMENKARTANO,Puisto,METSÄVAAHTERA,Acer,platanoides,30 - 50 cm,,Helsinki/MAKA,2026-02-27,POINT (25.04156613721056 60.18997628664601)
Puurekisteri_piste.15292,15292,P-54037-7,,HERTTONIEMENKARTANO,Puisto,PUISTOLEHMUS,Tilia,x vulgaris,70 cm -,,Helsinki/MAKA,2026-02-27,POINT (25.041382586213945 60.18995531796468)
Puurekisteri_piste.15293,15293,P-54037-8,,HERTTONIEMENKARTANO,Puisto,METSÄLEHMUS,Tilia,cordata,70 cm -,,Helsinki/MAKA,2026-02-27,POINT (25.041242661360446 60.18994801914854)
Puurekisteri_piste.15294,15294,P-54037-9,,HERTTONIEMENKARTANO,Puisto,PUISTOLEHMUS,Tilia,x vulgaris,0 - 10 cm,,Helsinki/MAKA,2026-02-27,POINT (25.04109933339011 60.189951005410435)
Puurekisteri_piste.15295,15295,P-54037-10,,HERTTONIEMENKARTANO,Puisto,PUISTOLEHMUS,Tilia,x vulgaris,0 - 10 cm,,Helsinki/MAKA,2026-02-27,POINT (25.040997269488773 60.189948813883746)
Puurekisteri_piste.15296,15296,P-54037-11,,HERTTONIEMENKARTANO,Puisto,METSÄLEHMUS,Tilia,cordata,70 cm -,,Helsinki/MAKA,2026-02-27,POINT (25.041376556853212 60.18987477805934)
Puurekisteri_piste.15298,15298,P-32031-163,,SINEBRYCHOFFIN PUISTO,Puisto,METSÄVAAHTERA,Acer,platanoides,20 - 30 cm,,Helsinki/MAKA,2026-02-27,POINT (24.93538848461511 60.16184766135151)
Puurekisteri_piste.15300,15300,K-9319,POHJOLANKATU,,Katu,PUISTOLEHMUS,Tilia,x vulgaris,50 - 70 cm,,Helsinki/MAKA,2026-02-27,POINT (24.94547178300587 60.2140467751977)
Puurekisteri_piste.15301,15301,K-932,RATAPIHANTIE,,Katu,VUORIJALAVA,Ulmus,glabra,10 - 20 cm,,Helsinki/MAKA,2026-02-27,POINT (24.935253348796135 60.19711238947289)
Puurekisteri_piste.15302,15302,K-9320,POHJOLANKATU,,Katu,PUISTOLEHMUS,Tilia,x vulgaris,50 - 70 cm,,Helsinki/MAKA,2026-02-27,POINT (24.94560908312596 60.21409171552043)
Puurekisteri_piste.12370,12370,P-54037-699,,HERTTONIEMENKARTANO,Puisto,LEHTIKUUSI,Larix,sp.,70 cm -,,Helsinki/MAKA,2026-02-27,POINT (25.045430411135026 60.188787167298905)
Puurekisteri_piste.12371,12371,P-54037-700,,HERTTONIEMENKARTANO,Puisto,VAAHTERA,Acer,sp.,50 - 70 cm,,Helsinki/MAKA,2026-02-27,POINT (25.04545558615706 60.188764711582806)
Puurekisteri_piste.12372,12372,P-54037-701,,HERTTONIEMENKARTANO,Puisto,VAAHTERA,Acer,sp.,50 - 70 cm,,Helsinki/MAKA,2026-02-27,POINT (25.045519202011423 60.18874221965007)
Puurekisteri_piste.12373,12373,P-54037-702,,HERTTONIEMENKARTANO,Puisto,MÄNTY,Pinus,sp.,50 - 70 cm,,Helsinki/MAKA,2026-02-27,POINT (25.045436585194686 60.18867773618019)
Puurekisteri_piste.12374,12374,P-54037-703,,HERTTONIEMENKARTANO,Puisto,MÄNTY,Pinus,sp.,50 - 70 cm,,Helsinki/MAKA,2026-02-27,POINT (25.045485968290244 60.18866729446811)
Puurekisteri_piste.12375,12375,P-54037-363,,HERTTONIEMENKARTANO,Puisto,TERVALEPPÄ,Alnus,glutinosa,70 cm -,,Helsinki/MAKA,2026-02-27,POINT (25.042954203534173 60.188913010474785)
Puurekisteri_piste.12376,12376,P-54037-364,,HERTTONIEMENKARTANO,Puisto,TERVALEPPÄ,Alnus,glutinosa,30 - 50 cm,,Helsinki/MAKA,2026-02-27,POINT (25.04298772806478 60.18892081678372)
Puurekisteri_piste.12379,12379,P-53004-352,,STANSVIKINKARTANO,Puisto,VUORIJALAVA,Ulmus,glabra,30 - 50 cm,,Helsinki/MAKA,2026-02-27,POINT (25.028819643830463 60.16426781252381)
Puurekisteri_piste.33395,33395,K-46097,KARVIAISRINNE,,Katu,PYLVÄSHAAPA,Populus,tremula,10 - 20 cm,,Helsinki/MAKA,2026-02-27,POINT (25.007088981043506 60.2449199554542)
Puurekisteri_piste.33397,33397,K-46099,KARVIAISRINNE,,Katu,PYLVÄSHAAPA,Populus,tremula,20 - 30 cm,,Helsinki/MAKA,2026-02-27,POINT (25.007156832693415 60.2448387751302)
Puurekisteri_piste.34091,34091,K-44740,TILANHOITAJAKAARI,,Katu,METSÄVAAHTERA,Acer,platanoides,10 - 20 cm,,Helsinki/MAKA,2026-02-27,POINT (25.030936722434884 60.232621812560275)
Puurekisteri_piste.34092,34092,K-44741,TILANHOITAJAKAARI,,Katu,METSÄVAAHTERA,Acer,platanoides,10 - 20 cm,,Helsinki/MAKA,2026-02-27,POINT (25.030932009051334 60.23256186176125)
Puurekisteri_piste.34093,34093,K-44742,TILANHOITAJAKAARI,,Katu,METSÄVAAHTERA,Acer,platanoides,10 - 20 cm,,Helsinki/MAKA,2026-02-27,POINT (25.030931458716775 60.23250549760184)
Puurekisteri_piste.34094,34094,K-44743,TILANHOITAJAKAARI,,Katu,METSÄVAAHTERA,Acer,platanoides,10 - 20 cm,,Helsinki/MAKA,2026-02-27,POINT (25.03093709343817 60.23246366821413)
Puurekisteri_piste.34095,34095,K-44744,TILANHOITAJAKAARI,,Katu,METSÄVAAHTERA,Acer,platanoides,10 - 20 cm,,Helsinki/MAKA,2026-02-27,POINT (25.030884295513694 60.231950686354814)
Puurekisteri_piste.34096,34096,K-44745,TILANHOITAJAKAARI,,Katu,METSÄVAAHTERA,Acer,platanoides,10 - 20 cm,,Helsinki/MAKA,2026-02-27,POINT (25.03085797642299 60.23190592166706)
Puurekisteri_piste.33881,33881,K-46737,ALANKOTIE,,Katu,KOTIPIHLAJA,Sorbus,aucuparia,10 - 20 cm,,Helsinki/MAKA,2026-02-27,POINT (25.042285292756247 60.27141362485132)
Puurekisteri_piste.33884,33884,K-46740,ALANKOTIE,,Katu,KOTIPIHLAJA,Sorbus,aucuparia,0 - 10 cm,,Helsinki/MAKA,2026-02-27,POINT (25.04186264568572 60.2714111390654)
Puurekisteri_piste.33885,33885,K-46741,ALANKOTIE,,Katu,KOTIPIHLAJA,Sorbus,aucuparia,10 - 20 cm,,Helsinki/MAKA,2026-02-27,POINT (25.041495341073464 60.271422423431105)
Puurekisteri_piste.33886,33886,K-46742,ALANKOTIE,,Katu,KOTIPIHLAJA,Sorbus,aucuparia,10 - 20 cm,,Helsinki/MAKA,2026-02-27,POINT (25.04109555700666 60.27144603225718)
Puurekisteri_piste.33887,33887,K-46743,ALANKOTIE,,Katu,KOTIPIHLAJA,Sorbus,aucuparia,10 - 20 cm,,Helsinki/MAKA,2026-02-27,POINT (25.040945969659354 60.27145298894032)
Puurekisteri_piste.33889,33889,K-46745,ALANKOTIE,,Katu,KOTIPIHLAJA,Sorbus,aucuparia,10 - 20 cm,,Helsinki/MAKA,2026-02-27,POINT (25.040103097500964 60.27151783242183)
Puurekisteri_piste.33891,33891,K-45213,MAAKAARENKUJA,,Katu,KOTIPIHLAJA,Sorbus,aucuparia,30 - 50 cm,,Helsinki/MAKA,2026-02-27,POINT (25.025178803197733 60.23110830779746)
Puurekisteri_piste.33892,33892,K-45214,MAAKAARENKUJA,,Katu,KOTIPIHLAJA,Sorbus,aucuparia,30 - 50 cm,,Helsinki/MAKA,2026-02-27,POINT (25.02500921624064 60.23101195724412)
Puurekisteri_piste.33893,33893,K-45215,MAAKAARI,,Katu,KOTIPIHLAJA,Sorbus,aucuparia,10 - 20 cm,,Helsinki/MAKA,2026-02-27,POINT (25.023788024284205 60.23045133003427)
Puurekisteri_piste.15584,15584,P-54037-415,,HERTTONIEMENKARTANO,Puisto,KOIVU,Betula,sp.,30 - 50 cm,,Helsinki/MAKA,2026-02-27,POINT (25.043031646804916 60.18979999129778)
Puurekisteri_piste.33053,33053,K-45515,SÄTERINTIE,,Katu,PUISTOLEHMUS,Tilia,x vulgaris,20 - 30 cm,,Helsinki/MAKA,2026-02-27,POINT (24.987793321862735 60.24419999392767)
Puurekisteri_piste.33054,33054,K-45516,SÄTERINTIE,,Katu,PUISTOLEHMUS,Tilia,x vulgaris,10 - 20 cm,,Helsinki/MAKA,2026-02-27,POINT (24.987487725601405 60.24440702726683)
Puurekisteri_piste.33055,33055,K-45517,SÄTERINTIE,,Katu,PUISTOLEHMUS,Tilia,x vulgaris,10 - 20 cm,,Helsinki/MAKA,2026-02-27,POINT (24.987421545943256 60.24444610283418)
Puurekisteri_piste.33057,33057,K-45519,SÄTERINTIE,,Katu,PUISTOLEHMUS,Tilia,x vulgaris,20 - 30 cm,,Helsinki/MAKA,2026-02-27,POINT (24.987281108361277 60.244547234526095)
Puurekisteri_piste.33058,33058,K-45520,SÄTERINTIE,,Katu,PUISTOLEHMUS,Tilia,x vulgaris,10 - 20 cm,,Helsinki/MAKA,2026-02-27,POINT (24.98719472131338 60.24459323105137)
Puurekisteri_piste.33059,33059,K-37684,SILTASAARENKÄRKI,,Katu,TERVALEPPÄ,Alnus,glutinosa,30 - 50 cm,,Helsinki/MAKA,2026-02-27,POINT (24.944899295488753 60.17796790268685)
Puurekisteri_piste.33061,33061,K-37688,SILTASAARENKÄRKI,,Katu,TERVALEPPÄ,Alnus,glutinosa,30 - 50 cm,,Helsinki/MAKA,2026-02-27,POINT (24.94485782159974 60.17792321318662)
Puurekisteri_piste.33063,33063,K-37692,SILTASAARENKÄRKI,,Katu,VUORIJALAVA,Ulmus,glabra,50 - 70 cm,,Helsinki/MAKA,2026-02-27,POINT (24.94493611507878 60.17780993030925)
Puurekisteri_piste.33064,33064,K-37694,TAIVASKALLIONTIE,,Katu,PUISTOLEHMUS,Tilia,x vulgaris,10 - 20 cm,,Helsinki/MAKA,2026-02-27,POINT (24.958773562517127 60.219456062729975)
Puurekisteri_piste.14139,14139,P-34055-21,,ARVO YLPÖN PUISTO,Puisto,PUISTOLEHMUS,Tilia,x vulgaris,20 - 30 cm,,Helsinki/MAKA,2026-02-27,POINT (24.91172711299899 60.18569645249863)
Puurekisteri_piste.14140,14140,P-34055-22,,ARVO YLPÖN PUISTO,Puisto,PUISTOLEHMUS,Tilia,x vulgaris,30 - 50 cm,,Helsinki/MAKA,2026-02-27,POINT (24.91199603795319 60.18576556559327)
Puurekisteri_piste.14143,14143,P-44010-3,,AADOLFINRINNE,Puisto,RAUDUSKOIVU,Betula,pendula,10 - 20 cm,,Helsinki/MAKA,2026-02-27,POINT (24.955433998957368 60.18686727937618)
Puurekisteri_piste.14144,14144,P-33253-43,,TOIVO KUULAN PUISTO,Puisto,TERVALEPPÄ,Alnus,glutinosa,50 - 70 cm,,Helsinki/MAKA,2026-02-27,POINT (24.911923970549715 60.17794218527895)
Puurekisteri_piste.14145,14145,P-33253-44,,TOIVO KUULAN PUISTO,Puisto,TERVALEPPÄ,Alnus,glutinosa,10 - 20 cm,,Helsinki/MAKA,2026-02-27,POINT (24.91186368713927 60.1778386402732)
Puurekisteri_piste.14146,14146,P-33253-45,,TOIVO KUULAN PUISTO,Puisto,RAITA,Salix,caprea,30 - 50 cm,,Helsinki/MAKA,2026-02-27,POINT (24.91172486034359 60.17798678392336)
Puurekisteri_piste.14147,14147,P-33253-46,,TOIVO KUULAN PUISTO,Puisto,TERVALEPPÄ,Alnus,glutinosa,30 - 50 cm,,Helsinki/MAKA,2026-02-27,POINT (24.91168598620615 60.17807596634033)
Puurekisteri_piste.15154,15154,P-32030-34,,TELAKANPUISTIKKO,Puisto,VUORIJALAVA,Ulmus,glabra,30 - 50 cm,,Helsinki/MAKA,2026-02-27,POINT (24.93305571332124 60.15987059506931)
Puurekisteri_piste.33749,33749,K-47767,ITÄMERENKATU,,Katu,PUISTOLEHMUS,Tilia,x vulgaris,10 - 20 cm,,Helsinki/MAKA,2026-02-27,POINT (24.917454534658198 60.16354342134551)
Puurekisteri_piste.33750,33750,K-47768,ITÄMERENKATU,,Katu,PUISTOLEHMUS,Tilia,x vulgaris,10 - 20 cm,,Helsinki/MAKA,2026-02-27,POINT (24.917588707670358 60.16355060472025)
Puurekisteri_piste.15458,15458,K-39288,KAIVONKATSOJANTIE,,Katu,PUISTOLEHMUS,Tilia,x vulgaris,10 - 20 cm,,Helsinki/MAKA,2026-02-27,POINT (25.136097611565845 60.2042084319972)
Puurekisteri_piste.15459,15459,P-43021-5,,VARSAPUISTIKKO,Puisto,METSÄTAMMI,Quercus,robur,30 - 50 cm,,Helsinki/MAKA,2026-02-27,POINT (24.950156083304076 60.173490357713085)
Puurekisteri_piste.15460,15460,P-43021-6,,VARSAPUISTIKKO,Puisto,PUISTOLEHMUS,Tilia,x vulgaris,70 cm -,,Helsinki/MAKA,2026-02-27,POINT (24.94980223491394 60.173394860598336)
Puurekisteri_piste.15461,15461,K-5905,KATAJANOKANLAITURI,,Katu,PUISTOLEHMUS,Tilia,x vulgaris,20 - 30 cm,,Helsinki/MAKA,2026-02-27,POINT (24.964639996301912 60.165487734555356)
Puurekisteri_piste.15462,15462,P-44008-31,,FRANZENIN PUISTIKKO (LÄNTINEN),Puisto,KUUSI,Picea,sp.,10 - 20 cm,,Helsinki/MAKA,2026-02-27,POINT (24.9546222523574 60.18664405250837)
Puurekisteri_piste.15463,15463,P-54037-331,,HERTTONIEMENKARTANO,Puisto,KUUSI,Picea,sp.,30 - 50 cm,,Helsinki/MAKA,2026-02-27,POINT (25.042687627924472 60.18865820450365)
Puurekisteri_piste.15464,15464,P-33030-90,,HESPERIANPUISTO,Puisto,VUORIJALAVA,Ulmus,glabra,30 - 50 cm,,Helsinki/MAKA,2026-02-27,POINT (24.930596852092172 60.17917131991155)
Puurekisteri_piste.15465,15465,P-33030-91,,HESPERIANPUISTO,Puisto,VUORIJALAVA,Ulmus,glabra,50 - 70 cm,,Helsinki/MAKA,2026-02-27,POINT (24.93060329612523 60.17914972032441)
Puurekisteri_piste.15466,15466,P-33030-92,,HESPERIANPUISTO,Puisto,METSÄVAAHTERA,Acer,platanoides,70 cm -,,Helsinki/MAKA,2026-02-27,POINT (24.93041469256406 60.17912225559188)
Puurekisteri_piste.15467,15467,P-33030-93,,HESPERIANPUISTO,Puisto,METSÄVAAHTERA,Acer,platanoides,70 cm -,,Helsinki/MAKA,2026-02-27,POINT (24.930403956606327 60.179065889610435)
Puurekisteri_piste.15470,15470,K-9667,OULUNKYLÄNTIE,,Katu,METSÄVAAHTERA,Acer,platanoides,20 - 30 cm,,Helsinki/MAKA,2026-02-27,POINT (24.963570598156373 60.22142870616268)
Puurekisteri_piste.15472,15472,P-33253-38,,TOIVO KUULAN PUISTO,Puisto,TERVALEPPÄ,Alnus,glutinosa,30 - 50 cm,,Helsinki/MAKA,2026-02-27,POINT (24.912285385767305 60.17783385301829)
Puurekisteri_piste.15473,15473,P-33253-39,,TOIVO KUULAN PUISTO,Puisto,TERVALEPPÄ,Alnus,glutinosa,30 - 50 cm,,Helsinki/MAKA,2026-02-27,POINT (24.912248208551105 60.177817586508496)
Puurekisteri_piste.12452,12452,P-33045-552,,SIBELIUKSEN PUISTO (A),Puisto,TERVALEPPÄ,Alnus,glutinosa,50 - 70 cm,,Helsinki/MAKA,2026-02-27,POINT (24.91508795081856 60.18139671745797)
Puurekisteri_piste.12454,12454,P-53004-69,,STANSVIKINKARTANO,Puisto,METSÄTAMMI,Quercus,robur,70 cm -,,Helsinki/MAKA,2026-02-27,POINT (25.029375583330733 60.1647993308426)
Puurekisteri_piste.12455,12455,P-53004-404,,STANSVIKINKARTANO,Puisto,METSÄVAAHTERA,Acer,platanoides,30 - 50 cm,,Helsinki/MAKA,2026-02-27,POINT (25.029957181393133 60.16340888993013)
Puurekisteri_piste.12456,12456,P-53004-405,,STANSVIKINKARTANO,Puisto,METSÄVAAHTERA,Acer,platanoides,20 - 30 cm,,Helsinki/MAKA,2026-02-27,POINT (25.029911133746214 60.16340344667755)
Puurekisteri_piste.12458,12458,P-53004-407,,STANSVIKINKARTANO,Puisto,METSÄVAAHTERA,Acer,platanoides,30 - 50 cm,,Helsinki/MAKA,2026-02-27,POINT (25.029779561173136 60.16339751114222)
Puurekisteri_piste.12460,12460,P-33016-401,,KAISANIEMENPUISTO,Puisto,LEHTOSAARNI,Fraxinus,excelsior,30 - 50 cm,,Helsinki/MAKA,2026-02-27,POINT (24.94661049050953 60.173662048609025)
Puurekisteri_piste.12461,12461,P-53004-401,,STANSVIKINKARTANO,Puisto,METSÄVAAHTERA,Acer,platanoides,20 - 30 cm,,Helsinki/MAKA,2026-02-27,POINT (25.03015927201567 60.16341764899427)
Puurekisteri_piste.12462,12462,P-53004-402,,STANSVIKINKARTANO,Puisto,METSÄVAAHTERA,Acer,platanoides,20 - 30 cm,,Helsinki/MAKA,2026-02-27,POINT (25.030105954058723 60.163413379513436)
Puurekisteri_piste.12463,12463,P-53004-403,,STANSVIKINKARTANO,Puisto,METSÄVAAHTERA,Acer,platanoides,20 - 30 cm,,Helsinki/MAKA,2026-02-27,POINT (25.03003537126883 60.16342084427871)
Puurekisteri_piste.30621,30621,K-38014,PAKKAMESTARINKATU,,Katu,VUORIJALAVA,Ulmus,glabra,30 - 50 cm,,Helsinki/MAKA,2026-02-27,POINT (24.944273150886854 60.19821495825551)
Puurekisteri_piste.30622,30622,K-38016,PAKKAMESTARINKATU,,Katu,VUORIJALAVA,Ulmus,glabra,30 - 50 cm,,Helsinki/MAKA,2026-02-27,POINT (24.94423982963994 60.19825975089347)
Puurekisteri_piste.30623,30623,K-38018,PAKKAMESTARINKATU,,Katu,VUORIJALAVA,Ulmus,glabra,30 - 50 cm,,Helsinki/MAKA,2026-02-27,POINT (24.944218954318707 60.1983129780961)
Puurekisteri_piste.30624,30624,K-38190,VÄINÖ KANTELEEN KATU,,Katu,DOUGLASKUUSI,Pseudotsuga,menziesii,10 - 20 cm,,Helsinki/MAKA,2026-02-27,POINT (24.928132429892166 60.19663738365874)
Puurekisteri_piste.30626,30626,K-38194,VÄINÖ KANTELEEN KATU,,Katu,DOUGLASKUUSI,Pseudotsuga,menziesii,10 - 20 cm,,Helsinki/MAKA,2026-02-27,POINT (24.928254305911956 60.196665738614506)
Puurekisteri_piste.34865,34865,K-48526,TORPPARINMÄENTIE,,Katu,MUSTAMARJAORAPIHLAJA,Crataegus,douglasii,10 - 20 cm,,Helsinki/MAKA,2026-02-27,POINT (24.94512137242981 60.257688317387995)
Puurekisteri_piste.34866,34866,K-48527,TORPPARINMÄENTIE,,Katu,MUSTAMARJAORAPIHLAJA,Crataegus,douglasii,10 - 20 cm,,Helsinki/MAKA,2026-02-27,POINT (24.94506523238796 60.25773060095699)
Puurekisteri_piste.34868,34868,K-48529,TORPPARINMÄENTIE,,Katu,MUSTAMARJAORAPIHLAJA,Crataegus,douglasii,10 - 20 cm,,Helsinki/MAKA,2026-02-27,POINT (24.94489646166808 60.25787297869732)
Puurekisteri_piste.34870,34870,K-48531,TORPPARINMÄENTIE,,Katu,MUSTAMARJAORAPIHLAJA,Crataegus,douglasii,10 - 20 cm,,Helsinki/MAKA,2026-02-27,POINT (24.944808376266515 60.25794847626072)
Puurekisteri_piste.34871,34871,K-48532,TORPPARINMÄENTIE,,Katu,MUSTAMARJAORAPIHLAJA,Crataegus,douglasii,0 - 10 cm,,Helsinki/MAKA,2026-02-27,POINT (24.944771371856877 60.25797854993787)
Puurekisteri_piste.34872,34872,K-48533,TORPPARINMÄENTIE,,Katu,MUSTAMARJAORAPIHLAJA,Crataegus,douglasii,10 - 20 cm,,Helsinki/MAKA,2026-02-27,POINT (24.944729485312862 60.25800126481671)
Puurekisteri_piste.34873,34873,K-48534,TORPPARINMÄENTIE,,Katu,MUSTAMARJAORAPIHLAJA,Crataegus,douglasii,0 - 10 cm,,Helsinki/MAKA,2026-02-27,POINT (24.944532726684514 60.258158456257945)
Puurekisteri_piste.34874,34874,K-48535,TORPPARINMÄENTIE,,Katu,MUSTAMARJAORAPIHLAJA,Crataegus,douglasii,10 - 20 cm,,Helsinki/MAKA,2026-02-27,POINT (24.944495005578936 60.25819714618843)
Puurekisteri_piste.34875,34875,K-48536,TORPPARINMÄENTIE,,Katu,MUSTAMARJAORAPIHLAJA,Crataegus,douglasii,10 - 20 cm,,Helsinki/MAKA,2026-02-27,POINT (24.944450963107688 60.25823637575273)
Puurekisteri_piste.33922,33922,K-46017,VANHA PORVOONTIE,,Katu,PYLVÄSHAAPA,Populus,tremula,10 - 20 cm,,Helsinki/MAKA,2026-02-27,POINT (25.075443500243672 60.27267640590813)
Puurekisteri_piste.15502,15502,K-5010,ELÄINTARHANTIE,,Katu,PUISTOLEHMUS,Tilia,x vulgaris,10 - 20 cm,,Helsinki/MAKA,2026-02-27,POINT (24.948235843675832 60.18012895440599)
Puurekisteri_piste.15503,15503,P-53004-9,,STANSVIKINKARTANO,Puisto,METSÄTAMMI,Quercus,robur,0 - 10 cm,,Helsinki/MAKA,2026-02-27,POINT (25.027434114156414 60.165734297924146)
Puurekisteri_piste.12533,12533,P-53003-1204,,TULLISAAREN KARTANO,Puisto,RAUDUSKOIVU,Betula,pendula,30 - 50 cm,,Helsinki/MAKA,2026-02-27,POINT (25.03339838738343 60.18084130751099)
Puurekisteri_piste.12534,12534,P-53003-1205,,TULLISAAREN KARTANO,Puisto,METSÄVAAHTERA,Acer,platanoides,30 - 50 cm,,Helsinki/MAKA,2026-02-27,POINT (25.033375314101857 60.180854078385)
Puurekisteri_piste.12536,12536,P-53004-90,,STANSVIKINKARTANO,Puisto,METSÄTAMMI,Quercus,robur,70 cm -,,Helsinki/MAKA,2026-02-27,POINT (25.028396201573628 60.165196578530846)
Puurekisteri_piste.12537,12537,P-53004-91,,STANSVIKINKARTANO,Puisto,METSÄTAMMI,Quercus,robur,50 - 70 cm,,Helsinki/MAKA,2026-02-27,POINT (25.02827957263882 60.165239009169746)
Puurekisteri_piste.12538,12538,P-53004-92,,STANSVIKINKARTANO,Puisto,TARHAOMENAPUU,Malus,domestica,10 - 20 cm,,Helsinki/MAKA,2026-02-27,POINT (25.030887226783896 60.16352252080648)
Puurekisteri_piste.12539,12539,P-53004-93,,STANSVIKINKARTANO,Puisto,ISOLEHTILEHMUS,Tilia,platyphyllos,20 - 30 cm,,Helsinki/MAKA,2026-02-27,POINT (25.031028199243348 60.163494046685976)
Puurekisteri_piste.12540,12540,P-53004-94,,STANSVIKINKARTANO,Puisto,METSÄLEHMUS,Tilia,cordata,50 - 70 cm,,Helsinki/MAKA,2026-02-27,POINT (25.031379308319494 60.163510338300576)
Puurekisteri_piste.34898,34898,K-49705,PUUSTELLINAUKIO,,Katu,RAUDUSKOIVU,Betula,pendula,10 - 20 cm,,Helsinki/MAKA,2026-02-27,POINT (24.862030547174843 60.24395182758752)
Puurekisteri_piste.34900,34900,K-49707,PUUSTELLINAUKIO,,Katu,RAUDUSKOIVU,Betula,pendula,30 - 50 cm,,Helsinki/MAKA,2026-02-27,POINT (24.862163049889336 60.243959514968516)
Puurekisteri_piste.31504,31504,K-44719,NALLITIE,,Katu,OMENAPUU,Malus,sp.,10 - 20 cm,,Helsinki/MAKA,2026-02-27,POINT (25.060663046530856 60.234471764883416)
Puurekisteri_piste.31505,31505,K-44720,NALLITIE,,Katu,OMENAPUU,Malus,sp.,10 - 20 cm,,Helsinki/MAKA,2026-02-27,POINT (25.06060382687234 60.234509523439776)
Puurekisteri_piste.31506,31506,K-44721,NALLITIE,,Katu,OMENAPUU,Malus,sp.,10 - 20 cm,,Helsinki/MAKA,2026-02-27,POINT (25.060553295744366 60.23455319648823)
Puurekisteri_piste.31507,31507,K-44722,NALLITIE,,Katu,OMENAPUU,Malus,sp.,10 - 20 cm,,Helsinki/MAKA,2026-02-27,POINT (25.06086239595625 60.23445064207395)
Puurekisteri_piste.30682,30682,K-45761,MALMIN KAUPPATIE,,Katu,PUISTOLEHMUS,Tilia,x vulgaris,10 - 20 cm,,Helsinki/MAKA,2026-02-27,POINT (25.00643495786528 60.249443986713445)
Puurekisteri_piste.30684,30684,K-45763,MALMIN KAUPPATIE,,Katu,PUISTOLEHMUS,Tilia,x vulgaris,20 - 30 cm,,Helsinki/MAKA,2026-02-27,POINT (25.006647735364282 60.24953781973135)
Puurekisteri_piste.30685,30685,K-45764,MALMIN KAUPPATIE,,Katu,PUISTOLEHMUS,Tilia,x vulgaris,10 - 20 cm,,Helsinki/MAKA,2026-02-27,POINT (25.00683307832458 60.24963588856179)
Puurekisteri_piste.30686,30686,K-45765,MALMIN KAUPPATIE,,Katu,PUISTOLEHMUS,Tilia,x vulgaris,10 - 20 cm,,Helsinki/MAKA,2026-02-27,POINT (25.006942128322343 60.2496987340961)
Puurekisteri_piste.30688,30688,K-45767,MALMIN KAUPPATIE,,Katu,PUISTOLEHMUS,Tilia,x vulgaris,10 - 20 cm,,Helsinki/MAKA,2026-02-27,POINT (25.007124580610178 60.24979554787244)
Puurekisteri_piste.30689,30689,K-45768,MALMIN KAUPPATIE,,Katu,PUISTOLEHMUS,Tilia,x vulgaris,10 - 20 cm,,Helsinki/MAKA,2026-02-27,POINT (25.0078087582334 60.25013104335918)
Puurekisteri_piste.30691,30691,K-45770,MALMIN KAUPPATIE,,Katu,PUISTOLEHMUS,Tilia,x vulgaris,10 - 20 cm,,Helsinki/MAKA,2026-02-27,POINT (25.008003502437354 60.25023080967892)
Puurekisteri_piste.30692,30692,K-45771,MALMIN KAUPPATIE,,Katu,PUISTOLEHMUS,Tilia,x vulgaris,10 - 20 cm,,Helsinki/MAKA,2026-02-27,POINT (25.008122447108693 60.25027821034059)
Puurekisteri_piste.30693,30693,K-45915,TAPANINVAINIONTIE,,Katu,METSÄVAAHTERA,Acer,platanoides,20 - 30 cm,,Helsinki/MAKA,2026-02-27,POINT (24.98684498676173 60.25773708317536)
Puurekisteri_piste.30694,30694,K-45916,TAPANINVAINIONTIE,,Katu,METSÄVAAHTERA,Acer,platanoides,20 - 30 cm,,Helsinki/MAKA,2026-02-27,POINT (24.98690165916244 60.25780616407812)
Puurekisteri_piste.30695,30695,K-45917,TAPANINVAINIONTIE,,Katu,METSÄVAAHTERA,Acer,platanoides,10 - 20 cm,,Helsinki/MAKA,2026-02-27,POINT (24.986968984557453 60.25787344459241)
Puurekisteri_piste.14986,14986,P-32008-150,,URSININKALLIO,Puisto,ISOLEHTILEHMUS,Tilia,platyphyllos,50 - 70 cm,,Helsinki/MAKA,2026-02-27,POINT (24.946763996825748 60.15470993780116)
Puurekisteri_piste.15118,15118,P-43016-10,,KIRJANPUISTO,Puisto,PUISTOLEHMUS,Tilia,x vulgaris,30 - 50 cm,,Helsinki/MAKA,2026-02-27,POINT (24.95548894365046 60.176351926659244)
Puurekisteri_piste.15120,15120,K-7467,ASEMA-AUKIO,,Katu,PUISTOLEHMUS,Tilia,x vulgaris,10 - 20 cm,,Helsinki/MAKA,2026-02-27,POINT (24.93920137287536 60.17068175948651)
Puurekisteri_piste.15123,15123,K-243,KOSKELANTIE,,Katu,PUISTOLEHMUS,Tilia,x vulgaris,20 - 30 cm,,Helsinki/MAKA,2026-02-27,POINT (24.946538882761015 60.2090124299482)
Puurekisteri_piste.15124,15124,K-246,KOSKELANTIE,,Katu,PUISTOLEHMUS,Tilia,x vulgaris,20 - 30 cm,,Helsinki/MAKA,2026-02-27,POINT (24.946746522072647 60.2090861659993)
Puurekisteri_piste.15125,15125,P-53003-10,,TULLISAAREN KARTANO,Puisto,PUISTOLEHMUS,Tilia,x vulgaris,30 - 50 cm,,Helsinki/MAKA,2026-02-27,POINT (25.032324977666377 60.17873034649025)
Puurekisteri_piste.34958,34958,K-49390,KARTANONMETSÄNTIE,,Katu,KOTIPIHLAJA,Sorbus,aucuparia,0 - 10 cm,,Helsinki/MAKA,2026-02-27,POINT (24.85553130003062 60.24921958836947)
Puurekisteri_piste.34961,34961,K-49393,MALMINKARTANONTIE,,Katu,TERVALEPPÄ,Alnus,glutinosa,20 - 30 cm,,Helsinki/MAKA,2026-02-27,POINT (24.846456241572568 60.24387833851171)
Puurekisteri_piste.34962,34962,K-49394,MALMINKARTANONTIE,,Katu,VUORIJALAVA,Ulmus,glabra,10 - 20 cm,,Helsinki/MAKA,2026-02-27,POINT (24.8475017025206 60.24438413419477)
Puurekisteri_piste.34963,34963,K-46349,MARKKINATIE,,Katu,METSÄTAMMI,Quercus,robur,30 - 50 cm,,Helsinki/MAKA,2026-02-27,POINT (25.001896868521 60.250541190675975)
Puurekisteri_piste.34964,34964,K-46350,MARKKINATIE,,Katu,METSÄTAMMI,Quercus,robur,10 - 20 cm,,Helsinki/MAKA,2026-02-27,POINT (25.001660327700993 60.250473931242674)
Puurekisteri_piste.34965,34965,K-48393,KUUSMIEHENKAARI,,Katu,PUISTOLEHMUS,Tilia,x vulgaris,0 - 10 cm,,Helsinki/MAKA,2026-02-27,POINT (24.94676470429415 60.25621274898549)
Puurekisteri_piste.33398,33398,K-46100,KARVIAISRINNE,,Katu,PYLVÄSHAAPA,Populus,tremula,10 - 20 cm,,Helsinki/MAKA,2026-02-27,POINT (25.007187051553508 60.244796033314145)
Puurekisteri_piste.33399,33399,K-46101,KARVIAISRINNE,,Katu,PYLVÄSHAAPA,Populus,tremula,10 - 20 cm,,Helsinki/MAKA,2026-02-27,POINT (25.007208619111196 60.2447589515299)
Puurekisteri_piste.33400,33400,K-46102,KIRKONKYLÄNTIE,,Katu,VUORIJALAVA,Ulmus,glabra,20 - 30 cm,,Helsinki/MAKA,2026-02-27,POINT (25.008022034885474 60.25156164428212)
Puurekisteri_piste.33401,33401,K-46103,KIRKONKYLÄNTIE,,Katu,VUORIJALAVA,Ulmus,glabra,10 - 20 cm,,Helsinki/MAKA,2026-02-27,POINT (25.00792992495306 60.25162462120372)
Puurekisteri_piste.33402,33402,K-34061,KOSKELANTIE,,Katu,PUISTOLEHMUS,Tilia,x vulgaris,50 - 70 cm,,Helsinki/MAKA,2026-02-27,POINT (24.949276312358283 60.209754122291194)
Puurekisteri_piste.33403,33403,K-34069,KOSKELANTIE,,Katu,PUISTOLEHMUS,Tilia,x vulgaris,50 - 70 cm,,Helsinki/MAKA,2026-02-27,POINT (24.949757654292927 60.2099371130893)
Puurekisteri_piste.33404,33404,K-34071,KOSKELANTIE,,Katu,PUISTOLEHMUS,Tilia,x vulgaris,50 - 70 cm,,Helsinki/MAKA,2026-02-27,POINT (24.949875825970857 60.20998241222285)
Puurekisteri_piste.33405,33405,K-34077,KOSKELANTIE,,Katu,PUISTOLEHMUS,Tilia,x vulgaris,30 - 50 cm,,Helsinki/MAKA,2026-02-27,POINT (24.950226916080418 60.210118130270196)
Puurekisteri_piste.15311,15311,P-42003-49,,MYLLYRINNE,Puisto,METSÄVAAHTERA,Acer,platanoides,20 - 30 cm,,Helsinki/MAKA,2026-02-27,POINT (24.95763761945702 60.16001118693661)
Puurekisteri_piste.15312,15312,P-42003-50,,MYLLYRINNE,Puisto,VUORIJALAVA,Ulmus,glabra,30 - 50 cm,,Helsinki/MAKA,2026-02-27,POINT (24.957374729552964 60.15989298218718)
Puurekisteri_piste.15313,15313,P-42003-51,,MYLLYRINNE,Puisto,VUORIJALAVA,Ulmus,glabra,30 - 50 cm,,Helsinki/MAKA,2026-02-27,POINT (24.957468271887493 60.15978074372402)
Puurekisteri_piste.15314,15314,P-32031-164,,SINEBRYCHOFFIN PUISTO,Puisto,METSÄVAAHTERA,Acer,platanoides,20 - 30 cm,,Helsinki/MAKA,2026-02-27,POINT (24.93533727329602 60.16188556812665)
Puurekisteri_piste.15315,15315,P-32031-165,,SINEBRYCHOFFIN PUISTO,Puisto,METSÄVAAHTERA,Acer,platanoides,0 - 10 cm,,Helsinki/MAKA,2026-02-27,POINT (24.935291001334992 60.161882277526495)
Puurekisteri_piste.15316,15316,P-32031-166,,SINEBRYCHOFFIN PUISTO,Puisto,METSÄVAAHTERA,Acer,platanoides,10 - 20 cm,,Helsinki/MAKA,2026-02-27,POINT (24.93485829755814 60.16172001028664)
Puurekisteri_piste.15647,15647,P-53004-445,,STANSVIKINKARTANO,Puisto,METSÄVAAHTERA,Acer,platanoides,50 - 70 cm,,Helsinki/MAKA,2026-02-27,POINT (25.029316712611745 60.16378973843446)
Puurekisteri_piste.15648,15648,P-54037-610,,HERTTONIEMENKARTANO,Puisto,TERVALEPPÄ,Alnus,glutinosa,10 - 20 cm,,Helsinki/MAKA,2026-02-27,POINT (25.044239019011997 60.18901038668311)
Puurekisteri_piste.15649,15649,P-54037-611,,HERTTONIEMENKARTANO,Puisto,TERVALEPPÄ,Alnus,glutinosa,10 - 20 cm,,Helsinki/MAKA,2026-02-27,POINT (25.044253948439874 60.18899367867215)
Puurekisteri_piste.15650,15650,P-42001-535,,TÄHTITORNIN VUORI,Puisto,PUISTOLEHMUS,Tilia,x vulgaris,70 cm -,,Helsinki/MAKA,2026-02-27,POINT (24.95606507927282 60.16125920084538)
Puurekisteri_piste.15652,15652,P-42005-1037,,KAIVOPUISTO,Puisto,JALAVA,Ulmus,sp.,50 - 70 cm,,Helsinki/MAKA,2026-02-27,POINT (24.95705906160346 60.15437823107304)
Puurekisteri_piste.15653,15653,P-42005-1038,,KAIVOPUISTO,Puisto,METSÄTAMMI,Quercus,robur,0 - 10 cm,,Helsinki/MAKA,2026-02-27,POINT (24.95756671898486 60.15408070639775)
Puurekisteri_piste.15654,15654,P-42005-1039,,KAIVOPUISTO,Puisto,METSÄTAMMI,Quercus,robur,10 - 20 cm,,Helsinki/MAKA,2026-02-27,POINT (24.957654586872096 60.15411059310096)
Puurekisteri_piste.15655,15655,P-54037-811,,HERTTONIEMENKARTANO,Puisto,KUJASALAVA,Salix,x rubens,0 - 10 cm,,Helsinki/MAKA,2026-02-27,POINT (25.04627016981875 60.18883944971182)
Puurekisteri_piste.15656,15656,P-54037-812,,HERTTONIEMENKARTANO,Puisto,KUJASALAVA,Salix,x rubens,0 - 10 cm,,Helsinki/MAKA,2026-02-27,POINT (25.046468116284963 60.1888442414894)
Puurekisteri_piste.15657,15657,P-54037-813,,HERTTONIEMENKARTANO,Puisto,KUJASALAVA,Salix,x rubens,0 - 10 cm,,Helsinki/MAKA,2026-02-27,POINT (25.046221704857974 60.18871420464791)
Puurekisteri_piste.15658,15658,P-53003-1829,,TULLISAAREN KARTANO,Puisto,TERVALEPPÄ,Alnus,glutinosa,50 - 70 cm,,Helsinki/MAKA,2026-02-27,POINT (25.037358554906017 60.18004098478837)
Puurekisteri_piste.15661,15661,P-42008-57,,KAIVOPUISTO (USA),Puisto,METSÄVAAHTERA,Acer,platanoides,30 - 50 cm,,Helsinki/MAKA,2026-02-27,POINT (24.96236128333637 60.15734633968619)
Puurekisteri_piste.15663,15663,K-1056,MÄKELÄNKATU,,Katu,PUISTOLEHMUS,Tilia,x vulgaris,20 - 30 cm,,Helsinki/MAKA,2026-02-27,POINT (24.94694920804068 60.19892673298661)
Puurekisteri_piste.15666,15666,P-43001-308,,LAIVASTOPUISTO,Puisto,METSÄVAAHTERA,Acer,platanoides,10 - 20 cm,,Helsinki/MAKA,2026-02-27,POINT (24.97790776366471 60.166742310967976)
Puurekisteri_piste.15667,15667,P-32008-160,,URSININKALLIO,Puisto,LEHMUS,Tilia,sp.,50 - 70 cm,,Helsinki/MAKA,2026-02-27,POINT (24.94841769197571 60.15496378892376)
Puurekisteri_piste.15668,15668,P-34019-246,,ALPPIPUISTO (ETELÄ),Puisto,RAUDUSKOIVU,Betula,pendula,10 - 20 cm,,Helsinki/MAKA,2026-02-27,POINT (24.93858257040481 60.1858395740393)
Puurekisteri_piste.15669,15669,P-34019-247,,ALPPIPUISTO (ETELÄ),Puisto,VUORIMÄNTY,Pinus,mugo,0 - 10 cm,,Helsinki/MAKA,2026-02-27,POINT (24.93775729087985 60.18571049278426)
Puurekisteri_piste.15670,15670,P-34019-248,,ALPPIPUISTO (ETELÄ),Puisto,OMENAPUU,Malus,sp.,0 - 10 cm,,Helsinki/MAKA,2026-02-27,POINT (24.937068302993794 60.18595116684195)
Puurekisteri_piste.15671,15671,P-34019-249,,ALPPIPUISTO (ETELÄ),Puisto,LEHTOSAARNI,Fraxinus,excelsior,0 - 10 cm,,Helsinki/MAKA,2026-02-27,POINT (24.937700130828418 60.18681375390147)
Puurekisteri_piste.15672,15672,P-32008-66,,URSININKALLIO,Puisto,PIHLAJA,Sorbus,sp.,10 - 20 cm,,Helsinki/MAKA,2026-02-27,POINT (24.93906701980067 60.15421248395661)
Puurekisteri_piste.32702,32702,K-46646,VANHA PORVOONTIE,,Katu,METSÄVAAHTERA,Acer,platanoides,10 - 20 cm,,Helsinki/MAKA,2026-02-27,POINT (25.074566443516673 60.27184165301311)
Puurekisteri_piste.32703,32703,K-46647,VANHA PORVOONTIE,,Katu,METSÄVAAHTERA,Acer,platanoides,10 - 20 cm,,Helsinki/MAKA,2026-02-27,POINT (25.074645891189242 60.271906272238326)
Puurekisteri_piste.32705,32705,K-46649,VANHA PORVOONTIE,,Katu,METSÄVAAHTERA,Acer,platanoides,10 - 20 cm,,Helsinki/MAKA,2026-02-27,POINT (25.074766660556307 60.27203546502695)
Puurekisteri_piste.32706,32706,K-46650,VANHA PORVOONTIE,,Katu,METSÄVAAHTERA,Acer,platanoides,10 - 20 cm,,Helsinki/MAKA,2026-02-27,POINT (25.074822268367065 60.27210244535705)
Puurekisteri_piste.32707,32707,K-46651,VANHA PORVOONTIE,,Katu,METSÄVAAHTERA,Acer,platanoides,10 - 20 cm,,Helsinki/MAKA,2026-02-27,POINT (25.074887809569603 60.272168337103466)
Puurekisteri_piste.12559,12559,P-44017-78,,KATRI VALAN PUISTO,Puisto,KUJASALAVA,Salix,x rubens,50 - 70 cm,,Helsinki/MAKA,2026-02-27,POINT (24.96515555737318 60.18607386552352)
Puurekisteri_piste.12560,12560,P-44017-79,,KATRI VALAN PUISTO,Puisto,KUJASALAVA,Salix,x rubens,50 - 70 cm,,Helsinki/MAKA,2026-02-27,POINT (24.96505952210236 60.1859857377721)
Puurekisteri_piste.12561,12561,P-44017-80,,KATRI VALAN PUISTO,Puisto,KUJASALAVA,Salix,x rubens,50 - 70 cm,,Helsinki/MAKA,2026-02-27,POINT (24.965014808047773 60.185939612477796)
Puurekisteri_piste.12563,12563,P-43005-9,,TOVE JANSSONIN PUISTO,Puisto,PUISTOLEHMUS,Tilia,x vulgaris,70 cm -,,Helsinki/MAKA,2026-02-27,POINT (24.960078308761737 60.167824274600704)
Puurekisteri_piste.12565,12565,P-33020-55,,TOKOINRANTA,Puisto,KYNÄJALAVA,Ulmus,laevis,30 - 50 cm,,Helsinki/MAKA,2026-02-27,POINT (24.947026304536944 60.18038330837789)
Puurekisteri_piste.12566,12566,P-33020-56,,TOKOINRANTA,Puisto,LEHTIKUUSI,Larix,sp.,30 - 50 cm,,Helsinki/MAKA,2026-02-27,POINT (24.94713421824671 60.180348603510694)
Puurekisteri_piste.33486,33486,K-35793,HAKANIEMENRANTA,,Katu,PUISTOLEHMUS,Tilia,x vulgaris,20 - 30 cm,,Helsinki/MAKA,2026-02-27,POINT (24.962642604648597 60.1803084445786)
Puurekisteri_piste.33487,33487,K-35795,HAKANIEMENRANTA,,Katu,PUISTOLEHMUS,Tilia,x vulgaris,30 - 50 cm,,Helsinki/MAKA,2026-02-27,POINT (24.962539716684184 60.18030919518971)
Puurekisteri_piste.33247,33247,K-47435,TAPULIKAUPUNGINTIE,,Katu,PUISTOLEHMUS,Tilia,x vulgaris,10 - 20 cm,,Helsinki/MAKA,2026-02-27,POINT (25.01491645893072 60.27926349000907)
Puurekisteri_piste.33248,33248,K-47436,TAPULIKAUPUNGINTIE,,Katu,PUISTOLEHMUS,Tilia,x vulgaris,10 - 20 cm,,Helsinki/MAKA,2026-02-27,POINT (25.01479504711725 60.27927811587725)
Puurekisteri_piste.33250,33250,K-47438,TAPULIKAUPUNGINTIE,,Katu,PUISTOLEHMUS,Tilia,x vulgaris,10 - 20 cm,,Helsinki/MAKA,2026-02-27,POINT (25.01410685578854 60.279358121816436)
Puurekisteri_piste.33251,33251,K-47439,TAPULIKAUPUNGINTIE,,Katu,PUISTOLEHMUS,Tilia,x vulgaris,10 - 20 cm,,Helsinki/MAKA,2026-02-27,POINT (25.013983628743222 60.279370235176415)
Puurekisteri_piste.33252,33252,K-47440,TAPULIKAUPUNGINTIE,,Katu,PUISTOLEHMUS,Tilia,x vulgaris,10 - 20 cm,,Helsinki/MAKA,2026-02-27,POINT (25.013741886245793 60.27939894583872)
Puurekisteri_piste.33253,33253,K-47441,TAPULIKAUPUNGINTIE,,Katu,PUISTOLEHMUS,Tilia,x vulgaris,10 - 20 cm,,Helsinki/MAKA,2026-02-27,POINT (25.013643054117438 60.27940960576196)
Puurekisteri_piste.33254,33254,K-47442,TAPULIKAUPUNGINTIE,,Katu,PUISTOLEHMUS,Tilia,x vulgaris,10 - 20 cm,,Helsinki/MAKA,2026-02-27,POINT (25.013357225783878 60.27944337266773)
Puurekisteri_piste.33255,33255,K-47443,TAPULIKAUPUNGINTIE,,Katu,PUISTOLEHMUS,Tilia,x vulgaris,10 - 20 cm,,Helsinki/MAKA,2026-02-27,POINT (25.01323346176728 60.27945754999842)
Puurekisteri_piste.33256,33256,K-47444,TAPULIKAUPUNGINTIE,,Katu,PUISTOLEHMUS,Tilia,x vulgaris,10 - 20 cm,,Helsinki/MAKA,2026-02-27,POINT (25.013116746839835 60.2794719018144)
Puurekisteri_piste.33257,33257,K-47445,TAPULIKAUPUNGINTIE,,Katu,PUISTOLEHMUS,Tilia,x vulgaris,10 - 20 cm,,Helsinki/MAKA,2026-02-27,POINT (25.01298395012701 60.2794876109794)
Puurekisteri_piste.33258,33258,K-47446,TAPULIKAUPUNGINTIE,,Katu,PUISTOLEHMUS,Tilia,x vulgaris,10 - 20 cm,,Helsinki/MAKA,2026-02-27,POINT (25.012858915824612 60.279500083552115)
Puurekisteri_piste.33259,33259,K-47447,TAPULIKAUPUNGINTIE,,Katu,PUISTOLEHMUS,Tilia,x vulgaris,10 - 20 cm,,Helsinki/MAKA,2026-02-27,POINT (25.0127418360836 60.27951335826358)
Puurekisteri_piste.33260,33260,K-47448,TAPULIKAUPUNGINTIE,,Katu,PUISTOLEHMUS,Tilia,x vulgaris,10 - 20 cm,,Helsinki/MAKA,2026-02-27,POINT (25.012611573848755 60.279530680830455)
Puurekisteri_piste.33261,33261,K-48299,YRTTIMAANTIE,,Katu,PYLVÄSHAAPA,Populus,tremula,10 - 20 cm,,Helsinki/MAKA,2026-02-27,POINT (25.009530382982575 60.26886871807431)
Puurekisteri_piste.33262,33262,K-34603,PALKKATILANKATU,,Katu,RAUDUSKOIVU,Betula,pendula,20 - 30 cm,,Helsinki/MAKA,2026-02-27,POINT (24.923882961226823 60.19579055816924)
Puurekisteri_piste.33263,33263,K-34605,PALKKATILANKATU,,Katu,RAUDUSKOIVU,Betula,pendula,20 - 30 cm,,Helsinki/MAKA,2026-02-27,POINT (24.923871417190163 60.19572611584779)
Puurekisteri_piste.33264,33264,K-34607,PALKKATILANKATU,,Katu,RAUDUSKOIVU,Betula,pendula,20 - 30 cm,,Helsinki/MAKA,2026-02-27,POINT (24.92390026592332 60.19577305591364)
Puurekisteri_piste.33267,33267,K-46727,PUISTOLANTIE,,Katu,METSÄVAAHTERA,Acer,platanoides,10 - 20 cm,,Helsinki/MAKA,2026-02-27,POINT (25.061091595450282 60.26924084499478)
Puurekisteri_piste.33268,33268,K-46728,PUISTOLANTIE,,Katu,METSÄVAAHTERA,Acer,platanoides,10 - 20 cm,,Helsinki/MAKA,2026-02-27,POINT (25.061293490666685 60.26938486309619)
Puurekisteri_piste.33269,33269,K-46729,PUISTOLANTIE,,Katu,METSÄVAAHTERA,Acer,platanoides,10 - 20 cm,,Helsinki/MAKA,2026-02-27,POINT (25.061454031715243 60.26949149808157)
Puurekisteri_piste.33271,33271,K-46731,PUISTOLANTIE,,Katu,METSÄVAAHTERA,Acer,platanoides,10 - 20 cm,,Helsinki/MAKA,2026-02-27,POINT (25.061742182312923 60.26969304491854)
Puurekisteri_piste.33272,33272,K-46732,PUISTOLANTIE,,Katu,METSÄVAAHTERA,Acer,platanoides,0 - 10 cm,,Helsinki/MAKA,2026-02-27,POINT (25.061826960427613 60.269743844304365)
Puurekisteri_piste.33273,33273,K-47152,PEKANRAITTI,,Katu,PUISTOLEHMUS,Tilia,x vulgaris,10 - 20 cm,,Helsinki/MAKA,2026-02-27,POINT (25.012748070378276 60.250153378430795)
Puurekisteri_piste.33274,33274,K-47153,PEKANRAITTI,,Katu,PUISTOLEHMUS,Tilia,x vulgaris,10 - 20 cm,,Helsinki/MAKA,2026-02-27,POINT (25.012586603884326 60.250077200875)
Puurekisteri_piste.33275,33275,K-47154,PEKANRAITTI,,Katu,PUISTOLEHMUS,Tilia,x vulgaris,0 - 10 cm,,Helsinki/MAKA,2026-02-27,POINT (25.012524746122626 60.250040983758666)
Puurekisteri_piste.33276,33276,K-47155,PEKANRAITTI,,Katu,PUISTOLEHMUS,Tilia,x vulgaris,0 - 10 cm,,Helsinki/MAKA,2026-02-27,POINT (25.012444995934295 60.24999912459553)
Puurekisteri_piste.33277,33277,K-47156,PEKANRAITTI,,Katu,PUISTOLEHMUS,Tilia,x vulgaris,10 - 20 cm,,Helsinki/MAKA,2026-02-27,POINT (25.012373381770757 60.249960849848534)
Puurekisteri_piste.33279,33279,K-47158,PEKANRAITTI,,Katu,MAKEDONIANMÄNTY,Pinus,peuce,10 - 20 cm,,Helsinki/MAKA,2026-02-27,POINT (25.012560480603295 60.24984081140172)
Puurekisteri_piste.33658,33658,K-36288,SÄÄSTÖPANKINRANTA,,Katu,PUISTOLEHMUS,Tilia,x vulgaris,30 - 50 cm,1972,Helsinki/MAKA,2026-02-27,POINT (24.94695713489995 60.17912667187657)
Puurekisteri_piste.33659,33659,K-36290,SÄÄSTÖPANKINRANTA,,Katu,PUISTOLEHMUS,Tilia,x vulgaris,30 - 50 cm,1972,Helsinki/MAKA,2026-02-27,POINT (24.947080038462595 60.17914890617521)
Puurekisteri_piste.33660,33660,K-36292,SÄÄSTÖPANKINRANTA,,Katu,PUISTOLEHMUS,Tilia,x vulgaris,30 - 50 cm,1972,Helsinki/MAKA,2026-02-27,POINT (24.945021555171813 60.17858672843669)
Puurekisteri_piste.30696,30696,K-45918,TAPANINVAINIONTIE,,Katu,METSÄVAAHTERA,Acer,platanoides,10 - 20 cm,,Helsinki/MAKA,2026-02-27,POINT (24.987039023471088 60.257942698264344)
Puurekisteri_piste.30697,30697,K-45919,TAPANINVAINIONTIE,,Katu,METSÄVAAHTERA,Acer,platanoides,20 - 30 cm,,Helsinki/MAKA,2026-02-27,POINT (24.987165370695134 60.2580789685606)
Puurekisteri_piste.30698,30698,K-45920,TAPANINVAINIONTIE,,Katu,METSÄVAAHTERA,Acer,platanoides,10 - 20 cm,,Helsinki/MAKA,2026-02-27,POINT (24.987239752427605 60.25815172027949)
Puurekisteri_piste.30699,30699,K-45921,TAPANINVAINIONTIE,,Katu,METSÄVAAHTERA,Acer,platanoides,10 - 20 cm,,Helsinki/MAKA,2026-02-27,POINT (24.987299317366837 60.258221338072815)
Puurekisteri_piste.30701,30701,K-45923,TAPANINVAINIONTIE,,Katu,METSÄVAAHTERA,Acer,platanoides,10 - 20 cm,,Helsinki/MAKA,2026-02-27,POINT (24.98743488253686 60.25835966778236)
Puurekisteri_piste.30703,30703,K-45925,TAPANINVAINIONTIE,,Katu,METSÄVAAHTERA,Acer,platanoides,10 - 20 cm,,Helsinki/MAKA,2026-02-27,POINT (24.98756068637699 60.2584936044097)
Puurekisteri_piste.30704,30704,K-45926,TAPANINVAINIONTIE,,Katu,METSÄVAAHTERA,Acer,platanoides,20 - 30 cm,,Helsinki/MAKA,2026-02-27,POINT (24.98763289166241 60.25856106162661)
Puurekisteri_piste.30705,30705,K-45927,TAPANINVAINIONTIE,,Katu,METSÄVAAHTERA,Acer,platanoides,10 - 20 cm,,Helsinki/MAKA,2026-02-27,POINT (24.987700774810936 60.25863462413234)
Puurekisteri_piste.30706,30706,K-45928,TAPANINVAINIONTIE,,Katu,PUISTOLEHMUS,Tilia,x vulgaris,10 - 20 cm,,Helsinki/MAKA,2026-02-27,POINT (24.98834617093334 60.259265074776174)
Puurekisteri_piste.30707,30707,K-45929,TAPANINVAINIONTIE,,Katu,PUISTOLEHMUS,Tilia,x vulgaris,10 - 20 cm,,Helsinki/MAKA,2026-02-27,POINT (24.988390307424396 60.259296106518235)
Puurekisteri_piste.30708,30708,K-45930,TAPANINVAINIONTIE,,Katu,PUISTOLEHMUS,Tilia,x vulgaris,10 - 20 cm,,Helsinki/MAKA,2026-02-27,POINT (24.98842975443206 60.25933037170635)
Puurekisteri_piste.30709,30709,K-45772,MALMIN KAUPPATIE,,Katu,PUISTOLEHMUS,Tilia,x vulgaris,10 - 20 cm,,Helsinki/MAKA,2026-02-27,POINT (25.00820925764133 60.2503285939069)
Puurekisteri_piste.30710,30710,K-45773,MALMIN KAUPPATIE,,Katu,PUISTOLEHMUS,Tilia,x vulgaris,10 - 20 cm,,Helsinki/MAKA,2026-02-27,POINT (25.00830241497607 60.250388845985704)
Puurekisteri_piste.30712,30712,K-45775,MALMIN KAUPPATIE,,Katu,PUISTOLEHMUS,Tilia,x vulgaris,10 - 20 cm,,Helsinki/MAKA,2026-02-27,POINT (25.012111528654238 60.25247885125091)
Puurekisteri_piste.15184,15184,P-53003-1866,,TULLISAAREN KARTANO,Puisto,METSÄMÄNTY,Pinus,sylvestris,30 - 50 cm,,Helsinki/MAKA,2026-02-27,POINT (25.023373387666286 60.177535647697134)
Puurekisteri_piste.15185,15185,K-8185,ULVILANTIE,,Katu,ORAPIHLAJA,Crataegus,sp.,0 - 10 cm,,Helsinki/MAKA,2026-02-27,POINT (24.872055404024227 60.20382168197288)
Puurekisteri_piste.15186,15186,K-8186,ULVILANTIE,,Katu,ORAPIHLAJA,Crataegus,sp.,0 - 10 cm,,Helsinki/MAKA,2026-02-27,POINT (24.872124461483896 60.20382502808686)
Puurekisteri_piste.15187,15187,K-8187,ULVILANTIE,,Katu,ORAPIHLAJA,Crataegus,sp.,10 - 20 cm,,Helsinki/MAKA,2026-02-27,POINT (24.87219135194781 60.20383052744827)
Puurekisteri_piste.15189,15189,K-7075,SELKÄMERENKATU,,Katu,PUISTOLEHMUS,Tilia,x vulgaris,10 - 20 cm,,Helsinki/MAKA,2026-02-27,POINT (24.915981131503987 60.161068249242724)
Puurekisteri_piste.15191,15191,K-7077,SELKÄMERENKATU,,Katu,PUISTOLEHMUS,Tilia,x vulgaris,10 - 20 cm,,Helsinki/MAKA,2026-02-27,POINT (24.91581684954176 60.16137295623409)
Puurekisteri_piste.15192,15192,P-53003-694,,TULLISAAREN KARTANO,Puisto,METSÄTAMMI,Quercus,robur,30 - 50 cm,,Helsinki/MAKA,2026-02-27,POINT (25.03165635978505 60.1805297797148)
Puurekisteri_piste.15193,15193,P-53003-695,,TULLISAAREN KARTANO,Puisto,METSÄTAMMI,Quercus,robur,30 - 50 cm,,Helsinki/MAKA,2026-02-27,POINT (25.03159854866286 60.18046941519557)
Puurekisteri_piste.15197,15197,P-54037-41,,HERTTONIEMENKARTANO,Puisto,METSÄVAAHTERA,Acer,platanoides,50 - 70 cm,,Helsinki/MAKA,2026-02-27,POINT (25.04092964339443 60.18926009589806)
Puurekisteri_piste.15198,15198,P-54037-42,,HERTTONIEMENKARTANO,Puisto,VAAHTERA,Acer,sp.,50 - 70 cm,,Helsinki/MAKA,2026-02-27,POINT (25.04098157416407 60.1891571925163)
Puurekisteri_piste.15200,15200,P-53003-573,,TULLISAAREN KARTANO,Puisto,METSÄTAMMI,Quercus,robur,30 - 50 cm,,Helsinki/MAKA,2026-02-27,POINT (25.031770366303267 60.17980968328554)
Puurekisteri_piste.15202,15202,P-34019-8,,ALPPIPUISTO (ETELÄ),Puisto,OMENAPUU,Malus,sp.,10 - 20 cm,,Helsinki/MAKA,2026-02-27,POINT (24.942440039748092 60.18737953903902)
Puurekisteri_piste.14200,14200,P-43002-70,,MERIKASARMINPUISTO,Puisto,METSÄTAMMI,Quercus,robur,20 - 30 cm,,Helsinki/MAKA,2026-02-27,POINT (24.9743392873015 60.16742450017069)
Puurekisteri_piste.14201,14201,P-43002-71,,MERIKASARMINPUISTO,Puisto,METSÄTAMMI,Quercus,robur,10 - 20 cm,,Helsinki/MAKA,2026-02-27,POINT (24.97443660587806 60.16745068659899)
Puurekisteri_piste.14202,14202,P-43002-72,,MERIKASARMINPUISTO,Puisto,METSÄTAMMI,Quercus,robur,10 - 20 cm,,Helsinki/MAKA,2026-02-27,POINT (24.974588439350114 60.16748971511431)
Puurekisteri_piste.34430,34430,K-48054,SUUTARILANTIE,,Katu,RAUDUSKOIVU,Betula,pendula,70 cm -,,Helsinki/MAKA,2026-02-27,POINT (24.992425809566868 60.27232849787211)
Puurekisteri_piste.34432,34432,K-48056,SUUTARILANTIE,,Katu,RAUDUSKOIVU,Betula,pendula,10 - 20 cm,,Helsinki/MAKA,2026-02-27,POINT (24.992570735780458 60.27241431213001)
Puurekisteri_piste.32960,32960,K-37754,PELLERVONTIE,,Katu,PUISTOLEHMUS,Tilia,x vulgaris,70 cm -,,Helsinki/MAKA,2026-02-27,POINT (24.949729232700445 60.21388902188434)
Puurekisteri_piste.34967,34967,K-48395,KUUSMIEHENKAARI,,Katu,PUISTOLEHMUS,Tilia,x vulgaris,0 - 10 cm,,Helsinki/MAKA,2026-02-27,POINT (24.946524735597073 60.25628737996301)
Puurekisteri_piste.34968,34968,K-48396,KUUSMIEHENKAARI,,Katu,PUISTOLEHMUS,Tilia,x vulgaris,0 - 10 cm,,Helsinki/MAKA,2026-02-27,POINT (24.946389488502877 60.25632348659175)
Puurekisteri_piste.34969,34969,K-48397,KUUSMIEHENKAARI,,Katu,PUISTOLEHMUS,Tilia,x vulgaris,0 - 10 cm,,Helsinki/MAKA,2026-02-27,POINT (24.9462732039385 60.2563582431399)
Puurekisteri_piste.34970,34970,K-48398,KUUSMIEHENKAARI,,Katu,PUISTOLEHMUS,Tilia,x vulgaris,0 - 10 cm,,Helsinki/MAKA,2026-02-27,POINT (24.946150061014826 60.25639946305818)
Puurekisteri_piste.34971,34971,K-48399,KUUSMIEHENKAARI,,Katu,PUISTOLEHMUS,Tilia,x vulgaris,10 - 20 cm,,Helsinki/MAKA,2026-02-27,POINT (24.946035941567864 60.25643206494235)
Puurekisteri_piste.34972,34972,K-48400,KUUSMIEHENKAARI,,Katu,PUISTOLEHMUS,Tilia,x vulgaris,0 - 10 cm,,Helsinki/MAKA,2026-02-27,POINT (24.945899796653762 60.25647642843448)
Puurekisteri_piste.12036,12036,P-24032-106,,MUNKKINIEMEN PUISTOTIE PUISTOKAISTAT,Puisto,ISOLEHTILEHMUS,Tilia,platyphyllos,30 - 50 cm,,Helsinki/MAKA,2026-02-27,POINT (24.880165569020782 60.19742241645663)
Puurekisteri_piste.12037,12037,P-53004-429,,STANSVIKINKARTANO,Puisto,VALKOKUUSI,Picea,glauca,0 - 10 cm,,Helsinki/MAKA,2026-02-27,POINT (25.030247634023535 60.16359072749473)
Puurekisteri_piste.12038,12038,P-53004-430,,STANSVIKINKARTANO,Puisto,RAUDUSKOIVU,Betula,pendula,0 - 10 cm,,Helsinki/MAKA,2026-02-27,POINT (25.030363789145436 60.163551301349436)
Puurekisteri_piste.12039,12039,P-53003-426,,TULLISAAREN KARTANO,Puisto,DOUGLASKUUSI,Pseudotsuga,menziesii,50 - 70 cm,,Helsinki/MAKA,2026-02-27,POINT (25.027973654126743 60.17804264412491)
Puurekisteri_piste.12040,12040,P-53003-427,,TULLISAAREN KARTANO,Puisto,METSÄVAAHTERA,Acer,platanoides,0 - 10 cm,,Helsinki/MAKA,2026-02-27,POINT (25.0280545643168 60.17800709908942)
Puurekisteri_piste.12041,12041,P-42001-321,,TÄHTITORNIN VUORI,Puisto,METSÄVAAHTERA,Acer,platanoides,70 cm -,,Helsinki/MAKA,2026-02-27,POINT (24.953307640558073 60.1626579778131)
Puurekisteri_piste.12042,12042,P-33004-6,,LÖNNROTIN PUISTIKKO,Puisto,PUISTOLEHMUS,Tilia,x vulgaris,50 - 70 cm,,Helsinki/MAKA,2026-02-27,POINT (24.93894212865384 60.166911455595205)
Puurekisteri_piste.12043,12043,P-33004-7,,LÖNNROTIN PUISTIKKO,Puisto,PUISTOLEHMUS,Tilia,x vulgaris,50 - 70 cm,,Helsinki/MAKA,2026-02-27,POINT (24.938850244508494 60.16688065955627)
Puurekisteri_piste.13365,13365,P-42001-339,,TÄHTITORNIN VUORI,Puisto,VUORIJALAVA,Ulmus,glabra,50 - 70 cm,,Helsinki/MAKA,2026-02-27,POINT (24.953505696426788 60.162441055804834)
Puurekisteri_piste.13366,13366,P-42001-6,,TÄHTITORNIN VUORI,Puisto,VUORIJALAVA,Ulmus,glabra,30 - 50 cm,,Helsinki/MAKA,2026-02-27,POINT (24.94994693507393 60.16231075419267)
Puurekisteri_piste.13367,13367,P-42001-7,,TÄHTITORNIN VUORI,Puisto,PUISTOLEHMUS,Tilia,x vulgaris,70 cm -,,Helsinki/MAKA,2026-02-27,POINT (24.950160929203463 60.162214060138155)
Puurekisteri_piste.13368,13368,P-42001-8,,TÄHTITORNIN VUORI,Puisto,METSÄVAAHTERA,Acer,platanoides,70 cm -,,Helsinki/MAKA,2026-02-27,POINT (24.950246304438068 60.162185162004796)
Puurekisteri_piste.14227,14227,K-5725,KAISANIEMENRANTA,,Katu,PUISTOLEHMUS,Tilia,x vulgaris,50 - 70 cm,,Helsinki/MAKA,2026-02-27,POINT (24.94890014999272 60.17587846201844)
Puurekisteri_piste.14228,14228,K-5778,,,Katu,PUISTOLEHMUS,Tilia,x vulgaris,30 - 50 cm,,Helsinki/MAKA,2026-02-27,POINT (24.941817895215298 60.17741259019362)
Puurekisteri_piste.14229,14229,K-5785,,,Katu,PUISTOLEHMUS,Tilia,x vulgaris,30 - 50 cm,,Helsinki/MAKA,2026-02-27,POINT (24.94104695751994 60.17775152965354)
Puurekisteri_piste.14234,14234,P-54037-312,,HERTTONIEMENKARTANO,Puisto,TERVALEPPÄ,Alnus,glutinosa,10 - 20 cm,,Helsinki/MAKA,2026-02-27,POINT (25.04266957972424 60.18885455443969)
Puurekisteri_piste.14236,14236,K-8160,VANHA TURUN MAANTIE,,Katu,METSÄVAAHTERA,Acer,platanoides,70 cm -,,Helsinki/MAKA,2026-02-27,POINT (24.892741599238658 60.209213975508476)
Puurekisteri_piste.14239,14239,P-53004-114,,STANSVIKINKARTANO,Puisto,METSÄLEHMUS,Tilia,cordata,0 - 10 cm,,Helsinki/MAKA,2026-02-27,POINT (25.031023642214386 60.16410476478518)
Puurekisteri_piste.14240,14240,P-53004-115,,STANSVIKINKARTANO,Puisto,METSÄVAAHTERA,Acer,platanoides,0 - 10 cm,,Helsinki/MAKA,2026-02-27,POINT (25.030869324640502 60.16410244928551)
Puurekisteri_piste.14241,14241,P-53004-116,,STANSVIKINKARTANO,Puisto,METSÄVAAHTERA,Acer,platanoides,30 - 50 cm,,Helsinki/MAKA,2026-02-27,POINT (25.03085317483107 60.16394383955513)
Puurekisteri_piste.14242,14242,P-53004-117,,STANSVIKINKARTANO,Puisto,LAAKERIPOPPELI,Populus,laurifolia,10 - 20 cm,,Helsinki/MAKA,2026-02-27,POINT (25.03086475358455 60.163913742750154)
Puurekisteri_piste.31822,31822,K-45262,PIHLAJAMÄENTIE,,Katu,VUORIJALAVA,Ulmus,glabra,0 - 10 cm,,Helsinki/MAKA,2026-02-27,POINT (25.009063165935267 60.22633127390904)
Puurekisteri_piste.31823,31823,K-45263,PIHLAJAMÄENTIE,,Katu,VUORIJALAVA,Ulmus,glabra,0 - 10 cm,,Helsinki/MAKA,2026-02-27,POINT (25.009139137591042 60.226400063525304)
Puurekisteri_piste.31825,31825,K-46126,KIRKONKYLÄNTIE,,Katu,POPPELI/HAAPA,Populus,sp.,30 - 50 cm,,Helsinki/MAKA,2026-02-27,POINT (25.003185662693717 60.25327604464275)
Puurekisteri_piste.33974,33974,K-34041,KOSKELANTIE,,Katu,PUISTOLEHMUS,Tilia,x vulgaris,50 - 70 cm,,Helsinki/MAKA,2026-02-27,POINT (24.94990297704569 60.21009244312092)
Puurekisteri_piste.32708,32708,K-45397,SAVELANTIE,,Katu,PUISTOLEHMUS,Tilia,x vulgaris,20 - 30 cm,,Helsinki/MAKA,2026-02-27,POINT (24.994193338068737 60.24001019295704)
Puurekisteri_piste.32709,32709,K-45398,SAVELANTIE,,Katu,PUISTOLEHMUS,Tilia,x vulgaris,20 - 30 cm,,Helsinki/MAKA,2026-02-27,POINT (24.994070446627255 60.23994815232397)
Puurekisteri_piste.12307,12307,P-53004-87,,STANSVIKINKARTANO,Puisto,METSÄTAMMI,Quercus,robur,70 cm -,,Helsinki/MAKA,2026-02-27,POINT (25.02879601800285 60.16507756629773)
Puurekisteri_piste.12309,12309,P-53004-89,,STANSVIKINKARTANO,Puisto,METSÄTAMMI,Quercus,robur,70 cm -,,Helsinki/MAKA,2026-02-27,POINT (25.02852155330759 60.16516472442607)
Puurekisteri_piste.12310,12310,P-24032-126,,MUNKKINIEMEN PUISTOTIE PUISTOKAISTAT,Puisto,PUISTOLEHMUS,Tilia,x vulgaris,30 - 50 cm,,Helsinki/MAKA,2026-02-27,POINT (24.880695461807548 60.197216974648875)
Puurekisteri_piste.12311,12311,P-24032-127,,MUNKKINIEMEN PUISTOTIE PUISTOKAISTAT,Puisto,PUISTOLEHMUS,Tilia,x vulgaris,30 - 50 cm,,Helsinki/MAKA,2026-02-27,POINT (24.88062066004996 60.19722916209792)
Puurekisteri_piste.33226,33226,K-46536,VILPPULANTIE,,Katu,PUISTOLEHMUS,Tilia,x vulgaris,20 - 30 cm,,Helsinki/MAKA,2026-02-27,POINT (25.021235980195797 60.250391166601766)
Puurekisteri_piste.33227,33227,K-46537,VILPPULANTIE,,Katu,PUISTOLEHMUS,Tilia,x vulgaris,20 - 30 cm,,Helsinki/MAKA,2026-02-27,POINT (25.021490108098796 60.25046869934694)
Puurekisteri_piste.33228,33228,K-46538,VILPPULANTIE,,Katu,PUISTOLEHMUS,Tilia,x vulgaris,20 - 30 cm,,Helsinki/MAKA,2026-02-27,POINT (25.021608845301913 60.25050074044421)
Puurekisteri_piste.33229,33229,K-46539,YLÄ-MALMIN TORI,,Katu,PUISTOLEHMUS,Tilia,x vulgaris,20 - 30 cm,,Helsinki/MAKA,2026-02-27,POINT (25.009548639683008 60.252081014680094)
Puurekisteri_piste.33231,33231,K-46541,YLÄ-MALMIN TORI,,Katu,PUISTOLEHMUS,Tilia,x vulgaris,10 - 20 cm,,Helsinki/MAKA,2026-02-27,POINT (25.009331077017553 60.25216346298269)
Puurekisteri_piste.33232,33232,K-46542,YLÄ-MALMIN TORI,,Katu,PUISTOLEHMUS,Tilia,x vulgaris,10 - 20 cm,,Helsinki/MAKA,2026-02-27,POINT (25.009221570392512 60.252203745085275)
Puurekisteri_piste.33233,33233,K-46543,YLÄ-MALMIN TORI,,Katu,PUISTOLEHMUS,Tilia,x vulgaris,10 - 20 cm,,Helsinki/MAKA,2026-02-27,POINT (25.00912759627848 60.252244914264665)
Puurekisteri_piste.15147,15147,K-9174,MÄKELÄNKATU,,Katu,METSÄVAAHTERA,Acer,platanoides,30 - 50 cm,,Helsinki/MAKA,2026-02-27,POINT (24.94503837982423 60.20948894276687)
Puurekisteri_piste.15148,15148,P-43002-45,,MERIKASARMINPUISTO,Puisto,METSÄTAMMI,Quercus,robur,20 - 30 cm,,Helsinki/MAKA,2026-02-27,POINT (24.971651164950774 60.16679132440603)
Puurekisteri_piste.15149,15149,P-43002-46,,MERIKASARMINPUISTO,Puisto,METSÄTAMMI,Quercus,robur,20 - 30 cm,,Helsinki/MAKA,2026-02-27,POINT (24.97157072679425 60.16676935861076)
Puurekisteri_piste.15150,15150,P-43002-47,,MERIKASARMINPUISTO,Puisto,METSÄTAMMI,Quercus,robur,30 - 50 cm,,Helsinki/MAKA,2026-02-27,POINT (24.971713842854353 60.16674202743842)
Puurekisteri_piste.15151,15151,P-32008-94,,URSININKALLIO,Puisto,METSÄVAAHTERA,Acer,platanoides,30 - 50 cm,,Helsinki/MAKA,2026-02-27,POINT (24.940579247212394 60.15399268954627)
Puurekisteri_piste.26474,26474,K-39372,KALKKIHIEKANTIE,,Katu,VUORIJALAVA,Ulmus,glabra,10 - 20 cm,,Helsinki/MAKA,2026-02-27,POINT (25.141735364437956 60.20039783250112)
Puurekisteri_piste.12016,12016,P-34020-184,,ALPPIPUISTO,Puisto,RAUDUSKOIVU,Betula,pendula,50 - 70 cm,,Helsinki/MAKA,2026-02-27,POINT (24.93535957644841 60.19019553626578)
Puurekisteri_piste.12017,12017,P-34020-185,,ALPPIPUISTO,Puisto,RAUDUSKOIVU,Betula,pendula,50 - 70 cm,,Helsinki/MAKA,2026-02-27,POINT (24.935308916485056 60.190248578174305)
Puurekisteri_piste.12018,12018,P-34020-186,,ALPPIPUISTO,Puisto,METSÄTAMMI,Quercus,robur,20 - 30 cm,,Helsinki/MAKA,2026-02-27,POINT (24.93529865113633 60.190289545264775)
Puurekisteri_piste.12019,12019,P-34020-187,,ALPPIPUISTO,Puisto,TUOMI,Prunus,padus,20 - 30 cm,,Helsinki/MAKA,2026-02-27,POINT (24.93526033388578 60.19009037796799)
Puurekisteri_piste.12023,12023,K-7883,VATTUNIEMENKATU,,Katu,PUISTOLEHMUS,Tilia,x vulgaris,20 - 30 cm,,Helsinki/MAKA,2026-02-27,POINT (24.885402807332028 60.15197845584769)
Puurekisteri_piste.12025,12025,K-9276,MÄKELÄNKATU,,Katu,METSÄVAAHTERA,Acer,platanoides,30 - 50 cm,,Helsinki/MAKA,2026-02-27,POINT (24.943539883724444 60.21290501974336)
Puurekisteri_piste.12026,12026,K-9277,MÄKELÄNKATU,,Katu,METSÄVAAHTERA,Acer,platanoides,30 - 50 cm,,Helsinki/MAKA,2026-02-27,POINT (24.94338263780927 60.21295737264289)
Puurekisteri_piste.12027,12027,K-805,RADANRAKENTAJANTIE,,Katu,VUORIJALAVA,Ulmus,glabra,10 - 20 cm,,Helsinki/MAKA,2026-02-27,POINT (24.94066281061435 60.200192809484264)
Puurekisteri_piste.12028,12028,P-42005-924,,KAIVOPUISTO,Puisto,METSÄVAAHTERA,Acer,platanoides,10 - 20 cm,,Helsinki/MAKA,2026-02-27,POINT (24.953388629977066 60.157674920309816)
Puurekisteri_piste.12030,12030,P-42005-926,,KAIVOPUISTO,Puisto,TERVALEPPÄ,Alnus,glutinosa,10 - 20 cm,,Helsinki/MAKA,2026-02-27,POINT (24.953533592861415 60.15777753270048)
Puurekisteri_piste.12031,12031,P-42005-927,,KAIVOPUISTO,Puisto,TERVALEPPÄ,Alnus,glutinosa,10 - 20 cm,,Helsinki/MAKA,2026-02-27,POINT (24.953601087855898 60.157824535054885)
Puurekisteri_piste.12032,12032,P-42005-928,,KAIVOPUISTO,Puisto,METSÄVAAHTERA,Acer,platanoides,10 - 20 cm,,Helsinki/MAKA,2026-02-27,POINT (24.953702593614857 60.157895951686484)
Puurekisteri_piste.12034,12034,P-42005-930,,KAIVOPUISTO,Puisto,METSÄVAAHTERA,Acer,platanoides,10 - 20 cm,,Helsinki/MAKA,2026-02-27,POINT (24.953807878590744 60.15797008054849)
Puurekisteri_piste.12067,12067,P-53003-1119,,TULLISAAREN KARTANO,Puisto,METSÄMÄNTY,Pinus,sylvestris,30 - 50 cm,,Helsinki/MAKA,2026-02-27,POINT (25.032468046850664 60.18122296198839)
Puurekisteri_piste.12068,12068,P-53003-1120,,TULLISAAREN KARTANO,Puisto,METSÄMÄNTY,Pinus,sylvestris,20 - 30 cm,,Helsinki/MAKA,2026-02-27,POINT (25.032410683258433 60.18118903876151)
Puurekisteri_piste.12070,12070,P-54037-593,,HERTTONIEMENKARTANO,Puisto,TERVALEPPÄ,Alnus,glutinosa,30 - 50 cm,,Helsinki/MAKA,2026-02-27,POINT (25.04520963108462 60.18957629025932)
Puurekisteri_piste.12071,12071,K-7606,MANNERHEIMINTIE,,Katu,PUISTOLEHMUS,Tilia,x vulgaris,10 - 20 cm,,Helsinki/MAKA,2026-02-27,POINT (24.942612491275273 60.1672201694952)
Puurekisteri_piste.34633,34633,K-50170,RAMSAYNRANTA,,Katu,RAUDUSKOIVU,Betula,pendula,20 - 30 cm,,Helsinki/MAKA,2026-02-27,POINT (24.87656008116709 60.189072991943995)
Puurekisteri_piste.34634,34634,K-50171,RAMSAYNRANTA,,Katu,RAUDUSKOIVU,Betula,pendula,10 - 20 cm,,Helsinki/MAKA,2026-02-27,POINT (24.87652120679057 60.1890303463405)
Puurekisteri_piste.34635,34635,K-50172,RAMSAYNRANTA,,Katu,RAUDUSKOIVU,Betula,pendula,20 - 30 cm,,Helsinki/MAKA,2026-02-27,POINT (24.876371749959368 60.188925465050254)
Puurekisteri_piste.12864,12864,P-53003-715,,TULLISAAREN KARTANO,Puisto,DOUGLASKUUSI,Pseudotsuga,menziesii,30 - 50 cm,,Helsinki/MAKA,2026-02-27,POINT (25.030629441967243 60.18043205092081)
Puurekisteri_piste.12866,12866,P-32031-49,,SINEBRYCHOFFIN PUISTO,Puisto,SAARNIVAAHTERA,Acer,negundo,10 - 20 cm,,Helsinki/MAKA,2026-02-27,POINT (24.9330354487868 60.16133154567591)
Puurekisteri_piste.12869,12869,P-33054-107,,HESPERIAN ESPLANADI,Puisto,VUORIJALAVA,Ulmus,glabra,70 cm -,,Helsinki/MAKA,2026-02-27,POINT (24.918835080474057 60.176685007127325)
Puurekisteri_piste.12872,12872,P-33030-82,,HESPERIANPUISTO,Puisto,LEHTIKUUSI,Larix,sp.,50 - 70 cm,,Helsinki/MAKA,2026-02-27,POINT (24.930356389896097 60.1793514858882)
Puurekisteri_piste.12873,12873,P-44007-6,,TORKKELINPUISTIKKO,Puisto,PUISTOLEHMUS,Tilia,x vulgaris,30 - 50 cm,,Helsinki/MAKA,2026-02-27,POINT (24.955568621809284 60.185464423808696)
Puurekisteri_piste.12874,12874,P-44007-7,,TORKKELINPUISTIKKO,Puisto,PUISTOLEHMUS,Tilia,x vulgaris,20 - 30 cm,,Helsinki/MAKA,2026-02-27,POINT (24.95546784713773 60.18538809468972)
Puurekisteri_piste.12875,12875,P-44007-8,,TORKKELINPUISTIKKO,Puisto,PUISTOLEHMUS,Tilia,x vulgaris,30 - 50 cm,,Helsinki/MAKA,2026-02-27,POINT (24.955361829550423 60.18531438047572)
Puurekisteri_piste.12876,12876,P-44007-9,,TORKKELINPUISTIKKO,Puisto,PUISTOLEHMUS,Tilia,x vulgaris,20 - 30 cm,,Helsinki/MAKA,2026-02-27,POINT (24.955268401192495 60.18524118704873)
Puurekisteri_piste.12877,12877,P-44007-10,,TORKKELINPUISTIKKO,Puisto,PUISTOLEHMUS,Tilia,x vulgaris,30 - 50 cm,,Helsinki/MAKA,2026-02-27,POINT (24.9551369039866 60.18528456582489)
Puurekisteri_piste.12879,12879,P-43013-8,,RITARITALONPUISTIKKO,Puisto,HOPEASALAVA,Salix,alba,20 - 30 cm,,Helsinki/MAKA,2026-02-27,POINT (24.956198276737766 60.1692931656045)
Puurekisteri_piste.12881,12881,P-33020-285,,TOKOINRANTA,Puisto,OMENAPUU,Malus,sp.,10 - 20 cm,,Helsinki/MAKA,2026-02-27,POINT (24.940254889688692 60.18028413575606)
Puurekisteri_piste.13880,13880,P-34010-29,,JOSAFATINKALLIOT,Puisto,RAUDUSKOIVU,Betula,pendula,20 - 30 cm,,Helsinki/MAKA,2026-02-27,POINT (24.945723362860473 60.18659624187198)
Puurekisteri_piste.32963,32963,K-45280,PIHLAJAMÄENTIE,,Katu,RUOTSINPIHLAJA,Sorbus,intermedia,10 - 20 cm,,Helsinki/MAKA,2026-02-27,POINT (25.01099662971038 60.2318432930891)
Puurekisteri_piste.32964,32964,K-46142,KIRKONKYLÄNTIE,,Katu,POPPELI/HAAPA,Populus,sp.,30 - 50 cm,,Helsinki/MAKA,2026-02-27,POINT (25.002444264335036 60.25440675319653)
Puurekisteri_piste.32965,32965,K-46143,KIRKONKYLÄNTIE,,Katu,POPPELI/HAAPA,Populus,sp.,50 - 70 cm,,Helsinki/MAKA,2026-02-27,POINT (25.00239312562007 60.25446736743832)
Puurekisteri_piste.32970,32970,K-46148,KIRKONKYLÄNTIE,,Katu,POPPELI/HAAPA,Populus,sp.,30 - 50 cm,,Helsinki/MAKA,2026-02-27,POINT (25.001465738544816 60.25541392336903)
Puurekisteri_piste.32971,32971,K-46149,KIRKONKYLÄNTIE,,Katu,POPPELI/HAAPA,Populus,sp.,30 - 50 cm,,Helsinki/MAKA,2026-02-27,POINT (25.001287417542642 60.255534209966825)
Puurekisteri_piste.32972,32972,K-46150,KIRKONKYLÄNTIE,,Katu,POPPELI/HAAPA,Populus,sp.,50 - 70 cm,,Helsinki/MAKA,2026-02-27,POINT (25.001202838482936 60.255584791786404)
Puurekisteri_piste.32974,32974,K-46152,KIRKONKYLÄNTIE,,Katu,POPPELI/HAAPA,Populus,sp.,30 - 50 cm,,Helsinki/MAKA,2026-02-27,POINT (25.001050646056182 60.25568172664025)
Puurekisteri_piste.32975,32975,K-46153,KIRKONKYLÄNTIE,,Katu,POPPELI/HAAPA,Populus,sp.,30 - 50 cm,,Helsinki/MAKA,2026-02-27,POINT (25.00094614609341 60.255710420819625)
Puurekisteri_piste.32976,32976,K-46154,KIRKONKYLÄNTIE,,Katu,POPPELI/HAAPA,Populus,sp.,30 - 50 cm,,Helsinki/MAKA,2026-02-27,POINT (25.000862997291737 60.25575543691311)
Puurekisteri_piste.32978,32978,K-46156,KIRKONKYLÄNTIE,,Katu,POPPELI/HAAPA,Populus,sp.,30 - 50 cm,,Helsinki/MAKA,2026-02-27,POINT (25.000718335911763 60.255830826309094)
Puurekisteri_piste.32979,32979,K-46157,KIRKONKYLÄNTIE,,Katu,POPPELI/HAAPA,Populus,sp.,30 - 50 cm,,Helsinki/MAKA,2026-02-27,POINT (25.00062686023076 60.25586830809991)
Puurekisteri_piste.32980,32980,K-45281,PIHLAJAMÄENTIE,,Katu,RUOTSINPIHLAJA,Sorbus,intermedia,10 - 20 cm,,Helsinki/MAKA,2026-02-27,POINT (25.011022295472227 60.23185727701197)
Puurekisteri_piste.32981,32981,K-45282,PIHLAJAMÄENTIE,,Katu,RUOTSINPIHLAJA,Sorbus,intermedia,10 - 20 cm,,Helsinki/MAKA,2026-02-27,POINT (25.011060266594992 60.23188327938492)
Puurekisteri_piste.32982,32982,K-45283,PIHLAJAMÄENTIE,,Katu,RUOTSINPIHLAJA,Sorbus,intermedia,10 - 20 cm,,Helsinki/MAKA,2026-02-27,POINT (25.011117575682206 60.23191914134988)
Puurekisteri_piste.32983,32983,K-45284,PIHLAJAMÄENTIE,,Katu,RUOTSINPIHLAJA,Sorbus,intermedia,10 - 20 cm,,Helsinki/MAKA,2026-02-27,POINT (25.011160229607594 60.231941640158205)
Puurekisteri_piste.32984,32984,K-45285,PIHLAJAMÄENTIE,,Katu,RUOTSINPIHLAJA,Sorbus,intermedia,10 - 20 cm,,Helsinki/MAKA,2026-02-27,POINT (25.011233811807887 60.23198844078008)
Puurekisteri_piste.32985,32985,K-45286,PIHLAJAMÄENTIE,,Katu,RUOTSINPIHLAJA,Sorbus,intermedia,10 - 20 cm,,Helsinki/MAKA,2026-02-27,POINT (25.011260935201584 60.23200736005326)
Puurekisteri_piste.12435,12435,P-33045-491,,SIBELIUKSEN PUISTO (A),Puisto,METSÄVAAHTERA,Acer,platanoides,20 - 30 cm,,Helsinki/MAKA,2026-02-27,POINT (24.913262440580922 60.18154250686674)
Puurekisteri_piste.12436,12436,P-33045-492,,SIBELIUKSEN PUISTO (A),Puisto,TUOMI,Prunus,padus,10 - 20 cm,,Helsinki/MAKA,2026-02-27,POINT (24.913171843797333 60.18155655650931)
Puurekisteri_piste.12437,12437,P-33045-493,,SIBELIUKSEN PUISTO (A),Puisto,LEHTIKUUSI,Larix,sp.,30 - 50 cm,,Helsinki/MAKA,2026-02-27,POINT (24.913048472445208 60.18158403545433)
Puurekisteri_piste.32962,32962,K-45279,PIHLAJAMÄENTIE,,Katu,RUOTSINPIHLAJA,Sorbus,intermedia,10 - 20 cm,,Helsinki/MAKA,2026-02-27,POINT (25.010966068199586 60.23182096551124)
Puurekisteri_piste.34143,34143,K-45313,PIHLAJAMÄENTIE,,Katu,KARTIOHAAPA,Populus,tremula,10 - 20 cm,,Helsinki/MAKA,2026-02-27,POINT (25.019757197665538 60.23495531235861)
Puurekisteri_piste.34146,34146,K-45316,PIHLAJAMÄENTIE,,Katu,KARTIOHAAPA,Populus,tremula,10 - 20 cm,,Helsinki/MAKA,2026-02-27,POINT (25.017996444269613 60.23468996075141)
Puurekisteri_piste.34147,34147,K-45317,PIHLAJAMÄENTIE,,Katu,KARTIOHAAPA,Populus,tremula,10 - 20 cm,,Helsinki/MAKA,2026-02-27,POINT (25.017911759804882 60.23467817550852)
Puurekisteri_piste.34148,34148,K-45318,PIHLAJAMÄENTIE,,Katu,KARTIOHAAPA,Populus,tremula,10 - 20 cm,,Helsinki/MAKA,2026-02-27,POINT (25.0178247266638 60.23466558415462)
Puurekisteri_piste.34149,34149,K-45319,PIHLAJAMÄENTIE,,Katu,KARTIOHAAPA,Populus,tremula,10 - 20 cm,,Helsinki/MAKA,2026-02-27,POINT (25.017740210885236 60.2346497598091)
Puurekisteri_piste.34150,34150,K-45320,PIHLAJAMÄENTIE,,Katu,KARTIOHAAPA,Populus,tremula,0 - 10 cm,,Helsinki/MAKA,2026-02-27,POINT (25.01765497587279 60.23463483347127)
Puurekisteri_piste.34151,34151,K-45321,PIHLAJAMÄENTIE,,Katu,KARTIOHAAPA,Populus,tremula,10 - 20 cm,,Helsinki/MAKA,2026-02-27,POINT (25.017567220999506 60.23462224247526)
Puurekisteri_piste.34152,34152,K-45322,PIHLAJAMÄENTIE,,Katu,KARTIOHAAPA,Populus,tremula,20 - 30 cm,,Helsinki/MAKA,2026-02-27,POINT (25.01556033971425 60.234177084266385)
Puurekisteri_piste.34155,34155,K-45325,PIHLAJAMÄENTIE,,Katu,RUOTSINPIHLAJA,Sorbus,intermedia,10 - 20 cm,,Helsinki/MAKA,2026-02-27,POINT (25.010525126076743 60.231804481138184)
Puurekisteri_piste.34156,34156,K-45326,PIHLAJAMÄENTIE,,Katu,RUOTSINPIHLAJA,Sorbus,intermedia,10 - 20 cm,,Helsinki/MAKA,2026-02-27,POINT (25.010481535511502 60.231769237905496)
Puurekisteri_piste.34157,34157,K-45738,MALMIN KAUPPATIE,,Katu,PUISTOLEHMUS,Tilia,x vulgaris,10 - 20 cm,,Helsinki/MAKA,2026-02-27,POINT (25.003900580780144 60.248135754847844)
Puurekisteri_piste.34158,34158,K-45739,MALMIN KAUPPATIE,,Katu,PUISTOLEHMUS,Tilia,x vulgaris,10 - 20 cm,,Helsinki/MAKA,2026-02-27,POINT (25.003987005054732 60.2481810255503)
Puurekisteri_piste.33942,33942,K-45196,TALONPOJANTIE,,Katu,METSÄVAAHTERA,Acer,platanoides,0 - 10 cm,,Helsinki/MAKA,2026-02-27,POINT (25.023399036480797 60.23042470600806)
Puurekisteri_piste.33943,33943,K-45197,TALONPOJANTIE,,Katu,METSÄVAAHTERA,Acer,platanoides,0 - 10 cm,,Helsinki/MAKA,2026-02-27,POINT (25.023336146387656 60.23045428328659)
Puurekisteri_piste.33944,33944,K-45198,TALONPOJANTIE,,Katu,METSÄVAAHTERA,Acer,platanoides,10 - 20 cm,,Helsinki/MAKA,2026-02-27,POINT (25.023287848944275 60.23047586127417)
Puurekisteri_piste.33945,33945,K-45199,TALONPOJANTIE,,Katu,METSÄVAAHTERA,Acer,platanoides,10 - 20 cm,,Helsinki/MAKA,2026-02-27,POINT (25.02324136366436 60.230499861151024)
Puurekisteri_piste.33946,33946,K-45200,TALONPOJANTIE,,Katu,METSÄVAAHTERA,Acer,platanoides,10 - 20 cm,,Helsinki/MAKA,2026-02-27,POINT (25.023052705345748 60.23059281104192)
Puurekisteri_piste.33947,33947,K-45201,TALONPOJANTIE,,Katu,METSÄVAAHTERA,Acer,platanoides,10 - 20 cm,,Helsinki/MAKA,2026-02-27,POINT (25.023008928140875 60.230617257518716)
Puurekisteri_piste.33948,33948,K-45202,TALONPOJANTIE,,Katu,METSÄVAAHTERA,Acer,platanoides,10 - 20 cm,,Helsinki/MAKA,2026-02-27,POINT (25.022980296343764 60.230637294423786)
Puurekisteri_piste.33949,33949,K-45203,TALONPOJANTIE,,Katu,METSÄVAAHTERA,Acer,platanoides,10 - 20 cm,,Helsinki/MAKA,2026-02-27,POINT (25.02285694970337 60.230725077749966)
Puurekisteri_piste.33950,33950,K-45204,TALONPOJANTIE,,Katu,METSÄVAAHTERA,Acer,platanoides,10 - 20 cm,,Helsinki/MAKA,2026-02-27,POINT (25.022824372027813 60.23075301589339)
Puurekisteri_piste.33951,33951,K-45205,TALONPOJANTIE,,Katu,METSÄVAAHTERA,Acer,platanoides,10 - 20 cm,,Helsinki/MAKA,2026-02-27,POINT (25.022795390251744 60.23077664313116)
Puurekisteri_piste.33952,33952,K-34163,KOSKELANTIE,,Katu,PUISTOLEHMUS,Tilia,x vulgaris,50 - 70 cm,,Helsinki/MAKA,2026-02-27,POINT (24.95406652023363 60.211755564591776)
Puurekisteri_piste.33954,33954,K-46033,VANHA PORVOONTIE,,Katu,KOTIPIHLAJA,Sorbus,aucuparia,10 - 20 cm,,Helsinki/MAKA,2026-02-27,POINT (25.07047879569937 60.2642950260876)
Puurekisteri_piste.33955,33955,K-46034,VANHA PORVOONTIE,,Katu,KOTIPIHLAJA,Sorbus,aucuparia,0 - 10 cm,,Helsinki/MAKA,2026-02-27,POINT (25.071063950259234 60.2650083437309)
Puurekisteri_piste.33956,33956,K-46035,VANHA PORVOONTIE,,Katu,KOTIPIHLAJA,Sorbus,aucuparia,0 - 10 cm,,Helsinki/MAKA,2026-02-27,POINT (25.071076203477592 60.26523773653956)
Puurekisteri_piste.33958,33958,K-46037,VANHA PORVOONTIE,,Katu,RUOTSINPIHLAJA,Sorbus,intermedia,0 - 10 cm,,Helsinki/MAKA,2026-02-27,POINT (25.072003337293737 60.26860266014724)
Puurekisteri_piste.33959,33959,K-46038,VANHA PORVOONTIE,,Katu,RUOTSINPIHLAJA,Sorbus,intermedia,0 - 10 cm,,Helsinki/MAKA,2026-02-27,POINT (25.072048067792938 60.26866417917089)
Puurekisteri_piste.33961,33961,K-46040,VANHA PORVOONTIE,,Katu,RUOTSINPIHLAJA,Sorbus,intermedia,0 - 10 cm,,Helsinki/MAKA,2026-02-27,POINT (25.072147860231325 60.268794206061834)
Puurekisteri_piste.33962,33962,K-46041,VANHA PORVOONTIE,,Katu,RUOTSINPIHLAJA,Sorbus,intermedia,0 - 10 cm,,Helsinki/MAKA,2026-02-27,POINT (25.072190428538796 60.2688568942748)
Puurekisteri_piste.33963,33963,K-46042,VANHA PORVOONTIE,,Katu,RUOTSINPIHLAJA,Sorbus,intermedia,0 - 10 cm,,Helsinki/MAKA,2026-02-27,POINT (25.07223859758517 60.26891948633581)
Puurekisteri_piste.33965,33965,K-46044,VANHA PORVOONTIE,,Katu,RUOTSINPIHLAJA,Sorbus,intermedia,0 - 10 cm,,Helsinki/MAKA,2026-02-27,POINT (25.07233493749282 60.26904493966206)
Puurekisteri_piste.33966,33966,K-46045,VANHA PORVOONTIE,,Katu,RUOTSINPIHLAJA,Sorbus,intermedia,0 - 10 cm,,Helsinki/MAKA,2026-02-27,POINT (25.07237842567496 60.26911103734488)
Puurekisteri_piste.33967,33967,K-46046,VANHA PORVOONTIE,,Katu,RUOTSINPIHLAJA,Sorbus,intermedia,0 - 10 cm,,Helsinki/MAKA,2026-02-27,POINT (25.07242605424192 60.26917380945954)
Puurekisteri_piste.33968,33968,K-46047,VANHA PORVOONTIE,,Katu,RUOTSINPIHLAJA,Sorbus,intermedia,0 - 10 cm,,Helsinki/MAKA,2026-02-27,POINT (25.0724740497704 60.26923774791283)
Puurekisteri_piste.33971,33971,K-34009,KOSKELANTIE,,Katu,PUISTOLEHMUS,Tilia,x vulgaris,50 - 70 cm,,Helsinki/MAKA,2026-02-27,POINT (24.947967783437722 60.209232127135614)
Puurekisteri_piste.34740,34740,K-48937,PELIMANNINTIE,,Katu,MAKEDONIANMÄNTY,Pinus,peuce,20 - 30 cm,,Helsinki/MAKA,2026-02-27,POINT (24.873713515339883 60.23559451764081)
Puurekisteri_piste.34741,34741,K-48938,PELIMANNINTIE,,Katu,MAKEDONIANMÄNTY,Pinus,peuce,30 - 50 cm,,Helsinki/MAKA,2026-02-27,POINT (24.874027821968475 60.23567486702127)
Puurekisteri_piste.34742,34742,K-48939,PELIMANNINTIE,,Katu,MAKEDONIANMÄNTY,Pinus,peuce,30 - 50 cm,,Helsinki/MAKA,2026-02-27,POINT (24.874141493168697 60.23570335839574)
Puurekisteri_piste.34744,34744,K-48941,PELIMANNINTIE,,Katu,MAKEDONIANMÄNTY,Pinus,peuce,30 - 50 cm,,Helsinki/MAKA,2026-02-27,POINT (24.87436124802114 60.235765543848444)
Puurekisteri_piste.33975,33975,K-47587,MAATULLINAUKIO,,Katu,LEHTIKUUSI,Larix,sp.,20 - 30 cm,,Helsinki/MAKA,2026-02-27,POINT (25.033929715888267 60.27522120239675)
Puurekisteri_piste.33976,33976,K-47588,MAATULLINAUKIO,,Katu,LEHTIKUUSI,Larix,sp.,20 - 30 cm,,Helsinki/MAKA,2026-02-27,POINT (25.034010471232218 60.275214491875055)
Puurekisteri_piste.33977,33977,K-47589,MAATULLINAUKIO,,Katu,LEHTIKUUSI,Larix,sp.,20 - 30 cm,,Helsinki/MAKA,2026-02-27,POINT (25.034072380630207 60.27519280881205)
Puurekisteri_piste.33978,33978,K-47590,MAATULLINAUKIO,,Katu,LEHTIKUUSI,Larix,sp.,20 - 30 cm,,Helsinki/MAKA,2026-02-27,POINT (25.034150225220774 60.27518053607256)
Puurekisteri_piste.33979,33979,K-47591,MAATULLINAUKIO,,Katu,LEHTIKUUSI,Larix,sp.,20 - 30 cm,,Helsinki/MAKA,2026-02-27,POINT (25.034228436150972 60.27516969899799)
Puurekisteri_piste.33981,33981,K-47593,PALOVARTIJANTIE,,Katu,PUISTOLEHMUS,Tilia,x vulgaris,20 - 30 cm,,Helsinki/MAKA,2026-02-27,POINT (25.0335331458654 60.275930670394075)
Puurekisteri_piste.33028,33028,K-45178,NORKKOKUJA,,Katu,LEPPÄ,Alnus,sp.,10 - 20 cm,,Helsinki/MAKA,2026-02-27,POINT (25.02807805741801 60.226754606166594)
Puurekisteri_piste.33029,33029,K-45179,NUPPUKUJA,,Katu,KARTIOHAAPA,Populus,tremula,0 - 10 cm,,Helsinki/MAKA,2026-02-27,POINT (25.030469132336115 60.22664297106492)
Puurekisteri_piste.33030,33030,K-45180,NUPPUKUJA,,Katu,KARTIOHAAPA,Populus,tremula,0 - 10 cm,,Helsinki/MAKA,2026-02-27,POINT (25.03046279636622 60.22658293179229)
Puurekisteri_piste.33032,33032,K-45182,NUPPUKUJA,,Katu,KARTIOHAAPA,Populus,tremula,0 - 10 cm,,Helsinki/MAKA,2026-02-27,POINT (25.03036694252401 60.22630172625807)
Puurekisteri_piste.33033,33033,K-45183,NUPPUKUJA,,Katu,KARTIOHAAPA,Populus,tremula,0 - 10 cm,,Helsinki/MAKA,2026-02-27,POINT (25.03034767343496 60.226259199431276)
Puurekisteri_piste.33034,33034,K-45184,NUPPUKUJA,,Katu,KARTIOHAAPA,Populus,tremula,0 - 10 cm,,Helsinki/MAKA,2026-02-27,POINT (25.030328323281015 60.226084377250835)
Puurekisteri_piste.33041,33041,K-37680,SILTASAARENKÄRKI,,Katu,RUOTSINPIHLAJA,Sorbus,intermedia,30 - 50 cm,,Helsinki/MAKA,2026-02-27,POINT (24.944791529966196 60.17794189396503)
Puurekisteri_piste.33042,33042,K-37682,SILTASAARENKÄRKI,,Katu,TERVALEPPÄ,Alnus,glutinosa,30 - 50 cm,,Helsinki/MAKA,2026-02-27,POINT (24.944783278484355 60.177991798242935)
Puurekisteri_piste.33043,33043,K-45505,SÄTERINTIE,,Katu,PUISTOLEHMUS,Tilia,x vulgaris,20 - 30 cm,,Helsinki/MAKA,2026-02-27,POINT (24.988498449552505 60.243730679442606)
Puurekisteri_piste.33045,33045,K-45507,SÄTERINTIE,,Katu,PUISTOLEHMUS,Tilia,x vulgaris,20 - 30 cm,,Helsinki/MAKA,2026-02-27,POINT (24.988387584566873 60.24381133366525)
Puurekisteri_piste.33046,33046,K-45508,SÄTERINTIE,,Katu,PUISTOLEHMUS,Tilia,x vulgaris,10 - 20 cm,,Helsinki/MAKA,2026-02-27,POINT (24.988323028697334 60.243848793315216)
Puurekisteri_piste.33048,33048,K-45510,SÄTERINTIE,,Katu,PUISTOLEHMUS,Tilia,x vulgaris,20 - 30 cm,,Helsinki/MAKA,2026-02-27,POINT (24.988107755940202 60.24399062182346)
Puurekisteri_piste.33049,33049,K-45511,SÄTERINTIE,,Katu,PUISTOLEHMUS,Tilia,x vulgaris,20 - 30 cm,,Helsinki/MAKA,2026-02-27,POINT (24.98804230757317 60.2440333771808)
Puurekisteri_piste.33051,33051,K-45513,SÄTERINTIE,,Katu,PUISTOLEHMUS,Tilia,x vulgaris,20 - 30 cm,,Helsinki/MAKA,2026-02-27,POINT (24.987909594063538 60.24411359332321)
Puurekisteri_piste.33052,33052,K-45514,SÄTERINTIE,,Katu,PUISTOLEHMUS,Tilia,x vulgaris,20 - 30 cm,,Helsinki/MAKA,2026-02-27,POINT (24.987849017244923 60.244155089581795)
Puurekisteri_piste.34516,34516,K-50276,METSÄPURONTIE,,Katu,KOTIPIHLAJA,Sorbus,aucuparia,10 - 20 cm,,Helsinki/MAKA,2026-02-27,POINT (24.921410950947443 60.23048405142066)
Puurekisteri_piste.12072,12072,P-53003-459,,TULLISAAREN KARTANO,Puisto,TERVALEPPÄ,Alnus,glutinosa,20 - 30 cm,,Helsinki/MAKA,2026-02-27,POINT (25.027809921412594 60.17841722743706)
Puurekisteri_piste.12074,12074,K-1728,MÄKELÄNKATU,,Katu,PUISTOLEHMUS,Tilia,x vulgaris,30 - 50 cm,,Helsinki/MAKA,2026-02-27,POINT (24.957894552816768 60.19411370898191)
Puurekisteri_piste.12075,12075,P-34019-77,,ALPPIPUISTO (ETELÄ),Puisto,OMENAPUU,Malus,sp.,20 - 30 cm,,Helsinki/MAKA,2026-02-27,POINT (24.941746083435632 60.18668023189321)
Puurekisteri_piste.12076,12076,P-34019-78,,ALPPIPUISTO (ETELÄ),Puisto,METSÄVAAHTERA,Acer,platanoides,30 - 50 cm,,Helsinki/MAKA,2026-02-27,POINT (24.941608834733742 60.18670332383203)
Puurekisteri_piste.12077,12077,P-34019-79,,ALPPIPUISTO (ETELÄ),Puisto,OMENAPUU,Malus,sp.,20 - 30 cm,,Helsinki/MAKA,2026-02-27,POINT (24.941544353093228 60.18672805202946)
Puurekisteri_piste.12079,12079,P-34019-81,,ALPPIPUISTO (ETELÄ),Puisto,RAUDUSKOIVU,Betula,pendula,10 - 20 cm,,Helsinki/MAKA,2026-02-27,POINT (24.941428791460314 60.18678656857998)
Puurekisteri_piste.12080,12080,P-34019-82,,ALPPIPUISTO (ETELÄ),Puisto,RAUDUSKOIVU,Betula,pendula,50 - 70 cm,,Helsinki/MAKA,2026-02-27,POINT (24.94126022776356 60.18672068119088)
Puurekisteri_piste.12081,12081,P-53003-315,,TULLISAAREN KARTANO,Puisto,METSÄVAAHTERA,Acer,platanoides,30 - 50 cm,,Helsinki/MAKA,2026-02-27,POINT (25.030989809023428 60.17906821933942)
Puurekisteri_piste.13017,13017,P-53004-424,,STANSVIKINKARTANO,Puisto,METSÄVAAHTERA,Acer,platanoides,30 - 50 cm,,Helsinki/MAKA,2026-02-27,POINT (25.02996018247374 60.16375326629149)
Puurekisteri_piste.13018,13018,P-53004-425,,STANSVIKINKARTANO,Puisto,METSÄVAAHTERA,Acer,platanoides,30 - 50 cm,,Helsinki/MAKA,2026-02-27,POINT (25.03004674964366 60.163763056042015)
Puurekisteri_piste.13019,13019,P-53004-426,,STANSVIKINKARTANO,Puisto,METSÄVAAHTERA,Acer,platanoides,30 - 50 cm,,Helsinki/MAKA,2026-02-27,POINT (25.030187246813046 60.16373085934397)
Puurekisteri_piste.13020,13020,K-9318,POHJOLANKATU,,Katu,PUISTOLEHMUS,Tilia,x vulgaris,50 - 70 cm,,Helsinki/MAKA,2026-02-27,POINT (24.945176001752202 60.21409359142013)
Puurekisteri_piste.13022,13022,K-9374,POHJOLANKATU,,Katu,PUISTOLEHMUS,Tilia,x vulgaris,30 - 50 cm,,Helsinki/MAKA,2026-02-27,POINT (24.949317362743102 60.21524985220886)
Puurekisteri_piste.13023,13023,K-9288,TURSONTIE,,Katu,RAUDUSKOIVU,Betula,pendula,30 - 50 cm,,Helsinki/MAKA,2026-02-27,POINT (24.941608116298134 60.213453728375974)
Puurekisteri_piste.13024,13024,K-9302,POHJOLANKATU,,Katu,PUISTOLEHMUS,Tilia,x vulgaris,30 - 50 cm,,Helsinki/MAKA,2026-02-27,POINT (24.944397938458184 60.21370402688735)
Puurekisteri_piste.13025,13025,K-9326,POHJOLANKATU,,Katu,PUISTOLEHMUS,Tilia,x vulgaris,50 - 70 cm,,Helsinki/MAKA,2026-02-27,POINT (24.94642422163394 60.214346008425714)
Puurekisteri_piste.32952,32952,K-45162,NORKKOKUJA,,Katu,LEPPÄ,Alnus,sp.,10 - 20 cm,,Helsinki/MAKA,2026-02-27,POINT (25.028030884623327 60.22645540902237)
Puurekisteri_piste.32953,32953,K-45163,NORKKOKUJA,,Katu,LEPPÄ,Alnus,sp.,10 - 20 cm,,Helsinki/MAKA,2026-02-27,POINT (25.027955502948853 60.226248051625774)
Puurekisteri_piste.33989,33989,K-45418,VERSOKUJA,,Katu,PILARITERVALEPPÄ,Alnus,glutinosa,10 - 20 cm,,Helsinki/MAKA,2026-02-27,POINT (25.032585287290576 60.22587085572456)
Puurekisteri_piste.18253,18253,P-34020-350,,ALPPIPUISTO,Puisto,PUISTOLEHMUS,Tilia,x vulgaris,30 - 50 cm,,Helsinki/MAKA,2026-02-27,POINT (24.93595787015424 60.19062824178762)
Puurekisteri_piste.18254,18254,P-34042-8,,VAUHTIPUISTO,Puisto,RAUDUSKOIVU,Betula,pendula,50 - 70 cm,,Helsinki/MAKA,2026-02-27,POINT (24.934490866221275 60.18750398952558)
Puurekisteri_piste.18255,18255,P-34042-9,,VAUHTIPUISTO,Puisto,HIESKOIVU,Betula,pubescens,20 - 30 cm,,Helsinki/MAKA,2026-02-27,POINT (24.934506088822694 60.18747159496253)
Puurekisteri_piste.18256,18256,P-34042-10,,VAUHTIPUISTO,Puisto,RAUDUSKOIVU,Betula,pendula,50 - 70 cm,,Helsinki/MAKA,2026-02-27,POINT (24.9344605485096 60.187437228745026)
Puurekisteri_piste.18258,18258,P-34042-115,,VAUHTIPUISTO,Puisto,LEHTOSAARNI,Fraxinus,excelsior,30 - 50 cm,,Helsinki/MAKA,2026-02-27,POINT (24.93544123434822 60.18561549936351)
Puurekisteri_piste.18259,18259,P-34042-116,,VAUHTIPUISTO,Puisto,RAUDUSKOIVU,Betula,pendula,50 - 70 cm,,Helsinki/MAKA,2026-02-27,POINT (24.93544785375635 60.185669563101506)
Puurekisteri_piste.18260,18260,P-34042-117,,VAUHTIPUISTO,Puisto,METSÄVAAHTERA,Acer,platanoides,20 - 30 cm,,Helsinki/MAKA,2026-02-27,POINT (24.935210591287323 60.18565406157522)
Puurekisteri_piste.18261,18261,P-34042-118,,VAUHTIPUISTO,Puisto,SAARNIVAAHTERA,Acer,negundo,30 - 50 cm,,Helsinki/MAKA,2026-02-27,POINT (24.93484880333069 60.185710948984244)
Puurekisteri_piste.26475,26475,K-39373,KALKKIHIEKANTIE,,Katu,VUORIJALAVA,Ulmus,glabra,10 - 20 cm,,Helsinki/MAKA,2026-02-27,POINT (25.141787852425786 60.20048121558079)
Puurekisteri_piste.18262,18262,P-34042-119,,VAUHTIPUISTO,Puisto,SAARNIVAAHTERA,Acer,negundo,30 - 50 cm,,Helsinki/MAKA,2026-02-27,POINT (24.93491880424798 60.185716309176954)
Puurekisteri_piste.18263,18263,P-34042-120,,VAUHTIPUISTO,Puisto,METSÄTAMMI,Quercus,robur,50 - 70 cm,,Helsinki/MAKA,2026-02-27,POINT (24.935114553783947 60.1857378389055)
Puurekisteri_piste.19123,19123,P-54091-5,,PETTER WETTERIN PUISTO,Puisto,METSÄVAAHTERA,Acer,platanoides,10 - 20 cm,,Helsinki/MAKA,2026-02-27,POINT (25.033400420666364 60.1918080787487)
Puurekisteri_piste.19124,19124,P-54091-4,,PETTER WETTERIN PUISTO,Puisto,METSÄVAAHTERA,Acer,platanoides,10 - 20 cm,,Helsinki/MAKA,2026-02-27,POINT (25.033288329668494 60.19179422669553)
Puurekisteri_piste.19125,19125,P-54091-6,,PETTER WETTERIN PUISTO,Puisto,PUNAVAAHTERA,Acer,rubrum,10 - 20 cm,,Helsinki/MAKA,2026-02-27,POINT (25.033220244069643 60.191938086441205)
Puurekisteri_piste.19126,19126,P-54109-1,,SISSELENPUISTO,Puisto,RUOTSINPIHLAJA,Sorbus,intermedia,10 - 20 cm,,Helsinki/MAKA,2026-02-27,POINT (25.03708868345057 60.19114212867277)
Puurekisteri_piste.19128,19128,P-34020-352,,ALPPIPUISTO,Puisto,PUISTOLEHMUS,Tilia,x vulgaris,50 - 70 cm,,Helsinki/MAKA,2026-02-27,POINT (24.936184527289036 60.19067561737329)
Puurekisteri_piste.19129,19129,P-34020-353,,ALPPIPUISTO,Puisto,PUISTOLEHMUS,Tilia,x vulgaris,50 - 70 cm,,Helsinki/MAKA,2026-02-27,POINT (24.93621278105166 60.1906516875358)
Puurekisteri_piste.19130,19130,P-34020-354,,ALPPIPUISTO,Puisto,PUISTOLEHMUS,Tilia,x vulgaris,50 - 70 cm,,Helsinki/MAKA,2026-02-27,POINT (24.936248572350074 60.19062822594626)
Puurekisteri_piste.16020,16020,P-54037-341,,HERTTONIEMENKARTANO,Puisto,KUUSI,Picea,sp.,50 - 70 cm,,Helsinki/MAKA,2026-02-27,POINT (25.04257914979641 60.18893883422609)
Puurekisteri_piste.12380,12380,P-42001-146,,TÄHTITORNIN VUORI,Puisto,METSÄKUUSI,Picea,abies,50 - 70 cm,,Helsinki/MAKA,2026-02-27,POINT (24.950492825558918 60.16240974005203)
Puurekisteri_piste.12381,12381,P-42001-147,,TÄHTITORNIN VUORI,Puisto,METSÄTAMMI,Quercus,robur,20 - 30 cm,,Helsinki/MAKA,2026-02-27,POINT (24.95072068994052 60.1623141535976)
Puurekisteri_piste.12383,12383,K-2532,RATSASTIE,,Katu,HARMAALEPPÄ,Alnus,incana,30 - 50 cm,,Helsinki/MAKA,2026-02-27,POINT (24.904408624888532 60.19732508294195)
Puurekisteri_piste.12384,12384,P-54037-111,,HERTTONIEMENKARTANO,Puisto,PUISTOLEHMUS,Tilia,x vulgaris,10 - 20 cm,,Helsinki/MAKA,2026-02-27,POINT (25.04200484849992 60.189073867150874)
Puurekisteri_piste.12385,12385,P-54037-112,,HERTTONIEMENKARTANO,Puisto,PUISTOLEHMUS,Tilia,x vulgaris,10 - 20 cm,,Helsinki/MAKA,2026-02-27,POINT (25.04200610982264 60.1890142097446)
Puurekisteri_piste.33463,33463,K-46547,YLÄ-MALMIN TORI,,Katu,PUISTOLEHMUS,Tilia,x vulgaris,10 - 20 cm,,Helsinki/MAKA,2026-02-27,POINT (25.00949736639665 60.25228577391258)
Puurekisteri_piste.33465,33465,K-46549,YLÄ-MALMIN TORI,,Katu,PUISTOLEHMUS,Tilia,x vulgaris,10 - 20 cm,,Helsinki/MAKA,2026-02-27,POINT (25.009268917841332 60.25235000968153)
Puurekisteri_piste.33466,33466,K-46550,YLÄ-MALMIN TORI,,Katu,PUISTOLEHMUS,Tilia,x vulgaris,0 - 10 cm,,Helsinki/MAKA,2026-02-27,POINT (25.009153787383557 60.25238105099815)
Puurekisteri_piste.33467,33467,K-46551,YLÄ-MALMIN TORI,,Katu,PUISTOLEHMUS,Tilia,x vulgaris,10 - 20 cm,,Helsinki/MAKA,2026-02-27,POINT (25.009033248306707 60.25241550639301)
Puurekisteri_piste.33472,33472,K-47759,ITÄMERENKATU,,Katu,PUISTOLEHMUS,Tilia,x vulgaris,10 - 20 cm,,Helsinki/MAKA,2026-02-27,POINT (24.913132015524962 60.16339075776081)
Puurekisteri_piste.33473,33473,K-47760,ITÄMERENKATU,,Katu,PUISTOLEHMUS,Tilia,x vulgaris,10 - 20 cm,,Helsinki/MAKA,2026-02-27,POINT (24.91326906908783 60.163395522328756)
Puurekisteri_piste.33475,33475,K-47762,ITÄMERENKATU,,Katu,PUISTOLEHMUS,Tilia,x vulgaris,10 - 20 cm,,Helsinki/MAKA,2026-02-27,POINT (24.91357181188318 60.16340532180949)
Puurekisteri_piste.33476,33476,K-47763,ITÄMERENKATU,,Katu,PUISTOLEHMUS,Tilia,x vulgaris,10 - 20 cm,,Helsinki/MAKA,2026-02-27,POINT (24.91370868543075 60.16341035517667)
Puurekisteri_piste.33478,33478,K-35776,HAKANIEMENRANTA,,Katu,PUISTOLEHMUS,Tilia,x vulgaris,20 - 30 cm,,Helsinki/MAKA,2026-02-27,POINT (24.963257411893416 60.18030564534847)
Puurekisteri_piste.33479,33479,K-35778,HAKANIEMENRANTA,,Katu,PUISTOLEHMUS,Tilia,x vulgaris,20 - 30 cm,,Helsinki/MAKA,2026-02-27,POINT (24.963251353262965 60.18035797339559)
Puurekisteri_piste.33481,33481,K-35782,HAKANIEMENRANTA,,Katu,PUISTOLEHMUS,Tilia,x vulgaris,20 - 30 cm,,Helsinki/MAKA,2026-02-27,POINT (24.96299485457814 60.1804303967224)
Puurekisteri_piste.33482,33482,K-35784,HAKANIEMENRANTA,,Katu,PUISTOLEHMUS,Tilia,x vulgaris,20 - 30 cm,,Helsinki/MAKA,2026-02-27,POINT (24.96290114640874 60.18042369516992)
Puurekisteri_piste.33483,33483,K-35786,HAKANIEMENRANTA,,Katu,PUISTOLEHMUS,Tilia,x vulgaris,20 - 30 cm,,Helsinki/MAKA,2026-02-27,POINT (24.962798803162908 60.18042794618233)
Puurekisteri_piste.33484,33484,K-35789,HAKANIEMENRANTA,,Katu,PUISTOLEHMUS,Tilia,x vulgaris,20 - 30 cm,,Helsinki/MAKA,2026-02-27,POINT (24.962505438174947 60.18041744835246)
Puurekisteri_piste.33485,33485,K-35791,HAKANIEMENRANTA,,Katu,PUISTOLEHMUS,Tilia,x vulgaris,20 - 30 cm,,Helsinki/MAKA,2026-02-27,POINT (24.962754508355832 60.180312537684244)
